ticker,name,group,exchange,exchange_tier,index,dr,dr_count,dr_symbols,sector,industry,price,dollar_vol,mcap,stage,pct_from_52wh,last_bar,status
A,"Agilent Technologies, Inc.",US,NYSE,NYSE,SP500,N,0,,Industrials,Biotechnology: Laboratory Analytical Instruments,155.41,237000000.0,41927020544.0,5,-2.64,2026-08-19,active
AAL,"American Airlines Group, Inc.",US,NASDAQ,NASDAQ Global Select,SP400,N,0,,Consumer Discretionary,Air Freight/Delivery Services,13.86,901000000.0,9552226304.0,7,-26.2,2026-08-19,active
AAOI,"Applied Optoelectronics, Inc.",US,NASDAQ,NASDAQ Global,,Y,2,AAOI03 AAOI23,Technology,Semiconductors,122.19,1590000000.0,12709065728.0,6,-47.7,2026-08-19,active
AAON,"AAON, Inc.",US,NASDAQ,NASDAQ Global Select,SP400,N,0,,Industrials,Industrial Machinery/Components,80.99,115000000.0,7228710400.0,7,-46.1,2026-08-19,active
AAPL,Apple Inc.,US,NASDAQ,NASDAQ Global Select,SP500+NDX+DOW30,Y,4,AAPL01 AAPL03 AAPL19 AAPL80,Technology,Computer Manufacturing,316.83,16800000000.0,4464797286400.0,4,-8.05,2026-08-19,active
ABAT,American Battery Technology Company,US,NASDAQ,NASDAQ Capital Market,,N,0,,Basic Materials,Metal Mining,2.4,7330000.0,339671904.0,8,-79.1,2026-08-19,active
ABBV,AbbVie Inc.,US,NYSE,NYSE,SP500,Y,2,ABBV19 ABBV80,Health Care,Biotechnology: Pharmaceutical Preparations,265.97,1350000000.0,440825085952.0,5,-0.561,2026-08-19,active
ABCL,AbCellera Biologics Inc.,US,NASDAQ,NASDAQ Global Select,,N,0,,Health Care,Biotechnology: Pharmaceutical Preparations,12.01,89800000.0,3434048256.0,5,-1.15,2026-08-19,active
ABEO,Abeona Therapeutics Inc.,US,NASDAQ,NASDAQ Capital Market,,N,0,,Health Care,Biotechnology: Pharmaceutical Preparations,6.13,10600000.0,388706880.0,6,-19.9,2026-08-19,active
ABNB,"Airbnb, Inc.",US,NASDAQ,NASDAQ Global Select,SP500+NDX,Y,1,ABNB06,Consumer Discretionary,Diversified Commercial Services,186.39,881000000.0,111607660544.0,5,-1.49,2026-08-19,active
ABSI,Absci Corporation,US,NASDAQ,NASDAQ Global Select,,N,0,,Health Care,Biotechnology: Commercial Physical & Biological Resarch,9.99,22700000.0,1518784128.0,5,-17.1,2026-08-19,active
ABT,Abbott Laboratories,US,NYSE,NYSE,SP500,N,0,,Health Care,Biotechnology: Pharmaceutical Preparations,114.43,929000000.0,191916818432.0,2,-15.5,2026-08-19,active
ABTC,American Bitcoin Corp,US,NASDAQ,NASDAQ Capital Market,,N,0,,Technology,EDP Services,7.9,8640000.0,867356352.0,5,-45.6,2026-08-19,active
ABTS,Abits Group Inc.,US,NASDAQ,NASDAQ Capital Market,,N,0,,Technology,Computer Software: Programming Data Processing,1.29,334000.0,3938724.0,1,-88.1,2026-08-19,active
ABUS,Arbutus Biopharma Corporation,US,NASDAQ,NASDAQ Global Select,,N,0,,Health Care,Biotechnology: Pharmaceutical Preparations,4.98,6100000.0,931863360.0,5,-7.43,2026-08-19,active
ABVX,Abivax SA,US,NASDAQ,NASDAQ Global,,N,0,,Health Care,Biotechnology: Pharmaceutical Preparations,120.56,107000000.0,10377967616.0,6,-19.0,2026-08-19,active
ACAD,ACADIA Pharmaceuticals Inc.,US,NASDAQ,NASDAQ Global Select,SP600,N,0,,Health Care,Biotechnology: Pharmaceutical Preparations,30.21,50200000.0,5067505152.0,5,-2.42,2026-08-19,active
ACB,Aurora Cannabis Inc.,US,NASDAQ,NASDAQ Capital Market,,N,0,,Health Care,Medicinal Chemicals and Botanical Products,3.91,6250000.0,227947088.0,2,-41.3,2026-08-19,active
ACDC,ProFrac Holding Corp.,US,NASDAQ,NASDAQ Global Select,,N,0,,Energy,Oilfield Services/Equipment,4.7,9130000.0,927004928.0,8,-42.8,2026-08-19,active
ACGL,Arch Capital Group Ltd.,US,NASDAQ,NASDAQ Global Select,SP500,N,0,,Finance,Property-Casualty Insurers,98.53,178000000.0,33750974464.0,3,-7.99,2026-08-19,active
ACHC,"Acadia Healthcare Company, Inc.",US,NASDAQ,NASDAQ Global Select,SP600,N,0,,Health Care,Medical Specialities,27.36,78700000.0,2935451648.0,6,-23.6,2026-08-19,active
ACHV,"Achieve Life Sciences, Inc.",US,NASDAQ,NASDAQ Capital Market,,N,0,,Health Care,Biotechnology: In Vitro & In Vivo Diagnostic Substances,8.53,9200000.0,773826688.0,5,-0.929,2026-08-19,active
ACIC,American Coastal Insurance Corporation,US,NASDAQ,NASDAQ Capital Market,,N,0,,Finance,Property-Casualty Insurers,9.45,2970000.0,461350496.0,8,-23.2,2026-08-19,active
ACIW,"ACI Worldwide, Inc.",US,NASDAQ,NASDAQ Global Select,SP600,N,0,,Technology,Computer Software: Prepackaged Software,51.97,60200000.0,5262796800.0,6,-14.9,2026-08-19,active
ACLS,"Axcelis Technologies, Inc.",US,NASDAQ,NASDAQ Global Select,SP600,N,0,,Technology,Industrial Machinery/Components,126.43,53100000.0,4328040448.0,6,-34.8,2026-08-19,active
ACM,AECOM,US,NYSE,NYSE,SP400,N,0,,Consumer Discretionary,Military/Government/Technical,65.04,146000000.0,9303774208.0,8,-51.5,2026-08-19,active
ACMR,"ACM Research, Inc.",US,NASDAQ,NASDAQ Global,SP600,N,0,,Technology,Industrial Machinery/Components,77.59,83800000.0,5964757504.0,6,-39.0,2026-08-19,active
ACN,Accenture plc,US,NYSE,NYSE,SP500,N,0,,Consumer Discretionary,Business Services,183.17,1140000000.0,112089432064.0,1,-36.5,2026-08-19,active
ACNB,ACNB Corporation,US,NASDAQ,NASDAQ Capital Market,,N,0,,Finance,Major Banks,63.23,4370000.0,659926720.0,3,-4.11,2026-08-19,active
ACRS,"Aclaris Therapeutics, Inc.",US,NASDAQ,NASDAQ Global Select,,N,0,,Health Care,Biotechnology: Pharmaceutical Preparations,6.44,11300000.0,928089024.0,5,-1.15,2026-08-19,active
ACT,"Enact Holdings, Inc.",US,NASDAQ,NASDAQ Global Select,SP600,N,0,,Finance,Specialty Insurers,49.71,16800000.0,6879682560.0,5,-1.68,2026-08-19,active
ADAM,"Adamas Trust, Inc.",US,NASDAQ,NASDAQ Global Select,SP600,N,0,,Real Estate,Real Estate Investment Trusts,10.18,8690000.0,914976256.0,5,-1.74,2026-08-19,active
ADBE,Adobe Inc.,US,NASDAQ,NASDAQ Global Select,SP500+NDX,Y,2,ADBE03 ADBE06,Technology,Computer Software: Prepackaged Software,272.47,1300000000.0,108306825216.0,2,-26.5,2026-08-19,active
ADC,Agree Realty Corporation,US,NYSE,NYSE,SP400,N,0,,Real Estate,Real Estate Investment Trusts,74.39,98800000.0,9368240128.0,7,-9.05,2026-08-19,active
ADEA,Adeia Inc.,US,NASDAQ,NASDAQ Global Select,SP600,N,0,,Technology,Computer Software: Prepackaged Software,27.49,32200000.0,3122416128.0,6,-19.8,2026-08-19,active
ADI,"Analog Devices, Inc.",US,NASDAQ,NASDAQ Global Select,SP500+NDX,N,0,,Technology,Semiconductors,373.26,1490000000.0,189666836480.0,6,-16.3,2026-08-19,active
ADM,Archer-Daniels-Midland Company,US,NYSE,NYSE,SP500,N,0,,Consumer Staples,Packaged Foods,80.76,322000000.0,38629060608.0,5,-8.7,2026-08-19,active
ADMA,"ADMA Biologics, Inc.",US,NASDAQ,NASDAQ Global,SP600,N,0,,Health Care,Biotechnology: Biological Products (No Diagnostic Substances),10.05,22700000.0,2092016896.0,1,-50.9,2026-08-19,active
ADP,"Automatic Data Processing, Inc.",US,NASDAQ,NASDAQ Global Select,SP500+NDX,N,0,,Industrials,Diversified Commercial Services,277.22,653000000.0,106994769920.0,5,-8.11,2026-08-19,active
ADPT,Adaptive Biotechnologies Corporation,US,NASDAQ,NASDAQ Global Select,,N,0,,Health Care,Biotechnology: Biological Products (No Diagnostic Substances),25.49,61400000.0,3919673856.0,5,-2.56,2026-08-19,active
ADSK,"Autodesk, Inc.",US,NASDAQ,NASDAQ Global Select,SP500+NDX,N,0,,Technology,Computer Software: Prepackaged Software,251.29,481000000.0,53136814080.0,2,-23.6,2026-08-19,active
ADTN,"ADTRAN Holdings, Inc.",US,NASDAQ,NASDAQ Global Select,,N,0,,Utilities,Telecommunications Equipment,8.01,22300000.0,705221568.0,8,-59.9,2026-08-19,active
ADUR,Aduro Clean Technologies Inc.,US,NASDAQ,NASDAQ Capital Market,,N,0,,Industrials,Major Chemicals,15.39,6370000.0,573120192.0,4,-15.4,2026-08-19,active
ADUS,Addus HomeCare Corporation,US,NASDAQ,NASDAQ Global Select,SP600,N,0,,Health Care,Medical/Nursing Services,120.02,25000000.0,2167339264.0,5,-3.55,2026-08-19,active
ADV,Advantage Solutions Inc.,US,NASDAQ,NASDAQ Global Select,,N,0,,Consumer Discretionary,Business Services,34.11,3870000.0,434489760.0,6,-33.4,2026-08-19,active
AEBI,Aebi Schmidt Holding AG,US,NASDAQ,NASDAQ Global Select,,N,0,,Industrials,Auto Manufacturing,12.42,5240000.0,1016105280.0,6,-21.9,2026-08-19,active
AEE,Ameren Corporation,US,NYSE,NYSE,SP500,N,0,,Utilities,Power Generation,109.28,167000000.0,30253430784.0,6,-7.64,2026-08-19,active
AEHL,Antelope Enterprise Holdings Limited,US,NASDAQ,NASDAQ Capital Market,,N,0,,Industrials,Building Materials,5.67,5000000.0,5604563.0,1,-88.8,2026-08-19,active
AEHR,"Aehr Test Systems, Inc.",US,NASDAQ,NASDAQ Capital Market,,N,0,,Industrials,Electrical Products,107.96,266000000.0,4749863936.0,3,-26.8,2026-08-19,active
AEIS,"Advanced Energy Industries, Inc.",US,NASDAQ,NASDAQ Global Select,SP400,N,0,,Technology,Industrial Machinery/Components,294.31,218000000.0,13509814272.0,6,-25.9,2026-08-19,active
AEP,"American Electric Power Company, Inc.",US,NASDAQ,NASDAQ Global Select,SP500+NDX,N,0,,Utilities,Electric Utilities: Central,126.27,480000000.0,68256542720.0,6,-10.2,2026-08-19,active
AES,The AES Corporation,US,NYSE,NYSE,SP500,N,0,,Utilities,Electric Utilities: Central,14.7,94500000.0,10469154816.0,3,-15.7,2026-08-19,active
AEVA,"Aeva Technologies, Inc.",US,NASDAQ,NASDAQ Global Select,,N,0,,Consumer Discretionary,Auto Parts:O.E.M.,19.78,41500000.0,1465912192.0,6,-36.8,2026-08-19,active
AFL,AFLAC Incorporated,US,NYSE,NYSE,SP500,N,0,,Finance,Accident &Health Insurance,116.51,247000000.0,60652515328.0,6,-10.5,2026-08-19,active
AFRM,"Affirm Holdings, Inc.",US,NASDAQ,NASDAQ Global Select,,Y,1,AFRM03,Finance,Finance: Consumer Services,77.33,221000000.0,25646532608.0,5,-22.7,2026-08-19,active
AGEN,Agenus Inc.,US,NASDAQ,NASDAQ Capital Market,,N,0,,Health Care,Biotechnology: Biological Products (No Diagnostic Substances),8.26,12000000.0,371779904.0,5,-6.67,2026-08-19,active
AGIO,"Agios Pharmaceuticals, Inc.",US,NASDAQ,NASDAQ Global Select,,N,0,,Health Care,Biotechnology: Pharmaceutical Preparations,35.12,40100000.0,2096729984.0,3,-23.7,2026-08-19,active
AGNC,AGNC Investment Corp.,US,NASDAQ,NASDAQ Global Select,,N,0,,Real Estate,Real Estate Investment Trusts,11.08,202000000.0,12992876544.0,5,-2.16,2026-08-19,active
AGNT,"AGNT, Inc",US,NASDAQ,NASDAQ Global,SP600,N,0,,Finance,Real Estate,4.74,6470000.0,715264832.0,1,-60.5,2026-08-19,active
AGPU,Axe Compute Inc.,US,NASDAQ,NASDAQ Capital Market,,N,0,,Health Care,Industrial Specialties,10.9,5250000.0,95060248.0,5,-66.0,2026-08-19,active
AGX,"Argan, Inc.",US,NYSE,NYSE,SP600,N,0,,Consumer Discretionary,Engineering & Construction,528.01,167000000.0,8110274560.0,6,-34.5,2026-08-19,active
AGYS,"Agilysys, Inc.",US,NASDAQ,NASDAQ Global Select,SP600,N,0,,Technology,EDP Services,116.71,34400000.0,3140150528.0,5,-19.6,2026-08-19,active
AHCO,AdaptHealth Corp.,US,NASDAQ,NASDAQ Capital Market,SP600,N,0,,Health Care,Medical/Nursing Services,5.66,27300000.0,775107200.0,8,-57.9,2026-08-19,active
AHMA,Ambitions Enterprise Management Co. L.L.C,US,NASDAQ,NASDAQ Capital Market,,N,0,,Consumer Discretionary,Services-Misc. Amusement & Recreation,1.55,75600.0,46073748.0,8,-96.1,2026-08-19,active
AHR,"American Healthcare REIT, Inc.",US,NYSE,NYSE,SP400,N,0,,Real Estate,Real Estate Investment Trusts,55.2,159000000.0,11227088896.0,4,-5.96,2026-08-19,active
AIG,"American International Group, Inc. New",US,NYSE,NYSE,SP500,N,0,,Finance,Life Insurance,75.7,235000000.0,40074534912.0,7,-12.2,2026-08-19,active
AIIO,Robo.ai Inc.,US,NASDAQ,NASDAQ Capital Market,,N,0,,Industrials,Auto Manufacturing,2.83,1850000.0,493670528.0,8,-95.0,2026-08-19,active
AIOT,"PowerFleet, Inc.",US,NASDAQ,NASDAQ Global,,N,0,,Telecommunications,Telecommunications Equipment,3.05,7920000.0,386570656.0,8,-48.1,2026-08-19,active
AIP,"Arteris, Inc.",US,NASDAQ,NASDAQ Global,,N,0,,Technology,Semiconductors,24.83,19200000.0,1391987584.0,7,-50.6,2026-08-19,active
AIRJ,AirJoule Technologies Corporation,US,NASDAQ,NASDAQ Capital Market,,N,0,,Industrials,Industrial Machinery/Components,5.26,10700000.0,437299584.0,3,-22.1,2026-08-19,active
AIRO,"AIRO Group Holdings, Inc.",US,NASDAQ,NASDAQ Global,,N,0,,Industrials,Aerospace,8.59,5040000.0,267916896.0,1,-66.8,2026-08-19,active
AIRS,"AirSculpt Technologies, Inc.",US,NASDAQ,NASDAQ Global,,N,0,,Health Care,Medical/Nursing Services,2.81,3140000.0,234309424.0,7,-76.6,2026-08-19,active
AIXI,Xiao-I Corporation,US,NASDAQ,NASDAQ Global,,N,0,,Technology,Computer Software: Prepackaged Software,0.71,1530000.0,821440.0,8,-95.6,2026-08-19,active
AIZ,"Assurant, Inc.",US,NYSE,NYSE,SP500,N,0,,Finance,Property-Casualty Insurers,278.31,112000000.0,13928045568.0,3,-8.43,2026-08-19,active
AJG,Arthur J. Gallagher & Co.,US,NYSE,NYSE,SP500,N,0,,Finance,Specialty Insurers,257.45,335000000.0,65484869632.0,5,-17.1,2026-08-19,active
AKAM,"Akamai Technologies, Inc.",US,NASDAQ,NASDAQ Global Select,SP500,N,0,,Consumer Discretionary,Business Services,112.84,424000000.0,18006253568.0,6,-31.8,2026-08-19,active
AKAN,Akanda Corp.,US,NASDAQ,NASDAQ Capital Market,,N,0,,Health Care,Medicinal Chemicals and Botanical Products,4.06,10300000.0,2709613.0,8,-98.1,2026-08-19,active
AKBA,"Akebia Therapeutics, Inc.",US,NASDAQ,NASDAQ Capital Market,,N,0,,Health Care,Biotechnology: Pharmaceutical Preparations,0.8854,4530000.0,247511296.0,8,-73.3,2026-08-19,active
AKTS,"Aktis Oncology, Inc.",US,NASDAQ,NASDAQ Global Select,,N,0,,Health Care,Biotechnology: Pharmaceutical Preparations,25.02,5750000.0,1369222400.0,5,-26.8,2026-08-19,active
AKTX,"Akari Therapeutics, Plc",US,NASDAQ,NASDAQ Capital Market,,N,0,,Health Care,Biotechnology: Pharmaceutical Preparations,7.9,351000.0,12252870.0,8,-84.1,2026-08-19,active
ALAB,"Astera Labs, Inc.",US,NASDAQ,NASDAQ Global Select,NDX,Y,2,ALAB01 ALAB23,Technology,Semiconductors,289.02,1500000000.0,55794540544.0,6,-42.1,2026-08-19,active
ALB,Albemarle Corporation,US,NYSE,NYSE,SP500,N,0,,Industrials,Major Chemicals,134.28,280000000.0,16066387968.0,8,-39.1,2026-08-19,active
ALDX,"Aldeyra Therapeutics, Inc.",US,NASDAQ,NASDAQ Capital Market,,N,0,,Health Care,Biotechnology: Pharmaceutical Preparations,1.58,1380000.0,95315744.0,8,-74.4,2026-08-19,active
ALGM,"Allegro MicroSystems, Inc.",US,NASDAQ,NASDAQ Global Select,SP400,N,0,,Technology,Semiconductors,38.35,100000000.0,7342376448.0,7,-46.6,2026-08-19,active
ALGN,"Align Technology, Inc.",US,NASDAQ,NASDAQ Global Select,SP500,N,0,,Health Care,Industrial Specialties,163.04,164000000.0,12159181824.0,7,-18.7,2026-08-19,active
ALGT,Allegiant Travel Company,US,NASDAQ,NASDAQ Global Select,SP600,N,0,,Consumer Discretionary,Air Freight/Delivery Services,78.07,47800000.0,2308400128.0,7,-36.9,2026-08-19,active
ALHC,"Alignment Healthcare, Inc.",US,NASDAQ,NASDAQ Global Select,SP600,N,0,,Health Care,Medical Specialities,12.78,88500000.0,2744366848.0,8,-49.1,2026-08-19,active
ALKS,Alkermes plc,US,NASDAQ,NASDAQ Global Select,SP600,N,0,,Health Care,Biotechnology: Pharmaceutical Preparations,50.18,82400000.0,8295893504.0,4,-9.86,2026-08-19,active
ALKT,"Alkami Technology, Inc.",US,NASDAQ,NASDAQ Global Select,,N,0,,Technology,Computer Software: Prepackaged Software,20.02,25900000.0,2222254592.0,2,-25.5,2026-08-19,active
ALL,Allstate Corporation (The),US,NYSE,NYSE,SP500,N,0,,Finance,Property-Casualty Insurers,259.74,444000000.0,66099597312.0,3,-6.31,2026-08-19,active
ALLE,Allegion plc,US,NYSE,NYSE,SP500,N,0,,Consumer Discretionary,Diversified Commercial Services,162.76,217000000.0,14012360704.0,4,-10.4,2026-08-19,active
ALLO,"Allogene Therapeutics, Inc.",US,NASDAQ,NASDAQ Global Select,,N,0,,Health Care,Biotechnology: Biological Products (No Diagnostic Substances),2.23,11700000.0,707566848.0,5,-50.0,2026-08-19,active
ALLT,Allot Ltd.,US,NASDAQ,NASDAQ Global Select,,N,0,,Telecommunications,Computer Communications Equipment,7.69,2090000.0,376707872.0,8,-35.5,2026-08-19,active
ALM,Almonty Industries Inc.,US,NASDAQ,NASDAQ Capital Market,,N,0,,Basic Materials,Other Metals and Minerals,16.18,96100000.0,3776604160.0,3,-33.7,2026-08-19,active
ALMS,Alumis Inc.,US,NASDAQ,NASDAQ Global Select,,N,0,,Health Care,Biotechnology: Pharmaceutical Preparations,23.99,24300000.0,3112079360.0,6,-23.5,2026-08-19,active
ALMU,"Aeluma, Inc.",US,NASDAQ,NASDAQ Capital Market,,N,0,,Technology,Semiconductors,15.44,8030000.0,332974080.0,7,-51.4,2026-08-19,active
ALNT,Allient Inc.,US,NASDAQ,NASDAQ Global,,N,0,,Industrials,Electrical Products,101.81,28000000.0,1864177408.0,3,-14.2,2026-08-19,active
ALNY,"Alnylam Pharmaceuticals, Inc.",US,NASDAQ,NASDAQ Global Select,NDX,N,0,,Health Care,Biotechnology: Pharmaceutical Preparations,242.61,524000000.0,30595454976.0,8,-51.0,2026-08-19,active
ALOY,REalloys Inc.,US,NASDAQ,NASDAQ Capital Market,,N,0,,Technology,EDP Services,12.51,36500000.0,855617216.0,4,-53.5,2026-08-19,active
ALP,Alpha Compute Corp,US,NASDAQ,NASDAQ Capital Market,,N,0,,Energy,Oil & Gas Production,0.151,1530000.0,3996139.0,8,-98.9,2026-08-19,active
ALRM,"Alarm.com Holdings, Inc.",US,NASDAQ,NASDAQ Global Select,SP600,N,0,,Technology,Computer Software: Prepackaged Software,57.38,22100000.0,2727943936.0,5,-3.61,2026-08-19,active
ALRS,Alerus Financial Corporation,US,NASDAQ,NASDAQ Capital Market,,N,0,,Finance,Major Banks,32.68,7030000.0,813837824.0,3,-5.0,2026-08-19,active
ALT,"Altimmune, Inc.",US,NASDAQ,NASDAQ Global,,N,0,,Health Care,Biotechnology: Pharmaceutical Preparations,3.12,15900000.0,606895168.0,1,-51.6,2026-08-19,active
ALTO,"Alto Ingredients, Inc.",US,NASDAQ,NASDAQ Capital Market,,N,0,,Industrials,Major Chemicals,4.19,9400000.0,314927968.0,6,-31.4,2026-08-19,active
AM,Antero Midstream Corporation,US,NYSE,NYSE,SP400,N,0,,Utilities,Natural Gas Distribution,22.42,55200000.0,10703897600.0,5,-3.96,2026-08-19,active
AMAL,Amalgamated Financial Corp.,US,NASDAQ,NASDAQ Global,,N,0,,Finance,Major Banks,49.05,7680000.0,1500389376.0,3,-4.92,2026-08-19,active
AMAT,"Applied Materials, Inc.",US,NASDAQ,NASDAQ Global Select,SP500+NDX,Y,3,AMAT01 AMAT19 AMAT23,Technology,Semiconductors,496.17,4130000000.0,417312997376.0,6,-32.9,2026-08-19,active
AMBA,"Ambarella, Inc.",US,NASDAQ,NASDAQ Global Select,,N,0,,Technology,Semiconductors,74.59,143000000.0,3272127744.0,6,-22.9,2026-08-19,active
AMCR,Amcor plc,US,NYSE,NYSE,SP500,N,0,,Consumer Discretionary,Miscellaneous manufacturing industries,47.45,183000000.0,21443594240.0,5,-4.06,2026-08-19,active
AMCX,AMC Global Media Inc.,US,NASDAQ,NASDAQ Global Select,,N,0,,Telecommunications,Cable & Other Pay Television Services,12.12,9360000.0,488812192.0,5,-3.19,2026-08-19,active
AMD,"Advanced Micro Devices, Inc.",US,NASDAQ,NASDAQ Global Select,SP500+NDX,Y,3,AMD03 AMD23 AMD80,Technology,Semiconductors,466.42,13500000000.0,790754623488.0,6,-20.2,2026-08-19,active
AME,"AMETEK, Inc.",US,NYSE,NYSE,SP500,N,0,,Industrials,Industrial Machinery/Components,243.22,321000000.0,57313021952.0,3,-6.87,2026-08-19,active
AMG,"Affiliated Managers Group, Inc.",US,NYSE,NYSE,SP400,N,0,,Finance,Investment Managers,355.41,91900000.0,9387118592.0,3,-9.54,2026-08-19,active
AMGN,Amgen Inc.,US,NASDAQ,NASDAQ Global Select,SP500+NDX+DOW30,Y,1,AMGN06,Health Care,Biotechnology: Biological Products (No Diagnostic Substances),442.36,1120000000.0,225153368064.0,5,-0.187,2026-08-19,active
AMKR,"Amkor Technology, Inc.",US,NASDAQ,NASDAQ Global Select,SP400,Y,2,AMKR03 AMKR23,Technology,Semiconductors,50.89,333000000.0,13381650432.0,7,-47.4,2026-08-19,active
AMLX,"Amylyx Pharmaceuticals, Inc.",US,NASDAQ,NASDAQ Global Select,,N,0,,Health Care,Biotechnology: Pharmaceutical Preparations,38.6,96500000.0,2410080512.0,5,-1.18,2026-08-19,active
AMP,"Ameriprise Financial, Inc.",US,NYSE,NYSE,SP500,N,0,,Finance,Investment Managers,559.78,252000000.0,49610584064.0,4,-2.23,2026-08-19,active
AMPG,"AmpliTech Group, Inc.",US,NASDAQ,NASDAQ Capital Market,,N,0,,Telecommunications,Telecommunications Equipment,3.57,13200000.0,111162384.0,7,-64.7,2026-08-19,active
AMPH,"Amphastar Pharmaceuticals, Inc.",US,NASDAQ,NASDAQ Global Select,SP600,N,0,,Health Care,Biotechnology: Pharmaceutical Preparations,21.74,9760000.0,849908096.0,1,-30.5,2026-08-19,active
AMPL,"Amplitude, Inc.",US,NASDAQ,NASDAQ Capital Market,,N,0,,Technology,Computer Software: Prepackaged Software,12.83,25700000.0,1177658880.0,5,-5.52,2026-08-19,active
AMPX,"Amprius Technologies, Inc.",US,NYSE,NYSE,,Y,1,AMPX03,Industrials,Electrical Products,10.3,80500000.0,1505360881.6,,-57.5,2026-08-19,active
AMRX,"Amneal Pharmaceuticals, Inc.",US,NASDAQ,NASDAQ Global Select,SP600,N,0,,Health Care,Biotechnology: Pharmaceutical Preparations,18.11,34400000.0,6335504896.0,5,-5.97,2026-08-19,active
AMSC,American Superconductor Corporation,US,NASDAQ,NASDAQ Global Select,,N,0,,Consumer Discretionary,Metal Fabrications,31.16,24900000.0,1563712384.0,8,-55.8,2026-08-19,active
AMSF,"AMERISAFE, Inc.",US,NASDAQ,NASDAQ Global Select,SP600,N,0,,Finance,Property-Casualty Insurers,26.18,11600000.0,504180800.0,8,-41.3,2026-08-19,active
AMT,American Tower Corporation (REIT),US,NYSE,NYSE,SP500,N,0,,Real Estate,Real Estate Investment Trusts,174.49,497000000.0,81165582336.0,1,-15.6,2026-08-19,active
AMTX,"Aemetis, Inc.",US,NASDAQ,NASDAQ Global,,N,0,,Industrials,Major Chemicals,1.86,1470000.0,127740176.0,1,-51.1,2026-08-19,active
AMZN,"Amazon.com, Inc.",US,NASDAQ,NASDAQ Global Select,SP500+NDX+DOW30,Y,6,AMZN01 AMZN03 AMZN06 AMZN19 AMZN23 AMZN80,Consumer Discretionary,Catalog/Specialty Distribution,265.84,12600000000.0,2833025073152.0,5,-7.44,2026-08-19,active
ANAB,"AnaptysBio, Inc.",US,NASDAQ,NASDAQ Global Select,,N,0,,Health Care,Biotechnology: Pharmaceutical Preparations,59.26,23700000.0,1767330176.0,5,-18.1,2026-08-19,active
ANDE,"The Andersons, Inc.",US,NASDAQ,NASDAQ Global Select,SP600,N,0,,Industrials,Farming/Seeds/Milling,67.73,23500000.0,2213168384.0,6,-17.5,2026-08-19,active
ANET,"Arista Networks, Inc.",US,NYSE,NYSE,SP500,Y,2,ANET23 ANET80,Telecommunications,Computer Communications Equipment,186.45,1500000000.0,243643383808.0,3,-13.2,2026-08-19,active
ANGI,Angi Inc.,US,NASDAQ,NASDAQ Global Select,,N,0,,Consumer Discretionary,Advertising,4.8,4380000.0,195886688.0,8,-74.3,2026-08-19,active
ANGO,"AngioDynamics, Inc.",US,NASDAQ,NASDAQ Global Select,,N,0,,Health Care,Medical/Dental Instruments,16.07,7100000.0,655118336.0,5,-1.35,2026-08-19,active
ANIP,"ANI Pharmaceuticals, Inc.",US,NASDAQ,NASDAQ Global,SP600,N,0,,Health Care,Biotechnology: Pharmaceutical Preparations,78.02,28100000.0,1745746688.0,7,-21.6,2026-08-19,active
ANNX,"Annexon, Inc.",US,NASDAQ,NASDAQ Global Select,,N,0,,Health Care,Biotechnology: Pharmaceutical Preparations,5.5,13700000.0,861811840.0,3,-23.4,2026-08-19,active
ANY,Sphere 3D Corp.,US,NASDAQ,NASDAQ Capital Market,,N,0,,Finance,Finance: Consumer Services,2.02,1940000.0,16582635.0,8,-84.0,2026-08-19,active
AON,Aon plc,US,NYSE,NYSE,SP500,N,0,,Finance,Specialty Insurers,348.43,434000000.0,75480596480.0,6,-8.66,2026-08-19,active
AOS,A.O. Smith Corporation,US,NYSE,NYSE,SP500,N,0,,Consumer Discretionary,Consumer Electronics/Appliances,63.8,99600000.0,8482054144.0,1,-21.6,2026-08-19,active
AOSL,Alpha and Omega Semiconductor Limited,US,NASDAQ,NASDAQ Global Select,SP600,N,0,,Technology,Semiconductors,27.14,18800000.0,849401408.0,7,-50.1,2026-08-19,active
APA,APA Corporation,US,NASDAQ,NASDAQ Global Select,SP500,N,0,,Energy,Oil & Gas Production,43.45,228000000.0,15222773760.0,5,-4.2,2026-08-19,active
APC,ARKO Petroleum Corp.,US,NASDAQ,NASDAQ Capital Market,,N,0,,Energy,Oil Refining/Marketing,18.71,3100000.0,1551494528.0,7,-13.9,2026-08-19,active
APD,"Air Products and Chemicals, Inc.",US,NYSE,NYSE,SP500,N,0,,Basic Materials,Major Chemicals,303.22,293000000.0,66997166080.0,5,-3.7,2026-08-19,active
APEI,"American Public Education, Inc.",US,NASDAQ,NASDAQ Global Select,,N,0,,Real Estate,Other Consumer Services,44.75,15700000.0,810941440.0,7,-27.3,2026-08-19,active
APG,APi Group Corporation,US,NYSE,NYSE,SP400,N,0,,Consumer Discretionary,Engineering & Construction,42.51,118000000.0,19326208000.0,4,-15.0,2026-08-19,active
APGE,"Apogee Therapeutics, Inc.",US,NASDAQ,NASDAQ Global,,N,0,,Health Care,Biotechnology: Biological Products (No Diagnostic Substances),134.71,165000000.0,10183785472.0,5,-0.126,2026-08-19,active
APH,Amphenol Corporation,US,NYSE,NYSE,SP500,N,0,,Technology,Electrical Products,156.04,1090000000.0,210679873536.0,6,-12.6,2026-08-19,active
APLD,Applied Digital Corporation,US,NASDAQ,NASDAQ Global Select,,Y,1,APLD03,Health Care,Medical/Dental Instruments,28.23,555000000.0,8126954496.0,7,-44.3,2026-08-19,active
APO,"Apollo Global Management, Inc. (New)",US,NYSE,NYSE,SP500,N,0,,Finance,Investment Managers,133.63,502000000.0,79451676672.0,4,-12.1,2026-08-19,active
APOG,"Apogee Enterprises, Inc.",US,NASDAQ,NASDAQ Global Select,SP600,N,0,,Consumer Discretionary,Auto Parts:O.E.M.,41.66,6130000.0,860817152.0,3,-18.1,2026-08-19,active
APP,Applovin Corporation,US,NASDAQ,NASDAQ Global Select,SP500+NDX,Y,1,APPL03,Technology,Computer Software: Programming Data Processing,310.79,2670000000.0,103220781056.0,8,-58.3,2026-08-19,active
APPF,"AppFolio, Inc.",US,NASDAQ,NASDAQ Global,SP400,N,0,,Technology,Computer Software: Prepackaged Software,215.22,90000000.0,7232504320.0,2,-25.5,2026-08-19,active
APPN,Appian Corporation,US,NASDAQ,NASDAQ Global,,N,0,,Technology,Computer Software: Prepackaged Software,37.53,26800000.0,2650937344.0,5,-18.5,2026-08-19,active
APPS,"Digital Turbine, Inc.",US,NASDAQ,NASDAQ Capital Market,,N,0,,Miscellaneous,Multi-Sector Companies,11.23,50100000.0,1150101760.0,3,-26.8,2026-08-19,active
APTV,Aptiv PLC,US,NYSE,NYSE,SP500,N,0,,Consumer Discretionary,Auto Parts:O.E.M.,48.92,221000000.0,10157421568.0,8,-45.0,2026-08-19,active
AQST,"Aquestive Therapeutics, Inc.",US,NASDAQ,NASDAQ Global,,N,0,,Health Care,Biotechnology: Pharmaceutical Preparations,4.59,15100000.0,461718528.0,2,-39.2,2026-08-19,active
ARBE,Arbe Robotics Ltd.,US,NASDAQ,NASDAQ Capital Market,,N,0,,Technology,EDP Services,0.774,799000.0,98610744.0,1,-73.1,2026-08-19,active
ARCB,ArcBest Corporation,US,NASDAQ,NASDAQ Global Select,SP600,N,0,,Industrials,Trucking Freight/Courier Services,137.74,54300000.0,3071746304.0,6,-22.0,2026-08-19,active
ARCC,Ares Capital Corporation,US,NASDAQ,NASDAQ Global Select,,N,0,,Finance,Finance: Consumer Services,19.8,85600000.0,14101967872.0,5,-3.53,2026-08-19,active
ARCT,Arcturus Therapeutics Holdings Inc.,US,NASDAQ,NASDAQ Global,,N,0,,Health Care,Biotechnology: Pharmaceutical Preparations,10.28,6370000.0,216015312.0,2,-57.5,2026-08-19,active
ARDX,"Ardelyx, Inc.",US,NASDAQ,NASDAQ Global,,N,0,,Health Care,Biotechnology: Pharmaceutical Preparations,4.03,20400000.0,1012095296.0,8,-52.0,2026-08-19,active
ARE,"Alexandria Real Estate Equities, Inc.",US,NYSE,NYSE,SP500,N,0,,Real Estate,Real Estate Investment Trusts,50.55,99100000.0,8332853248.0,1,-40.0,2026-08-19,active
AREC,American Resources Corporation,US,NASDAQ,NASDAQ Capital Market,,N,0,,Energy,Coal Mining,2.64,5760000.0,308077280.0,2,-62.9,2026-08-19,active
ARES,Ares Management Corporation,US,NYSE,NYSE,SP500,N,0,,Finance,Investment Managers,143.1,336000000.0,49295577088.0,2,-22.6,2026-08-19,active
ARGX,argenx SE,US,NASDAQ,NASDAQ Global Select,,N,0,,Health Care,Biotechnology: Biological Products (No Diagnostic Substances),1032.86,292000000.0,52939825152.0,5,-0.214,2026-08-19,active
ARHS,"Arhaus, Inc.",US,NASDAQ,NASDAQ Global Select,,N,0,,Consumer Discretionary,Other Specialty Stores,9.83,15000000.0,1336138112.0,5,-19.8,2026-08-19,active
ARKO,Arko Corp.,US,NASDAQ,NASDAQ Capital Market,,N,0,,Consumer Staples,Food Chains,4.7,6490000.0,504835744.0,7,-46.3,2026-08-19,active
ARLP,"Alliance Resource Partners, L.P.",US,NASDAQ,NASDAQ Global Select,,N,0,,Energy,Coal Mining,26.07,10500000.0,3302671360.0,5,-9.35,2026-08-19,active
ARM,Arm Holdings plc,US,NASDAQ,NASDAQ Global Select,NDX,N,0,,Technology,Semiconductors,249.34,1400000000.0,270545403904.0,6,-44.9,2026-08-19,active
AROC,"Archrock, Inc.",US,NYSE,NYSE,SP600,N,0,,Utilities,Natural Gas Distribution,32.29,58700000.0,5982538752.0,7,-23.5,2026-08-19,active
AROW,Arrow Financial Corporation,US,NASDAQ,NASDAQ Global Select,,N,0,,Finance,Major Banks,38.18,3530000.0,719831936.0,6,-10.6,2026-08-19,active
ARQQ,Arqit Quantum Inc.,US,NASDAQ,NASDAQ Capital Market,,N,0,,Technology,Computer Software: Prepackaged Software,21.53,5970000.0,423922752.0,2,-65.3,2026-08-19,active
ARQT,"Arcutis Biotherapeutics, Inc.",US,NASDAQ,NASDAQ Global Select,,N,0,,Health Care,Biotechnology: Pharmaceutical Preparations,26.46,41400000.0,3218971136.0,3,-16.7,2026-08-19,active
ARRY,"Array Technologies, Inc.",US,NASDAQ,NASDAQ Global,,N,0,,Consumer Discretionary,Miscellaneous manufacturing industries,4.92,38000000.0,867580800.0,8,-59.8,2026-08-19,active
ARTV,"Artiva Biotherapeutics, Inc.",US,NASDAQ,NASDAQ Global,,N,0,,Health Care,Biotechnology: Biological Products (No Diagnostic Substances),11.7,3820000.0,559791872.0,5,-19.5,2026-08-19,active
ARVN,"Arvinas, Inc.",US,NASDAQ,NASDAQ Global Select,,N,0,,Health Care,Biotechnology: Pharmaceutical Preparations,9.68,7820000.0,597466304.0,1,-33.3,2026-08-19,active
ARWR,"Arrowhead Pharmaceuticals, Inc.",US,NASDAQ,NASDAQ Global Select,SP400,N,0,,Health Care,Biotechnology: Pharmaceutical Preparations,89.41,123000000.0,12089968640.0,5,-6.37,2026-08-19,active
ASMB,"Assembly Biosciences, Inc.",US,NASDAQ,NASDAQ Global Select,,N,0,,Health Care,Biotechnology: Pharmaceutical Preparations,33.84,6320000.0,654185984.0,5,-14.8,2026-08-19,active
ASML,ASML Holding N.V. - New York Registry Shares,US,NASDAQ,NASDAQ Global Select,NDX,Y,1,ASML01,Technology,Industrial Machinery/Components,1751.73,2690000000.0,708311121920.0,3,-12.4,2026-08-19,active
ASND,Ascendis Pharma A/S,US,NASDAQ,NASDAQ Global Select,,N,0,,Health Care,Biotechnology: Pharmaceutical Preparations,259.62,134000000.0,16322777088.0,4,-7.99,2026-08-19,active
ASO,"Academy Sports and Outdoors, Inc.",US,NASDAQ,NASDAQ Global Select,SP600,N,0,,Consumer Discretionary,Other Specialty Stores,47.59,59700000.0,2859046912.0,8,-23.6,2026-08-19,active
ASPI,ASP Isotopes Inc.,US,NASDAQ,NASDAQ Capital Market,,N,0,,Industrials,Major Chemicals,4.09,13700000.0,509908992.0,8,-71.8,2026-08-19,active
ASRT,"Assertio Holdings, Inc.",US,,,,N,0,,Health Care,,23.5,4330000.0,151861232.0,5,0.0,2026-06-29,ไม่พบใน SymDir · ข้อมูลค้าง
ASST,"Strive, Inc.",US,NASDAQ,NASDAQ Global,,N,0,,Technology,Computer Software: Prepackaged Software,14.73,37100000.0,1052217024.0,1,-94.2,2026-08-19,active
ASTC,Astrotech Corporation,US,NASDAQ,NASDAQ Capital Market,,N,0,,Industrials,Biotechnology: Laboratory Analytical Instruments,7.94,2880000.0,15951857.0,6,-88.5,2026-08-19,active
ASTE,"Astec Industries, Inc.",US,NASDAQ,NASDAQ Global Select,SP600,N,0,,Industrials,Construction/Ag Equipment/Trucks,41.71,13900000.0,959022592.0,8,-36.3,2026-08-19,active
ASTH,"Astrana Health, Inc.",US,NASDAQ,NASDAQ Capital Market,SP600,N,0,,Consumer Discretionary,Professional Services,39.4,20700000.0,1942507008.0,3,-23.6,2026-08-19,active
ASTI,"Ascent Solar Technologies, Inc.",US,NASDAQ,NASDAQ Capital Market,,N,0,,Technology,Semiconductors,3.14,1170000.0,30823594.0,8,-68.2,2026-08-19,active
ASTL,Algoma Steel Group Inc.,US,NASDAQ,NASDAQ Global,,N,0,,Industrials,Steel/Iron Ore,4.79,6230000.0,506118432.0,2,-18.8,2026-08-19,active
ASTS,"AST SpaceMobile, Inc.",US,NASDAQ,NASDAQ Global Select,,Y,3,ASTS01 ASTS03 ASTS23,Consumer Discretionary,Telecommunications Equipment,66.43,771000000.0,27833257984.0,8,-50.4,2026-08-19,active
ASYS,"Amtech Systems, Inc.",US,NASDAQ,NASDAQ Global Select,,N,0,,Technology,Industrial Machinery/Components,14.82,6910000.0,280129600.0,7,-42.4,2026-08-19,active
ATAI,AtaiBeckley Inc.,US,NASDAQ,NASDAQ Global,,N,0,,Health Care,Biotechnology: Pharmaceutical Preparations,7.36,63200000.0,2692477696.0,5,-0.136,2026-08-19,active
ATAT,Atour Lifestyle Holdings Limited,US,NASDAQ,NASDAQ Global Select,,N,0,,Consumer Discretionary,Hotels/Resorts,37.0,29100000.0,4814398464.0,2,-12.9,2026-08-19,active
ATEC,"Alphatec Holdings, Inc.",US,NASDAQ,NASDAQ Global Select,,N,0,,Health Care,Medical/Dental Instruments,9.75,21700000.0,1465740672.0,1,-58.1,2026-08-19,active
ATEX,Anterix Inc.,US,NASDAQ,NASDAQ Capital Market,,N,0,,Telecommunications,Telecommunications Equipment,88.68,32700000.0,1731464320.0,6,-21.5,2026-08-19,active
ATI,ATI Inc.,US,NYSE,NYSE,SP400,N,0,,Industrials,Steel/Iron Ore,215.99,327000000.0,31112208384.0,4,-11.3,2026-08-19,active
ATII,Archimedes Tech SPAC Partners II Co.,US,NASDAQ,NASDAQ Global,,N,0,,Finance,,10.62,1870000.0,314837600.0,7,-6.84,2026-08-19,active
ATLC,Atlanticus Holdings Corporation,US,NASDAQ,NASDAQ Global Select,,N,0,,Finance,Finance: Consumer Services,99.12,17000000.0,1556142464.0,3,-13.3,2026-08-19,active
ATO,Atmos Energy Corporation,US,NYSE,NYSE,SP500,N,0,,Utilities,Oil/Gas Transmission,171.31,177000000.0,28949430272.0,7,-10.5,2026-08-19,active
ATOM,Atomera Incorporated,US,NASDAQ,NASDAQ Capital Market,,N,0,,Technology,Semiconductors,4.73,3100000.0,215802944.0,7,-61.7,2026-08-19,active
ATPC,Agape ATP Corporation,US,NASDAQ,NASDAQ Capital Market,,N,0,,Health Care,Medical/Nursing Services,2.5,942000.0,2451533.0,8,-96.6,2026-08-19,active
ATRC,"AtriCure, Inc.",US,NASDAQ,NASDAQ Global,,N,0,,Health Care,Medical/Dental Instruments,47.61,35900000.0,2253376768.0,5,-0.771,2026-08-19,active
ATRO,Astronics Corporation,US,NASDAQ,NASDAQ Global Select,,N,0,,Industrials,Military/Government/Technical,81.67,53600000.0,4591869440.0,4,-13.5,2026-08-19,active
AUGO,Aura Minerals Inc.,US,NASDAQ,NASDAQ Global Select,,N,0,,Basic Materials,,85.0,57500000.0,7126131200.0,5,-22.1,2026-08-19,active
AUPH,Aurinia Pharmaceuticals Inc.,US,NASDAQ,NASDAQ Global,,N,0,,Health Care,Biotechnology: Pharmaceutical Preparations,16.17,18000000.0,2034352384.0,3,-16.0,2026-08-19,active
AUR,"Aurora Innovation, Inc.",US,NASDAQ,NASDAQ Global Select,,N,0,,Technology,EDP Services,6.195,187000000.0,12325555200.0,6,-27.7,2026-08-19,active
AURA,"Aura Biosciences, Inc.",US,NASDAQ,NASDAQ Global,,N,0,,Health Care,Biotechnology: Biological Products (No Diagnostic Substances),7.79,5420000.0,795426048.0,5,-18.3,2026-08-19,active
AUTL,Autolus Therapeutics plc,US,NASDAQ,NASDAQ Global Select,,N,0,,Health Care,Biotechnology: Biological Products (No Diagnostic Substances),2.54,6670000.0,590838080.0,5,-1.55,2026-08-19,active
AUUD,Auddia Inc.,US,NASDAQ,NASDAQ Capital Market,,N,0,,Technology,EDP Services,1.03,10300000.0,5203665.0,8,-95.7,2026-08-19,active
AVAH,Aveanna Healthcare Holdings Inc.,US,NASDAQ,NASDAQ Global Select,,N,0,,Health Care,Medical/Nursing Services,13.16,31300000.0,1970684544.0,5,0.0,2026-08-19,active
AVAV,"AeroVironment, Inc.",US,NASDAQ,NASDAQ Global Select,SP400,N,0,,Industrials,Aerospace,172.74,201000000.0,9586678784.0,1,-58.7,2026-08-19,active
AVB,"AvalonBay Communities, Inc.",US,,,,N,0,,Real Estate,Real Estate Investment Trusts,184.06,163000000.0,26261975040.0,6,-7.34,2026-08-18,ไม่พบใน SymDir · ข้อมูลค้าง
AVBH,"Avidbank Holdings, Inc.",US,NASDAQ,NASDAQ Global Select,,N,0,,Finance,Commercial Banks,32.06,2900000.0,352130368.0,6,-6.2,2026-08-19,active
AVBP,"ArriVent BioPharma, Inc.",US,NASDAQ,NASDAQ Global,,N,0,,Health Care,Biotechnology: Pharmaceutical Preparations,30.02,13200000.0,1430417152.0,6,-16.2,2026-08-19,active
AVGO,Broadcom Inc.,US,NASDAQ,NASDAQ Global Select,SP500+NDX,Y,2,AVGO23 AVGO80,Technology,Semiconductors,362.48,7720000000.0,1867017224192.0,7,-26.8,2026-08-19,active
AVNW,"Aviat Networks, Inc.",US,NASDAQ,NASDAQ Global Select,,N,0,,Technology,Radio And Television Broadcasting And Communications Equipment,20.69,2850000.0,267717504.0,8,-23.4,2026-08-19,active
AVO,"Mission Produce, Inc.",US,NASDAQ,NASDAQ Global Select,,N,0,,Consumer Staples,Farming/Seeds/Milling,13.22,9150000.0,1154339840.0,5,-14.9,2026-08-19,active
AVPT,"AvePoint, Inc.",US,NASDAQ,NASDAQ Global Select,,N,0,,Technology,Computer Software: Prepackaged Software,13.28,26600000.0,2809588736.0,5,-20.8,2026-08-19,active
AVR,Anteris Technologies Global Corp.,US,NASDAQ,NASDAQ Global,,N,0,,Health Care,Industrial Specialties,9.83,7790000.0,870304192.0,5,-11.1,2026-08-19,active
AVT,"Avnet, Inc.",US,NASDAQ,NASDAQ Global Select,SP400,N,0,,Technology,Electronic Components,88.34,120000000.0,7855204352.0,6,-11.7,2026-08-19,active
AVTX,"Avalo Therapeutics, Inc.",US,NASDAQ,NASDAQ Capital Market,,N,0,,Health Care,Biotechnology: Pharmaceutical Preparations,20.75,14600000.0,1050611456.0,5,-14.5,2026-08-19,active
AVXL,Anavex Life Sciences Corp.,US,NASDAQ,NASDAQ Global Select,,N,0,,Health Care,Biotechnology: Biological Products (No Diagnostic Substances),3.39,2790000.0,314242304.0,1,-67.4,2026-08-19,active
AVY,Avery Dennison Corporation,US,NYSE,NYSE,SP500,N,0,,Consumer Discretionary,Containers/Packaging,183.16,152000000.0,13881356288.0,2,-7.16,2026-08-19,active
AWI,Armstrong World Industries Inc,US,NYSE,NYSE,SP600,N,0,,Industrials,Plastic Products,178.6,92800000.0,7572230144.0,2,-13.0,2026-08-19,active
AWK,"American Water Works Company, Inc.",US,NYSE,NYSE,SP500,N,0,,Utilities,Water Supply,138.71,335000000.0,26699241472.0,5,-4.27,2026-08-19,active
AXGN,"Axogen, Inc.",US,NASDAQ,NASDAQ Capital Market,,N,0,,Health Care,Biotechnology: Electromedical & Electrotherapeutic Apparatus,48.93,44900000.0,2642378496.0,5,-3.41,2026-08-19,active
AXON,"Axon Enterprise, Inc.",US,NASDAQ,NASDAQ Global Select,SP500+NDX,N,0,,Industrials,Ordnance And Accessories,645.72,550000000.0,49784725504.0,5,-18.7,2026-08-19,active
AXP,American Express Company,US,NYSE,NYSE,SP500+DOW30,Y,1,AXP06,Finance,Finance: Consumer Services,339.9,954000000.0,230219874304.0,3,-11.8,2026-08-19,active
AXS,Axis Capital Holdings Limited,US,NYSE,NYSE,,N,0,,Finance,Property-Casualty Insurers,98.55,78400000.0,7551284224.0,7,-17.9,2026-08-19,active
AXSM,"Axsome Therapeutics, Inc.",US,NASDAQ,NASDAQ Global,,N,0,,Health Care,Biotechnology: Pharmaceutical Preparations,218.2,152000000.0,11192208384.0,6,-16.1,2026-08-19,active
AXTI,AXT Inc,US,NASDAQ,NASDAQ Global Select,,N,0,,Technology,Semiconductors,73.43,922000000.0,5353396736.0,4,-48.7,2026-08-19,active
AYA,Aya Gold & Silver Inc.,US,NASDAQ,NASDAQ Global Select,,N,0,,Basic Materials,Precious Metals,27.25,19900000.0,3282708992.0,5,-5.68,2026-08-19,active
AYI,Acuity Inc.,US,NYSE,NYSE,SP400,N,0,,Consumer Discretionary,Building Products,348.83,93700000.0,10788770816.0,4,-8.12,2026-08-19,active
AZI,Autozi Internet Technology (Global) Ltd.,US,NASDAQ,NASDAQ Capital Market,,N,0,,Consumer Discretionary,Automotive Aftermarket,1.66,11900000.0,4292402.0,1,-98.7,2026-08-19,active
AZO,"AutoZone, Inc.",US,NYSE,NYSE,SP500,N,0,,Consumer Discretionary,Auto & Home Supply Stores,3076.89,526000000.0,49384198144.0,8,-29.9,2026-08-19,active
AZTA,"Azenta, Inc.",US,NASDAQ,NASDAQ Global Select,SP600,N,0,,Technology,Industrial Machinery/Components,35.62,21400000.0,1485542528.0,5,-14.6,2026-08-19,active
BA,Boeing Company (The),US,NYSE,NYSE,SP500+DOW30,Y,1,BOEING80,Industrials,Aerospace,222.2,1300000000.0,178584109056.0,6,-12.6,2026-08-19,active
BABA,Alibaba Group Holding Limited,US,NYSE,NYSE,,Y,6,BABA01 BABA06 BABA13 BABA19 BABA23 BABA80,Consumer Discretionary,Internet Retail,124.75,1470000000.0,303645519466.8,,-35.3,2026-08-19,active
BAC,Bank of America Corporation,US,NYSE,NYSE,SP500,Y,1,BAC03,Finance,Major Banks,63.17,1710000000.0,441731907584.0,4,-3.16,2026-08-19,active
BAH,Booz Allen Hamilton Holding Corporation,US,NYSE,NYSE,SP400,N,0,,Consumer Discretionary,Professional Services,78.84,166000000.0,9017764864.0,1,-28.2,2026-08-19,active
BALL,Ball Corporation,US,NYSE,NYSE,SP500,N,0,,Industrials,Containers/Packaging,62.62,121000000.0,16973214720.0,3,-7.69,2026-08-19,active
BAND,Bandwidth Inc.,US,NASDAQ,NASDAQ Global Select,,N,0,,Technology,Computer Software: Prepackaged Software,52.3,56600000.0,1696249344.0,6,-33.9,2026-08-19,active
BANF,BancFirst Corporation,US,NASDAQ,NASDAQ Global Select,SP600,N,0,,Finance,Major Banks,112.92,14800000.0,3840672256.0,7,-17.6,2026-08-19,active
BANR,Banner Corporation,US,NASDAQ,NASDAQ Global Select,SP600,N,0,,Finance,Major Banks,71.14,25600000.0,2471722496.0,3,-4.94,2026-08-19,active
BATRA,"Atlanta Braves Holdings, Inc.",US,NASDAQ,NASDAQ Global Select,,N,0,,Consumer Discretionary,Services-Misc. Amusement & Recreation,57.24,3980000.0,3637677824.0,5,-1.94,2026-08-19,active
BATRK,"Atlanta Braves Holdings, Inc.",US,NASDAQ,NASDAQ Global Select,,N,0,,Consumer Discretionary,Services-Misc. Amusement & Recreation,53.56,29800000.0,3382931456.0,5,-1.65,2026-08-19,active
BAX,Baxter International Inc.,US,NYSE,NYSE,SP500,N,0,,Health Care,Medical/Dental Instruments,26.64,211000000.0,14656836608.0,5,-11.2,2026-08-19,active
BBCP,"Concrete Pumping Holdings, Inc.",US,NASDAQ,NASDAQ Capital Market,,N,0,,Consumer Discretionary,Engineering & Construction,9.03,1200000.0,491335840.0,6,-25.9,2026-08-19,active
BBCQ,Bleichroeder Acquisition Corp. II,US,NASDAQ,NASDAQ Global,,N,0,,Finance,,10.17,4040000.0,389849984.0,7,-9.68,2026-08-19,active
BBIO,"BridgeBio Pharma, Inc.",US,NASDAQ,NASDAQ Global Select,,N,0,,Health Care,Biotechnology: Pharmaceutical Preparations,83.95,188000000.0,15617494016.0,5,-10.1,2026-08-19,active
BBNX,"Beta Bionics, Inc.",US,NASDAQ,NASDAQ Global,,N,0,,Health Care,Medical/Dental Instruments,20.01,22600000.0,790018880.0,2,-38.8,2026-08-19,active
BBOT,"BridgeBio Oncology Therapeutics, Inc.",US,NASDAQ,NASDAQ Global,,N,0,,Health Care,Biotechnology: Pharmaceutical Preparations,9.6,2370000.0,769672960.0,2,-35.4,2026-08-19,active
BBSI,"Barrett Business Services, Inc.",US,NASDAQ,NASDAQ Global Select,,N,0,,Consumer Discretionary,Professional Services,33.09,10700000.0,781342272.0,7,-32.8,2026-08-19,active
BBY,"Best Buy Co., Inc.",US,NYSE,NYSE,SP500,N,0,,Consumer Discretionary,Consumer Electronics/Video Chains,89.21,272000000.0,18214494208.0,5,-2.26,2026-08-19,active
BCAL,California BanCorp,US,NASDAQ,NASDAQ Capital Market,,N,0,,Finance,Major Banks,21.06,3940000.0,677090368.0,3,-4.27,2026-08-19,active
BCAR,D. Boral ARC Acquisition I Corp.,US,NASDAQ,NASDAQ Global,,N,0,,Finance,Blank Checks,5.49,2440000.0,426832000.0,8,-50.9,2026-08-19,active
BCAX,Bicara Therapeutics Inc.,US,NASDAQ,NASDAQ Global,,N,0,,Health Care,Biotechnology: Pharmaceutical Preparations,25.86,17400000.0,1563666432.0,3,-16.6,2026-08-19,active
BCDA,"BioCardia, Inc.",US,NASDAQ,NASDAQ Capital Market,,N,0,,Health Care,Biotechnology: Biological Products (No Diagnostic Substances),0.991,235000.0,14492870.0,1,-56.7,2026-08-19,active
BCPC,Balchem Corporation,US,NASDAQ,NASDAQ Global Select,SP600,N,0,,Industrials,Major Chemicals,180.19,32000000.0,5744100352.0,5,-2.02,2026-08-19,active
BCRX,"BioCryst Pharmaceuticals, Inc.",US,NASDAQ,NASDAQ Global Select,,N,0,,Health Care,Biotechnology: Biological Products (No Diagnostic Substances),10.07,32200000.0,2706116864.0,5,-10.2,2026-08-19,active
BDTX,"Black Diamond Therapeutics, Inc.",US,NASDAQ,NASDAQ Global Select,,N,0,,Health Care,Biotechnology: Biological Products (No Diagnostic Substances),2.19,1190000.0,110019408.0,1,-55.7,2026-08-19,active
BDX,"Becton, Dickinson and Company",US,NYSE,NYSE,SP500,Y,1,BDX06,Health Care,Medical/Dental Instruments,187.6,325000000.0,48174333952.0,5,-0.173,2026-08-19,active
BE,Bloom Energy Corporation,US,NYSE,NYSE,,Y,1,BE03,Energy,Industrial Machinery/Components,206.63,3510000000.0,68377473024.0,6,-41.2,2026-08-19,active
BEAM,Beam Therapeutics Inc.,US,NASDAQ,NASDAQ Global Select,,N,0,,Health Care,Biotechnology: Biological Products (No Diagnostic Substances),29.07,45500000.0,2762945024.0,3,-24.0,2026-08-19,active
BELFA,Bel Fuse Inc.,US,NASDAQ,NASDAQ Global Select,,N,0,,Technology,,220.42,42200000.0,3581272576.0,6,-24.9,2026-08-19,active
BELFB,Bel Fuse Inc.,US,NASDAQ,NASDAQ Global Select,,N,0,,Technology,,263.87,69400000.0,4188595456.0,6,-21.3,2026-08-19,active
BEN,"Franklin Resources, Inc.",US,NYSE,NYSE,SP500,N,0,,Finance,Investment Managers,33.98,147000000.0,17264453632.0,5,-6.34,2026-08-19,active
BETR,Better Home & Finance Holding Company,US,NASDAQ,NASDAQ Global,,N,0,,Finance,Finance: Consumer Services,13.03,13100000.0,260850496.0,8,-86.1,2026-08-19,active
BF.B,Brown Forman Inc,US,NYSE,NYSE,SP500,N,0,,Consumer Staples,,28.43,60300000.0,13045511168.0,2,-8.62,2026-08-19,active
BFC,Bank First Corporation,US,NASDAQ,NASDAQ Capital Market,,N,0,,Finance,Major Banks,151.04,11700000.0,1751525888.0,3,-5.07,2026-08-19,active
BFST,"Business First Bancshares, Inc.",US,NASDAQ,NASDAQ Global Select,,N,0,,Finance,Major Banks,31.05,7670000.0,1045502208.0,3,-4.14,2026-08-19,active
BG,Bunge Limited,US,NYSE,NYSE,SP500,N,0,,Consumer Staples,Packaged Foods,114.0,147000000.0,21970743296.0,6,-15.5,2026-08-19,active
BGC,"BGC Group, Inc.",US,NASDAQ,NASDAQ Global Select,SP600,N,0,,Finance,Investment Bankers/Brokers/Service,10.8,29500000.0,4802484736.0,6,-16.2,2026-08-19,active
BGMS,"Bio Green Med Solution, Inc.",US,NASDAQ,NASDAQ Capital Market,,N,0,,Health Care,Biotechnology: Pharmaceutical Preparations,0.9053,29400.0,5050302.0,8,-89.7,2026-08-19,active
BHF,"Brighthouse Financial, Inc.",US,NASDAQ,NASDAQ Global Select,SP400,N,0,,Finance,Life Insurance,53.28,58000000.0,3424238592.0,7,-20.2,2026-08-19,active
BHRB,Burke & Herbert Financial Services Corp.,US,NASDAQ,NASDAQ Capital Market,,N,0,,Finance,Major Banks,70.9,9130000.0,1431260544.0,3,-5.58,2026-08-19,active
BIDU,"Baidu, Inc.",US,NASDAQ,NASDAQ Global Select,,Y,4,BIDU01 BIDU06 BIDU23 BIDU80,Technology,Computer Software: Programming Data Processing,92.87,296000000.0,35163467776.0,8,-43.8,2026-08-19,active
BIIB,Biogen Inc.,US,NASDAQ,NASDAQ Global Select,SP500,N,0,,Health Care,Biotechnology: Biological Products (No Diagnostic Substances),221.56,201000000.0,31124379648.0,5,-0.266,2026-08-19,active
BILI,Bilibili Inc.,US,NASDAQ,NASDAQ Global Select,,Y,1,BILIBILI01,Technology,EDP Services,17.31,37700000.0,7210853888.0,8,-52.4,2026-08-19,active
BIOA,"BioAge Labs, Inc.",US,NASDAQ,NASDAQ Global Select,,N,0,,Health Care,Biotechnology: Pharmaceutical Preparations,10.75,16500000.0,477327840.0,7,-58.6,2026-08-19,active
BIRD,"Allbirds, Inc.",US,NASDAQ,NASDAQ Global Select,,N,0,,Consumer Discretionary,Apparel,2.4,789000.0,22455430.0,8,-90.1,2026-08-19,active
BIYA,Baiya International Group Inc.,US,NASDAQ,NASDAQ Capital Market,,N,0,,Consumer Discretionary,Diversified Commercial Services,2.41,32800000.0,75769096.0,8,-87.3,2026-08-19,active
BJDX,"Bluejay Diagnostics, Inc.",US,NASDAQ,NASDAQ Capital Market,,N,0,,Health Care,Medical/Dental Instruments,0.9601,7300000.0,1003777.0,8,-94.2,2026-08-19,active
BJRI,"BJ's Restaurants, Inc.",US,NASDAQ,NASDAQ Global Select,SP600,N,0,,Consumer Discretionary,Restaurants,64.74,36100000.0,1389389440.0,3,-13.2,2026-08-19,active
BKNG,Booking Holdings Inc. Common Stock,US,NASDAQ,NASDAQ Global Select,SP500+NDX,Y,2,BKNG03 BKNG80,Consumer Discretionary,Transportation Services,213.0,1210000000.0,159946358784.0,5,-7.33,2026-08-19,active
BKR,Baker Hughes Company,US,NASDAQ,NASDAQ Global Select,SP500+NDX,N,0,,Consumer Discretionary,Oil and Gas Field Machinery,64.48,501000000.0,63809085440.0,5,-8.12,2026-08-19,active
BKSY,BlackSky Technology Inc.,US,NYSE,NYSE,,Y,1,BKSY03,Technology,Packaged Software,26.84,49100000.0,1098422869.1,,-49.2,2026-08-19,active
BL,"BlackLine, Inc.",US,NASDAQ,NASDAQ Global Select,SP600,N,0,,Technology,Computer Software: Prepackaged Software,31.43,35200000.0,1826877312.0,1,-47.2,2026-08-19,active
BLBD,Blue Bird Corporation,US,NASDAQ,NASDAQ Global,,N,0,,Consumer Discretionary,Construction/Ag Equipment/Trucks,62.52,42400000.0,1978544640.0,7,-25.0,2026-08-19,active
BLD,TopBuild Corp.,US,,,,N,0,,Consumer Discretionary,Engineering & Construction,354.53,437000000.0,9935550464.0,8,-36.6,2026-07-02,ไม่พบใน SymDir · ข้อมูลค้าง
BLDP,Ballard Power Systems Inc.,US,NASDAQ,NASDAQ Global,,N,0,,Energy,Industrial Machinery/Components,2.5,13500000.0,789947008.0,7,-61.9,2026-08-19,active
BLDR,"Builders FirstSource, Inc.",US,NYSE,NYSE,SP500,N,0,,Consumer Discretionary,RETAIL: Building Materials,72.55,158000000.0,7801819136.0,8,-52.0,2026-08-19,active
BLFS,"BioLife Solutions, Inc.",US,NASDAQ,NASDAQ Capital Market,SP600,N,0,,Health Care,Biotechnology: Electromedical & Electrotherapeutic Apparatus,36.47,32800000.0,1710267520.0,5,-1.19,2026-08-19,active
BLK,"BlackRock, Inc.",US,NYSE,NYSE,SP500,Y,1,BLK06,Finance,Investment Bankers/Brokers/Service,1158.92,666000000.0,186378059776.0,5,-3.47,2026-08-19,active
BLKB,"Blackbaud, Inc.",US,NASDAQ,NASDAQ Global Select,SP600,N,0,,Technology,Computer Software: Prepackaged Software,46.16,29400000.0,2082043648.0,2,-34.7,2026-08-19,active
BLLN,"BillionToOne, Inc.",US,NASDAQ,NASDAQ Global Select,,N,0,,Health Care,Medical Specialities,91.67,90500000.0,4403966464.0,7,-39.1,2026-08-19,active
BLMN,"Bloomin' Brands, Inc.",US,NASDAQ,NASDAQ Global Select,,N,0,,Consumer Discretionary,Restaurants,10.61,22900000.0,952104640.0,5,-16.0,2026-08-19,active
BLTE,"Belite Bio, Inc",US,NASDAQ,NASDAQ Capital Market,,N,0,,Health Care,Biotechnology: Pharmaceutical Preparations,168.55,28900000.0,6665349120.0,5,-15.7,2026-08-19,active
BLZE,"Backblaze, Inc.",US,NASDAQ,NASDAQ Global,,N,0,,Technology,Computer Software: Prepackaged Software,16.88,56400000.0,1177337984.0,3,-29.6,2026-08-19,active
BMBL,Bumble Inc.,US,NASDAQ,NASDAQ Global Select,,N,0,,Technology,Computer Software: Programming Data Processing,2.79,8490000.0,415217440.0,8,-61.9,2026-08-19,active
BMNR,"BitMine Immersion Technologies, Inc.",US,NYSE,NYSE,,N,0,,Finance,Finance: Consumer Services,20.24,587000000.0,10918397952.0,1,-69.1,2026-08-19,active
BMRC,Bank of Marin Bancorp,US,NASDAQ,NASDAQ Global Select,,N,0,,Finance,Major Banks,27.13,4340000.0,461050240.0,6,-12.3,2026-08-19,active
BMRN,BioMarin Pharmaceutical Inc.,US,NASDAQ,NASDAQ Global Select,SP400,N,0,,Health Care,Biotechnology: Pharmaceutical Preparations,69.33,154000000.0,13039128576.0,5,-2.32,2026-08-19,active
BMY,Bristol-Myers Squibb Company,US,NYSE,NYSE,SP500,N,0,,Health Care,Biotechnology: Pharmaceutical Preparations,67.61,809000000.0,130386477056.0,5,-1.5,2026-08-19,active
BNAI,"Brand Engagement Network, Inc.",US,NASDAQ,NASDAQ Capital Market,,N,0,,Technology,EDP Services,16.01,1640000.0,118685528.0,1,-81.4,2026-08-19,active
BNTX,BioNTech SE,US,NASDAQ,NASDAQ Global Select,,N,0,,Health Care,Biotechnology: Biological Products (No Diagnostic Substances),113.12,132000000.0,22907326464.0,2,-8.77,2026-08-19,active
BNY,The Bank of New York Mellon Corporation,US,NYSE,NYSE,SP500,N,0,,Finance,Major Banks,159.76,404000000.0,108397813760.0,4,-3.58,2026-08-19,active
BOKF,BOK Financial Corporation,US,NASDAQ,NASDAQ Global Select,,N,0,,Finance,Major Banks,140.35,31900000.0,8528630272.0,3,-4.42,2026-08-19,active
BPOP,"Popular, Inc.",US,NASDAQ,NASDAQ Global Select,,N,0,,Finance,Major Banks,170.57,76400000.0,10999119872.0,3,-4.84,2026-08-19,active
BR,"Broadridge Financial Solutions, Inc.",US,NYSE,NYSE,SP500,N,0,,Consumer Discretionary,Business Services,176.03,217000000.0,19498866688.0,2,-32.3,2026-08-19,active
BRAI,Braiin Limited,US,NASDAQ,NASDAQ Global,,N,0,,Technology,EDP Services,5.53,630000.0,1137607040.0,8,-83.2,2026-08-19,active
BRCB,"Black Rock Coffee Bar, Inc.",US,NASDAQ,NASDAQ Global,,N,0,,Consumer Discretionary,Restaurants,8.81,2710000.0,177883328.0,1,-71.0,2026-08-19,active
BRK.A,Berkshire Hathaway Inc.,US,NYSE,NYSE,,N,0,,Finance,,750170.0,118000000.0,1066644406272.0,6,-6.94,2026-08-19,active
BRK.B,Berkshire Hathaway Inc. New,US,NYSE,NYSE,SP500,Y,2,BRKB23 BRKB80,Finance,,499.62,2200000000.0,1076691337216.0,6,-7.09,2026-08-19,active
BRKR,Bruker Corporation,US,NASDAQ,NASDAQ Global Select,SP400,N,0,,Industrials,Biotechnology: Laboratory Analytical Instruments,58.65,139000000.0,8826175488.0,4,-10.2,2026-08-19,active
BRKRP,Bruker Corporation,US,NASDAQ,NASDAQ Global Select,,N,0,,Industrials,Biotechnology: Laboratory Analytical Instruments,434.2,4540000.0,,4,-8.59,2026-08-19,active
BRO,"Brown & Brown, Inc.",US,NYSE,NYSE,SP500,N,0,,Finance,Specialty Insurers,71.49,170000000.0,23961448448.0,1,-26.7,2026-08-19,active
BROS,Dutch Bros Inc.,US,NYSE,NYSE,SP400,N,0,,Consumer Discretionary,Restaurants,50.27,240000000.0,9087031296.0,7,-32.7,2026-08-19,active
BRR,"ProCap Financial, Inc.",US,NASDAQ,NASDAQ Global,,N,0,,Finance,Finance: Consumer Services,2.1,860000.0,185576096.0,1,-80.1,2026-08-19,active
BRTX,"BioRestorative Therapies, Inc.",US,NASDAQ,NASDAQ Capital Market,,N,0,,Health Care,Managed Health Care,0.2133,86600.0,5426850.0,8,-88.7,2026-08-19,active
BRUN,"Boost Run, Inc.",US,NASDAQ,NASDAQ Global,,N,0,,Technology,EDP Services,19.01,49000000.0,1390130816.0,7,-54.7,2026-08-19,active
BRX,Brixmor Property Group Inc.,US,NYSE,NYSE,SP400,N,0,,Real Estate,Real Estate Investment Trusts,29.74,74400000.0,9132520448.0,6,-9.49,2026-08-19,active
BRZE,"Braze, Inc.",US,NASDAQ,NASDAQ Global Select,,N,0,,Technology,Computer Software: Prepackaged Software,30.65,56400000.0,3279834368.0,5,-17.9,2026-08-19,active
BSX,Boston Scientific Corporation,US,NYSE,NYSE,SP500,N,0,,Health Care,Medical/Dental Instruments,52.01,966000000.0,74910670848.0,1,-52.5,2026-08-19,active
BSY,"Bentley Systems, Incorporated",US,NASDAQ,NASDAQ Global Select,SP400,N,0,,Technology,Computer Software: Prepackaged Software,35.92,102000000.0,10851176448.0,1,-36.9,2026-08-19,active
BTBT,"Bit Digital, Inc.",US,NASDAQ,NASDAQ Capital Market,,N,0,,Finance,Finance: Consumer Services,1.4,35500000.0,504886912.0,8,-69.2,2026-08-19,active
BTDR,Bitdeer Technologies Group,US,NASDAQ,NASDAQ Capital Market,,N,0,,Finance,Finance: Consumer Services,9.63,146000000.0,2481371904.0,8,-65.4,2026-08-19,active
BTQ,BTQ Technologies Corp.,US,NASDAQ,NASDAQ Global,,N,0,,Technology,,3.59,5840000.0,528019584.0,8,-77.6,2026-08-19,active
BTSG,"BrightSpring Health Services, Inc.",US,NASDAQ,NASDAQ Global Select,SP400,N,0,,Health Care,Medical/Nursing Services,59.33,190000000.0,11772921856.0,6,-19.6,2026-08-19,active
BTSGU,"BrightSpring Health Services, Inc.",US,NASDAQ,NASDAQ Global Select,,N,0,,Health Care,Medical/Nursing Services,195.62,7230000.0,,6,-23.4,2026-08-19,active
BULL,Webull Corporation,US,NASDAQ,NASDAQ Capital Market,,N,0,,Finance,Investment Bankers/Brokers/Service,8.64,72300000.0,4275822080.0,2,-47.1,2026-08-19,active
BURL,"Burlington Stores, Inc.",US,NYSE,NYSE,SP400,N,0,,Consumer Discretionary,Department/Specialty Retail Stores,337.5,260000000.0,22364624896.0,6,-10.8,2026-08-19,active
BUSE,First Busey Corporation,US,NASDAQ,NASDAQ Global Select,,N,0,,Finance,Major Banks,30.24,25200000.0,2578878464.0,3,-4.61,2026-08-19,active
BVS,Bioventus Inc.,US,NASDAQ,NASDAQ Global Select,,N,0,,Health Care,Medical/Dental Instruments,14.68,11600000.0,1168036224.0,5,-7.63,2026-08-19,active
BWEN,"Broadwind, Inc.",US,NASDAQ,NASDAQ Capital Market,,N,0,,Telecommunications,Metal Fabrications,4.66,3990000.0,127318392.0,3,-18.2,2026-08-19,active
BWFG,"Bankwell Financial Group, Inc.",US,NASDAQ,NASDAQ Global,,N,0,,Finance,Major Banks,65.64,4640000.0,523280224.0,3,-5.39,2026-08-19,active
BWIN,"The Baldwin Insurance Group, Inc.",US,NASDAQ,NASDAQ Global Select,,N,0,,Finance,Specialty Insurers,31.15,35200000.0,2881916160.0,5,-10.5,2026-08-19,active
BWMN,Bowman Consulting Group Ltd.,US,NASDAQ,NASDAQ Global,,N,0,,Consumer Discretionary,Professional Services,42.55,19900000.0,741802688.0,5,-7.16,2026-08-19,active
BWXT,"BWX Technologies, Inc.",US,NYSE,NYSE,SP400,N,0,,Industrials,Industrial Machinery/Components,162.26,150000000.0,15118542848.0,8,-32.8,2026-08-19,active
BX,Blackstone Inc.,US,NYSE,NYSE,SP500,N,0,,Finance,Investment Managers,145.09,695000000.0,172039208960.0,2,-21.4,2026-08-19,active
BXP,"BXP, Inc.",US,NYSE,NYSE,SP500,N,0,,Real Estate,Real Estate Investment Trusts,67.22,102000000.0,12381059072.0,3,-11.5,2026-08-19,active
BYND,"Beyond Meat, Inc.",US,NASDAQ,NASDAQ Global Select,,N,0,,Consumer Staples,Packaged Foods,14.08,26100000.0,242091008.0,5,-21.8,2026-08-19,active
BYRN,Byrna Technologies Inc.,US,NASDAQ,NASDAQ Capital Market,,N,0,,Miscellaneous,Industrial Machinery/Components,3.77,3590000.0,85946032.0,8,-87.7,2026-08-19,active
BZ,KANZHUN LIMITED - American Depository Shares,US,NASDAQ,NASDAQ Global Select,,N,0,,Technology,Computer Software: Programming Data Processing,16.08,59200000.0,7060811776.0,2,-35.9,2026-08-19,active
BZAI,"Blaize Holdings, Inc.",US,NASDAQ,NASDAQ Global,,N,0,,Finance,Blank Checks,0.51,5720000.0,163644368.0,8,-92.5,2026-08-19,active
C,"Citigroup, Inc.",US,NYSE,NYSE,SP500,N,0,,Finance,Major Banks,132.89,1250000000.0,232710799360.0,6,-10.2,2026-08-19,active
CABA,"Cabaletta Bio, Inc.",US,NASDAQ,NASDAQ Global Select,,N,0,,Health Care,Biotechnology: Biological Products (No Diagnostic Substances),3.1,10400000.0,466249952.0,2,-26.7,2026-08-19,active
CAC,Camden National Corporation,US,NASDAQ,NASDAQ Global Select,,N,0,,Finance,Major Banks,56.65,5530000.0,957217792.0,3,-6.5,2026-08-19,active
CACC,Credit Acceptance Corporation,US,NASDAQ,NASDAQ Global Select,SP600,N,0,,Finance,Finance: Consumer Services,583.05,68700000.0,6052397056.0,4,-12.8,2026-08-19,active
CACI,"CACI International, Inc.",US,NYSE,NYSE,SP400,N,0,,Technology,EDP Services,662.68,182000000.0,14806691840.0,5,-3.05,2026-08-19,active
CADL,"Candel Therapeutics, Inc.",US,NASDAQ,NASDAQ Global,,N,0,,Health Care,Biotechnology: Biological Products (No Diagnostic Substances),13.5,13900000.0,775199104.0,5,-2.32,2026-08-19,active
CAG,"ConAgra Brands, Inc.",US,NYSE,NYSE,SP600,N,0,,Consumer Staples,Packaged Foods,16.22,181000000.0,7427338752.0,2,-18.2,2026-08-19,active
CAH,"Cardinal Health, Inc.",US,NYSE,NYSE,SP500,N,0,,Health Care,Other Pharmaceuticals,234.85,469000000.0,54620409856.0,5,-9.08,2026-08-19,active
CAI,"Caris Life Sciences, Inc.",US,NASDAQ,NASDAQ Global Select,,N,0,,Health Care,Medical Specialities,22.76,97700000.0,5927814144.0,2,-46.4,2026-08-19,active
CAKE,The Cheesecake Factory Incorporated,US,NASDAQ,NASDAQ Global Select,SP600,N,0,,Consumer Discretionary,Restaurants,105.82,210000000.0,5567219200.0,4,-10.7,2026-08-19,active
CALM,"Cal-Maine Foods, Inc.",US,NASDAQ,NASDAQ Global Select,SP600,N,0,,Consumer Staples,Farming/Seeds/Milling,80.55,71100000.0,3804505856.0,7,-29.4,2026-08-19,active
CAMT,Camtek Ltd.,US,NASDAQ,NASDAQ Global,,N,0,,Technology,Electronic Components,150.655,82800000.0,8017592832.0,6,-30.2,2026-08-19,active
CAN,Canaan Inc.,US,NASDAQ,NASDAQ Capital Market,,N,0,,Technology,Semiconductors,0.2401,2400000.0,170347744.0,8,-89.2,2026-08-19,active
CAPR,"Capricor Therapeutics, Inc.",US,NASDAQ,NASDAQ Global Select,,N,0,,Health Care,Biotechnology: Pharmaceutical Preparations,7.98,72800000.0,432911936.0,8,-80.2,2026-08-19,active
CAR,"Avis Budget Group, Inc.",US,NASDAQ,NASDAQ Global Select,SP400,N,0,,Consumer Discretionary,Rental/Leasing Companies,141.46,64500000.0,4861529600.0,8,-83.3,2026-08-19,active
CARE,"Carter Bankshares, Inc.",US,NASDAQ,NASDAQ Global Select,,N,0,,Finance,Major Banks,30.86,14500000.0,756997312.0,6,-14.2,2026-08-19,active
CARG,"CarGurus, Inc.",US,NASDAQ,NASDAQ Global Select,SP600,N,0,,Technology,EDP Services,37.04,35200000.0,3299281664.0,5,-10.1,2026-08-19,active
CARR,Carrier Global Corporation,US,NYSE,NYSE,SP500,N,0,,Industrials,Industrial Machinery/Components,61.2,436000000.0,52220989440.0,7,-20.3,2026-08-19,active
CART,Maplebear Inc.,US,NASDAQ,NASDAQ Global Select,SP400,N,0,,Consumer Discretionary,Business Services,50.67,211000000.0,10722059264.0,5,-0.764,2026-08-19,active
CASH,"Pathward Financial, Inc.",US,NASDAQ,NASDAQ Global Select,SP600,N,0,,Finance,Major Banks,83.71,16100000.0,1800427264.0,7,-17.3,2026-08-19,active
CASS,"Cass Information Systems, Inc.",US,NASDAQ,NASDAQ Global Select,,N,0,,Consumer Discretionary,Business Services,56.7,4160000.0,740880256.0,4,-4.91,2026-08-19,active
CASY,"Caseys General Stores, Inc.",US,NASDAQ,NASDAQ Global Select,SP500,N,0,,Consumer Discretionary,Retail-Auto Dealers and Gas Stations,836.15,250000000.0,32194643968.0,3,-9.88,2026-08-19,active
CAT,"Caterpillar, Inc.",US,NYSE,NYSE,SP500+DOW30,Y,1,CAT19,Industrials,Construction/Ag Equipment/Trucks,816.15,2630000000.0,393743728640.0,6,-24.0,2026-08-19,active
CATY,Cathay General Bancorp,US,NASDAQ,NASDAQ Global Select,SP600,N,0,,Finance,Major Banks,62.51,27800000.0,4170280704.0,3,-4.21,2026-08-19,active
CAVA,"CAVA Group, Inc.",US,NYSE,NYSE,SP400,N,0,,Consumer Discretionary,Restaurants,71.57,255000000.0,8295576064.0,1,-27.6,2026-08-19,active
CB,Chubb Limited,US,NYSE,NYSE,SP500,N,0,,Finance,Property-Casualty Insurers,340.92,584000000.0,133899567104.0,6,-6.83,2026-08-19,active
CBC,"Central Bancompany, Inc.",US,NASDAQ,NASDAQ Global Select,,N,0,,Finance,,31.3,23500000.0,8032233472.0,3,-7.45,2026-08-19,active
CBIO,"Crescent Biopharma, Inc.",US,NASDAQ,NASDAQ Capital Market,,N,0,,Health Care,Biotechnology: Pharmaceutical Preparations,17.32,3710000.0,643704448.0,2,-36.8,2026-08-19,active
CBLL,"CeriBell, Inc.",US,NASDAQ,NASDAQ Global Select,,N,0,,Health Care,Biotechnology: Electromedical & Electrotherapeutic Apparatus,24.89,9600000.0,895361088.0,5,-1.74,2026-08-19,active
CBNK,"Capital Bancorp, Inc.",US,NASDAQ,NASDAQ Global Select,,N,0,,Finance,Major Banks,36.29,2120000.0,617082496.0,3,-6.54,2026-08-19,active
CBOE,"Cboe Global Markets, Inc.",US,Cboe BZX,Cboe BZX,SP500,N,0,,Finance,Investment Bankers/Brokers/Service,280.75,286000000.0,29525782528.0,6,-24.2,2026-08-19,active
CBRE,CBRE Group Inc,US,NYSE,NYSE,SP500,N,0,,Finance,Real Estate,155.07,248000000.0,41681469440.0,2,-11.0,2026-08-19,active
CBRL,"Cracker Barrel Old Country Store, Inc.",US,NASDAQ,NASDAQ Global Select,SP600,N,0,,Consumer Discretionary,Restaurants,56.07,45500000.0,1294708352.0,3,-9.28,2026-08-19,active
CBRS,Cerebras Systems Inc.,US,NASDAQ,NASDAQ Global Select,,Y,1,CBRS03,Technology,Packaged Software,208.8,1470000000.0,46739574106.9,,-46.0,2026-08-19,active
CBSH,"Commerce Bancshares, Inc.",US,NASDAQ,NASDAQ Global Select,SP400,N,0,,Finance,Major Banks,58.87,59400000.0,8443852288.0,3,-3.37,2026-08-19,active
CCAP,"Crescent Capital BDC, Inc.",US,NASDAQ,NASDAQ Global,,N,0,,Finance,Finance: Consumer Services,10.81,2540000.0,417464640.0,8,-23.6,2026-08-19,active
CCB,Coastal Financial Corporation,US,NASDAQ,NASDAQ Global Select,,N,0,,Finance,Major Banks,47.49,21200000.0,773946752.0,8,-60.4,2026-08-19,active
CCBG,"Capital City Bank Group, Inc.",US,NASDAQ,NASDAQ Global Select,,N,0,,Finance,Major Banks,50.99,3840000.0,872606976.0,3,-4.87,2026-08-19,active
CCC,CCC Intelligent Solutions Holdings Inc.,US,NASDAQ,NASDAQ Global Select,,N,0,,Technology,Computer Software: Prepackaged Software,7.44,69500000.0,4382120448.0,2,-26.6,2026-08-19,active
CCCC,"C4 Therapeutics, Inc.",US,NASDAQ,NASDAQ Global Select,,N,0,,Health Care,Biotechnology: Biological Products (No Diagnostic Substances),4.21,9570000.0,517935840.0,5,-18.6,2026-08-19,active
CCEP,Coca-Cola Europacific Partners plc,US,NASDAQ,NASDAQ Global Select,NDX,N,0,,Consumer Staples,Beverages (Production/Distribution),106.68,226000000.0,46650687488.0,3,-6.15,2026-08-19,active
CCI,Crown Castle Inc.,US,NYSE,NYSE,SP500,N,0,,Real Estate,Real Estate Investment Trusts,74.65,308000000.0,33203261440.0,8,-25.2,2026-08-19,active
CCJ,Cameco Corporation,US,NYSE,NYSE,,Y,1,CCJ23,Basic Materials,Other Metals/Minerals,95.99,315000000.0,41806808733.2,,-29.0,2026-08-19,active
CCL,Carnival Corporation Ltd.,US,NYSE,NYSE,SP500,N,0,,Consumer Discretionary,Marine Transportation,26.69,493000000.0,37898190848.0,7,-20.7,2026-08-19,active
CCNE,CNB Financial Corporation,US,NASDAQ,NASDAQ Global Select,,N,0,,Finance,Major Banks,33.84,5700000.0,1015403840.0,3,-6.44,2026-08-19,active
CCOI,"Cogent Communications Holdings, Inc.",US,NASDAQ,NASDAQ Global Select,SP600,N,0,,Consumer Discretionary,Telecommunications Equipment,10.365,19400000.0,579249984.0,8,-77.2,2026-08-19,active
CCRN,"Cross Country Healthcare, Inc.",US,,,,N,0,,Consumer Discretionary,Professional Services,13.25,7140000.0,428060928.0,5,-11.6,2026-07-28,ไม่พบใน SymDir · ข้อมูลค้าง
CCSI,"Consensus Cloud Solutions, Inc.",US,NASDAQ,NASDAQ Global Select,,N,0,,Technology,Computer Software: Prepackaged Software,38.12,5310000.0,698545984.0,5,-7.92,2026-08-19,active
CCTG,CCSC Technology International Holdings Limited,US,NASDAQ,NASDAQ Capital Market,,N,0,,Consumer Discretionary,Building Products,0.6516,294000.0,10320941.0,8,-97.5,2026-08-19,active
CDE,"Coeur Mining, Inc.",US,NYSE,NYSE,SP400,N,0,,Basic Materials,Precious Metals,20.93,666000000.0,19099031552.0,2,-24.5,2026-08-19,active
CDNA,"CareDx, Inc.",US,NASDAQ,NASDAQ Global,,N,0,,Health Care,Medical Specialities,46.51,51400000.0,2344594944.0,5,-6.53,2026-08-19,active
CDNL,Cardinal Infrastructure Group Inc.,US,NASDAQ,NASDAQ Global Select,,N,0,,Industrials,Military/Government/Technical,43.33,39000000.0,805295744.0,7,-55.1,2026-08-19,active
CDNS,"Cadence Design Systems, Inc.",US,NASDAQ,NASDAQ Global Select,SP500+NDX,Y,1,CDNS23,Technology,Computer Software: Prepackaged Software,314.98,785000000.0,89453150208.0,7,-24.4,2026-08-19,active
CDW,CDW Corporation,US,NASDAQ,NASDAQ Global Select,SP500,N,0,,Technology,Retail: Computer Software & Peripheral Equipment,137.2,263000000.0,17758726144.0,2,-18.8,2026-08-19,active
CDXS,"Codexis, Inc.",US,NASDAQ,NASDAQ Global Select,,N,0,,Industrials,Major Chemicals,1.6,2660000.0,175209232.0,8,-47.7,2026-08-19,active
CDZI,Cadiz Inc.,US,NASDAQ,NASDAQ Global,,N,0,,Utilities,Water Supply,3.42,2730000.0,273506944.0,8,-50.9,2026-08-19,active
CECO,CECO Environmental Corp.,US,NASDAQ,NASDAQ Global Select,,N,0,,Industrials,Pollution Control Equipment,75.22,78300000.0,4661572608.0,6,-25.7,2026-08-19,active
CEG,Constellation Energy Corporation,US,NASDAQ,NASDAQ Global Select,SP500+NDX,Y,1,CEG23,Utilities,Electric Utilities: Central,274.17,755000000.0,98724216832.0,1,-33.3,2026-08-19,active
CELC,Celcuity Inc.,US,NASDAQ,NASDAQ Capital Market,,N,0,,Health Care,Medical Specialities,93.65,88400000.0,4562411008.0,7,-38.0,2026-08-19,active
CELH,"Celsius Holdings, Inc.",US,NASDAQ,NASDAQ Capital Market,SP400,N,0,,Consumer Staples,Beverages (Production/Distribution),32.26,364000000.0,6988828160.0,1,-51.7,2026-08-19,active
CENT,Central Garden & Pet Company,US,NASDAQ,NASDAQ Global Select,SP600,N,0,,Consumer Discretionary,Consumer Specialties,44.37,4650000.0,2771600128.0,5,-5.54,2026-08-19,active
CENTA,Central Garden & Pet Company,US,NASDAQ,NASDAQ Global Select,SP600,N,0,,Consumer Discretionary,Consumer Specialties,38.5,11800000.0,2369129728.0,5,-5.64,2026-08-19,active
CENX,Century Aluminum Company,US,NASDAQ,NASDAQ Global Select,SP600,N,0,,Industrials,Aluminum,43.58,103000000.0,4624966656.0,7,-38.1,2026-08-19,active
CEPT,"Cantor Equity Partners II, Inc.",US,,,,N,0,,Finance,Blank Checks,11.78,11300000.0,360232384.0,6,-16.2,2026-07-01,ไม่พบใน SymDir · ข้อมูลค้าง
CERS,Cerus Corporation,US,NASDAQ,NASDAQ Global,,N,0,,Technology,EDP Services,2.85,7880000.0,556208704.0,5,-17.9,2026-08-19,active
CERT,"Certara, Inc.",US,NASDAQ,NASDAQ Global Select,SP600,N,0,,Technology,Computer Software: Prepackaged Software,8.36,32600000.0,1213404032.0,2,-39.8,2026-08-19,active
CEVA,"CEVA, Inc.",US,NASDAQ,NASDAQ Global Select,,N,0,,Technology,Computer Software: Programming Data Processing,29.9,32100000.0,936967488.0,7,-42.1,2026-08-19,active
CF,"CF Industries Holdings, Inc.",US,NYSE,NYSE,SP500,N,0,,Industrials,Agricultural Chemicals,119.02,269000000.0,17903300608.0,4,-15.8,2026-08-19,active
CFFN,"Capitol Federal Financial, Inc.",US,NASDAQ,NASDAQ Global Select,SP600,N,0,,Finance,Savings Institutions,8.49,7770000.0,1077015168.0,6,-7.44,2026-08-19,active
CFG,"Citizens Financial Group, Inc.",US,NYSE,NYSE,SP500,N,0,,Finance,Major Banks,70.76,241000000.0,31474544640.0,3,-6.07,2026-08-19,active
CG,The Carlyle Group Inc.,US,NASDAQ,NASDAQ Global Select,SP400,N,0,,Finance,Investment Managers,49.4,204000000.0,17235816448.0,2,-27.8,2026-08-19,active
CGBD,"Carlyle Secured Lending, Inc.",US,NASDAQ,NASDAQ Global Select,,N,0,,Finance,Finance: Consumer Services,11.33,6740000.0,779555904.0,2,-7.87,2026-08-19,active
CGC,Canopy Growth Corporation,US,NASDAQ,NASDAQ Global Select,,N,0,,Health Care,Medicinal Chemicals and Botanical Products,1.04,3370000.0,448416352.0,1,-56.3,2026-08-19,active
CGEM,"Cullinan Therapeutics, Inc.",US,NASDAQ,NASDAQ Global Select,,N,0,,Health Care,Biotechnology: Biological Products (No Diagnostic Substances),22.52,12000000.0,1204577792.0,5,-0.0887,2026-08-19,active
CGNT,Cognyte Software Ltd.,US,NASDAQ,NASDAQ Global Select,,N,0,,Technology,Computer Software: Prepackaged Software,8.81,4060000.0,661408448.0,7,-28.4,2026-08-19,active
CGNX,Cognex Corporation,US,NASDAQ,NASDAQ Global Select,SP400,N,0,,Industrials,Industrial Machinery/Components,60.64,159000000.0,11203707904.0,6,-16.8,2026-08-19,active
CGON,"CG Oncology, Inc.",US,NASDAQ,NASDAQ Global Select,,N,0,,Health Care,Biotechnology: Biological Products (No Diagnostic Substances),80.68,59200000.0,6650687488.0,5,-0.358,2026-08-19,active
CGTL,Creative Global Technology Holdings Limited,US,NASDAQ,NASDAQ Capital Market,,N,0,,Technology,Retail: Computer Software & Peripheral Equipment,4.78,4270000.0,8197695.0,5,-25.3,2026-08-19,active
CHA,Chagee Holdings Limited,US,NASDAQ,NASDAQ Global Select,,N,0,,Consumer Discretionary,Restaurants,10.37,5290000.0,1951508736.0,8,-53.7,2026-08-19,active
CHAI,Core AI Holdings,US,NASDAQ,NASDAQ Capital Market,,N,0,,Telecommunications,Telecommunications Equipment,0.261,3020000.0,7025435.0,8,-98.3,2026-08-19,active
CHCO,City Holding Company,US,NASDAQ,NASDAQ Global Select,SP600,N,0,,Finance,Major Banks,143.2,16300000.0,2012246400.0,3,-3.89,2026-08-19,active
CHD,"Church & Dwight Company, Inc.",US,NYSE,NYSE,SP500,N,0,,Consumer Discretionary,Package Goods/Cosmetics,99.01,188000000.0,23514021888.0,3,-6.32,2026-08-19,active
CHDN,"Churchill Downs, Incorporated",US,NASDAQ,NASDAQ Global Select,SP400,N,0,,Consumer Discretionary,Services-Misc. Amusement & Recreation,91.75,99700000.0,6252111360.0,1,-22.5,2026-08-19,active
CHEF,"The Chefs' Warehouse, Inc.",US,NASDAQ,NASDAQ Global Select,SP600,N,0,,Consumer Discretionary,Food Distributors,107.36,78300000.0,4450036736.0,4,-8.5,2026-08-19,active
CHI,Calamos Convertible Opportunities and Income Fun,US,NASDAQ,NASDAQ Global Select,,N,0,,Finance,Investment Managers,13.02,1960000.0,1073400256.0,4,-2.86,2026-08-19,active
CHKP,Check Point Software Technologies Ltd.,US,NASDAQ,NASDAQ Global Select,,N,0,,Technology,Computer Software: Prepackaged Software,132.35,163000000.0,13448695808.0,1,-37.2,2026-08-19,active
CHRD,Chord Energy Corporation,US,NASDAQ,NASDAQ Global Select,SP400,N,0,,Energy,Oil & Gas Production,147.83,104000000.0,7511112192.0,5,-1.86,2026-08-19,active
CHRN,ChronoScale Corporation,US,NASDAQ,NASDAQ Capital Market,,N,0,,Industrials,Industrial Machinery/Components,23.7,3810000.0,3039346432.0,5,-21.0,2026-08-19,active
CHRW,"C.H. Robinson Worldwide, Inc.",US,NASDAQ,NASDAQ Global Select,SP500,N,0,,Industrials,Integrated Freight & Logistics,144.52,371000000.0,16887344128.0,7,-31.3,2026-08-19,active
CHTR,"Charter Communications, Inc.",US,NASDAQ,NASDAQ Global Select,SP500,N,0,,Telecommunications,Cable & Other Pay Television Services,152.47,471000000.0,20246274048.0,1,-46.7,2026-08-19,active
CHY,Calamos Convertible and High Income Fund,US,NASDAQ,NASDAQ Global Select,,N,0,,Finance,Investment Managers,13.145,2290000.0,1085262592.0,3,-4.8,2026-08-19,active
CHYM,"Chime Financial, Inc.",US,NASDAQ,NASDAQ Global Select,,N,0,,Finance,Finance: Consumer Services,33.07,277000000.0,11963289600.0,5,-1.02,2026-08-19,active
CI,The Cigna Group,US,NYSE,NYSE,SP500,N,0,,Health Care,Medical Specialities,277.45,505000000.0,73456205824.0,7,-10.6,2026-08-19,active
CIEN,Ciena Corporation,US,NYSE,NYSE,SP500,Y,1,CIEN03,Utilities,Telecommunications Equipment,399.47,889000000.0,56546148352.0,6,-37.3,2026-08-19,active
CIFR,Cipher Digital Inc.,US,NASDAQ,NASDAQ Global Select,,N,0,,Finance,Finance: Consumer Services,15.89,682000000.0,6679919104.0,7,-47.3,2026-08-19,active
CIGI,Colliers International Group Inc.,US,NASDAQ,NASDAQ Global Select,,N,0,,Finance,Real Estate,109.73,22900000.0,5406273024.0,1,-36.0,2026-08-19,active
CIIT,"Tianci International, Inc.",US,NASDAQ,NASDAQ Capital Market,,N,0,,Energy,Oil & Gas Production,3.5,383000.0,3424560.0,1,-59.7,2026-08-19,active
CINF,Cincinnati Financial Corporation,US,NASDAQ,NASDAQ Global Select,SP500,N,0,,Finance,Property-Casualty Insurers,168.49,115000000.0,26577793024.0,6,-13.5,2026-08-19,active
CISS,C3is Inc.,US,NASDAQ,NASDAQ Capital Market,,N,0,,Consumer Discretionary,Marine Transportation,3.09,10300000.0,202167.0,1,-99.6,2026-08-19,active
CIVB,"Civista Bancshares, Inc.",US,NASDAQ,NASDAQ Capital Market,,N,0,,Finance,Major Banks,27.49,3760000.0,595339008.0,6,-7.71,2026-08-19,active
CL,Colgate-Palmolive Company,US,NYSE,NYSE,SP500,N,0,,Consumer Discretionary,Package Goods/Cosmetics,90.87,415000000.0,71912955904.0,6,-7.95,2026-08-19,active
CLBK,"Columbia Financial, Inc.",US,NASDAQ,NASDAQ Global Select,,N,0,,Finance,Savings Institutions,11.69,67300000.0,1226846592.0,8,-45.9,2026-08-19,active
CLBT,Cellebrite DI Ltd.,US,NASDAQ,NASDAQ Global Select,,N,0,,Technology,Computer Software: Prepackaged Software,11.24,48700000.0,2758645248.0,8,-43.7,2026-08-19,active
CLDX,"Celldex Therapeutics, Inc.",US,NASDAQ,NASDAQ Capital Market,,N,0,,Health Care,Biotechnology: In Vitro & In Vivo Diagnostic Substances,41.7,37800000.0,3281749504.0,4,-7.62,2026-08-19,active
CLFD,"Clearfield, Inc.",US,NASDAQ,NASDAQ Global,,N,0,,Utilities,Telecommunications Equipment,27.89,7190000.0,391082080.0,8,-47.1,2026-08-19,active
CLMB,"Climb Global Solutions, Inc.",US,NASDAQ,NASDAQ Global,,N,0,,Technology,Retail: Computer Software & Peripheral Equipment,28.36,4090000.0,527349696.0,5,-21.7,2026-08-19,active
CLMT,"Calumet, Inc.",US,NASDAQ,NASDAQ Global Select,,N,0,,Energy,Integrated oil Companies,49.19,57300000.0,4249879296.0,5,-4.49,2026-08-19,active
CLNE,Clean Energy Fuels Corp.,US,NASDAQ,NASDAQ Global Select,,N,0,,Utilities,Natural Gas Distribution,1.57,3320000.0,353814240.0,8,-49.5,2026-08-19,active
CLOV,"Clover Health Investments, Corp.",US,NASDAQ,NASDAQ Global Select,,N,0,,Health Care,Medical Specialities,4.22,19800000.0,2443318784.0,6,-24.5,2026-08-19,active
CLPT,"ClearPoint Neuro, Inc.",US,NASDAQ,NASDAQ Capital Market,,N,0,,Health Care,Medical/Dental Instruments,15.96,9070000.0,470375200.0,5,-47.0,2026-08-19,active
CLSK,"CleanSpark, Inc.",US,NASDAQ,NASDAQ Capital Market,SP600,N,0,,Finance,Finance: Consumer Services,11.67,275000000.0,3104918528.0,7,-50.6,2026-08-19,active
CLX,Clorox Company (The),US,NYSE,NYSE,SP500,N,0,,Consumer Discretionary,Specialty Chemicals,107.9,275000000.0,12782407680.0,2,-15.2,2026-08-19,active
CLYM,"Climb Bio, Inc.",US,NASDAQ,NASDAQ Global,,N,0,,Health Care,Biotechnology: Pharmaceutical Preparations,17.34,16600000.0,998816448.0,5,-4.38,2026-08-19,active
CMCO,Columbus McKinnon Corporation,US,NASDAQ,NASDAQ Global Select,,N,0,,Industrials,Construction/Ag Equipment/Trucks,17.69,14600000.0,564295936.0,3,-26.9,2026-08-19,active
CMCSA,Comcast Corporation,US,NASDAQ,NASDAQ Global Select,SP500+NDX,N,0,,Telecommunications,Cable & Other Pay Television Services,26.59,723000000.0,89425649664.0,2,-18.1,2026-08-19,active
CME,CME Group Inc.,US,NASDAQ,NASDAQ Global Select,SP500,Y,1,CME03,Finance,Investment Bankers/Brokers/Service,266.94,534000000.0,94270898176.0,1,-16.5,2026-08-19,active
CMG,"Chipotle Mexican Grill, Inc.",US,NYSE,NYSE,SP500,N,0,,Consumer Discretionary,Restaurants,34.66,661000000.0,43859386368.0,1,-21.2,2026-08-19,active
CMI,Cummins Inc.,US,NYSE,NYSE,SP500,N,0,,Industrials,Industrial Machinery/Components,608.37,621000000.0,88264957952.0,6,-17.5,2026-08-19,active
CMND,Clearmind Medicine Inc.,US,NASDAQ,NASDAQ Capital Market,,N,0,,Health Care,Biotechnology: Pharmaceutical Preparations,1.91,249000.0,2451159.0,8,-99.6,2026-08-19,active
CMPR,Cimpress plc,US,NASDAQ,NASDAQ Global Select,,N,0,,Consumer Discretionary,Publishing,90.13,20300000.0,2183661056.0,6,-15.4,2026-08-19,active
CMPS,COMPASS Pathways plc,US,NASDAQ,NASDAQ Global Select,,N,0,,Health Care,Biotechnology: Pharmaceutical Preparations,14.01,36300000.0,1969140352.0,5,-9.03,2026-08-19,active
CMPX,"Compass Therapeutics, Inc.",US,NASDAQ,NASDAQ Capital Market,,N,0,,Health Care,Biotechnology: Biological Products (No Diagnostic Substances),2.48,7340000.0,405197824.0,1,-64.0,2026-08-19,active
CMS,CMS Energy Corporation,US,NYSE,NYSE,SP500,N,0,,Utilities,Power Generation,70.61,283000000.0,22282790912.0,8,-11.5,2026-08-19,active
CNC,Centene Corporation,US,NYSE,NYSE,SP500,N,0,,Health Care,Medical Specialities,64.7,322000000.0,32885248000.0,3,-6.72,2026-08-19,active
CNOB,"ConnectOne Bancorp, Inc.",US,NASDAQ,NASDAQ Global Select,,N,0,,Finance,Major Banks,32.04,14100000.0,1793105024.0,6,-6.15,2026-08-19,active
CNP,"CenterPoint Energy, Inc (Holding Co)",US,NYSE,NYSE,SP500,N,0,,Utilities,Electric Utilities: Central,40.4,254000000.0,26612299776.0,7,-10.7,2026-08-19,active
CNTA,Centessa Pharmaceuticals plc,US,,,,N,0,,Health Care,,40.5,82900000.0,6266618368.0,5,-0.148,2026-06-29,ไม่พบใน SymDir · ข้อมูลค้าง
CNTN,"Canton Strategic Holdings, Inc.",US,NASDAQ,NASDAQ Capital Market,,N,0,,Health Care,Biotechnology: Pharmaceutical Preparations,2.09,1370000.0,151931488.0,8,-77.0,2026-08-19,active
CNXC,Concentrix Corporation,US,NASDAQ,NASDAQ Global Select,SP600,N,0,,Technology,Computer Software: Prepackaged Software,25.72,29900000.0,1494339456.0,1,-54.2,2026-08-19,active
CNXN,"PC Connection, Inc.",US,NASDAQ,NASDAQ Global Select,SP600,N,0,,Consumer Discretionary,Catalog/Specialty Distribution,77.95,13500000.0,2025609984.0,3,-11.7,2026-08-19,active
COCO,"The Vita Coco Company, Inc.",US,NASDAQ,NASDAQ Global Select,SP600,N,0,,Consumer Staples,Beverages (Production/Distribution),67.57,73500000.0,3909880832.0,6,-21.3,2026-08-19,active
CODX,"Co-Diagnostics, Inc.",US,NASDAQ,NASDAQ Capital Market,,N,0,,Health Care,Medical/Dental Instruments,1.1,725000.0,4643495.0,8,-97.6,2026-08-19,active
COF,Capital One Financial Corporation,US,NYSE,NYSE,SP500,N,0,,Finance,Major Banks,220.73,745000000.0,137316319232.0,5,-14.3,2026-08-19,active
COFS,"ChoiceOne Financial Services, Inc.",US,NASDAQ,NASDAQ Capital Market,,N,0,,Finance,Major Banks,33.225,2790000.0,514170784.0,6,-5.07,2026-08-19,active
COGT,"Cogent Biosciences, Inc.",US,NASDAQ,NASDAQ Global Select,,N,0,,Health Care,Biotechnology: Pharmaceutical Preparations,36.85,73800000.0,6394395136.0,6,-15.7,2026-08-19,active
COHR,Coherent Corp.,US,NYSE,NYSE,SP500,Y,2,COHR23 COHR80,Technology,Electronic Components,287.47,2370000000.0,64019058688.0,6,-34.7,2026-08-19,active
COHU,"Cohu, Inc.",US,NASDAQ,NASDAQ Global Select,SP600,N,0,,Industrials,Electrical Products,55.19,58700000.0,2964332544.0,4,-26.0,2026-08-19,active
COIN,"Coinbase Global, Inc.",US,NASDAQ,NASDAQ Global Select,SP500,Y,3,COIN01 COIN23 COIN80,Finance,Finance: Consumer Services,160.2,1200000000.0,42266673152.0,1,-60.2,2026-08-19,active
COKE,"Coca-Cola Consolidated, Inc.",US,NASDAQ,NASDAQ Global Select,SP400,N,0,,Consumer Staples,Beverages (Production/Distribution),186.84,90800000.0,12587973632.0,4,-14.8,2026-08-19,active
COLB,"Columbia Banking System, Inc.",US,NASDAQ,NASDAQ Global Select,SP400,N,0,,Finance,Major Banks,31.07,99400000.0,8837866496.0,6,-7.75,2026-08-19,active
COLL,"Collegium Pharmaceutical, Inc.",US,NASDAQ,NASDAQ Global Select,SP600,N,0,,Health Care,Biotechnology: Pharmaceutical Preparations,28.74,21200000.0,913010880.0,8,-43.4,2026-08-19,active
COLM,Columbia Sportswear Company,US,NASDAQ,NASDAQ Global Select,SP400,N,0,,Consumer Discretionary,Apparel,60.315,43800000.0,2939513088.0,6,-12.7,2026-08-19,active
COMP,"Compass, Inc.",US,NYSE,NYSE,,N,0,,Technology,EDP Services,12.8,137000000.0,9772115968.0,5,-8.28,2026-08-19,active
COO,"The Cooper Companies, Inc.",US,NASDAQ,NASDAQ Global Select,SP500,N,0,,Health Care,Ophthalmic Goods,76.73,138000000.0,14964700160.0,2,-14.6,2026-08-19,active
COP,ConocoPhillips,US,NYSE,NYSE,SP500,N,0,,Energy,Integrated oil Companies,130.58,814000000.0,149590540288.0,5,-3.18,2026-08-19,active
COR,"Cencora, Inc.",US,NYSE,NYSE,SP500,N,0,,Health Care,Other Pharmaceuticals,317.1,469000000.0,59885383680.0,2,-15.7,2026-08-19,active
CORT,Corcept Therapeutics Incorporated,US,NASDAQ,NASDAQ Capital Market,SP600,N,0,,Health Care,Biotechnology: Pharmaceutical Preparations,119.02,130000000.0,11945954304.0,5,-2.61,2026-08-19,active
CORZ,"Core Scientific, Inc.",US,NASDAQ,NASDAQ Global Select,,N,0,,Finance,Finance: Consumer Services,18.72,294000000.0,6057267712.0,7,-38.5,2026-08-19,active
COST,Costco Wholesale Corporation,US,NASDAQ,NASDAQ Global Select,SP500+NDX,Y,2,COSTCO19 COSTCO80,Consumer Discretionary,Department/Specialty Retail Stores,956.99,1700000000.0,420927930368.0,1,-12.7,2026-08-19,active
CPAY,"Corpay, Inc.",US,NYSE,NYSE,SP500,N,0,,Consumer Discretionary,Business Services,407.08,228000000.0,27419449344.0,5,-4.43,2026-08-19,active
CPB,The Campbell's Company,US,NASDAQ,NASDAQ Global Select,SP600,N,0,,Consumer Staples,Packaged Foods,23.81,122000000.0,7100290560.0,1,-27.1,2026-08-19,active
CPNG,"Coupang, Inc.",US,NYSE,NYSE,,N,0,,Consumer Discretionary,Catalog/Specialty Distribution,16.66,298000000.0,29658943488.0,8,-51.1,2026-08-19,active
CPOP,"Pop Culture Group Co., Ltd",US,NASDAQ,NASDAQ Capital Market,,N,0,,Consumer Discretionary,Services-Misc. Amusement & Recreation,0.3611,3500000.0,4838656.0,1,-86.2,2026-08-19,active
CPRT,"Copart, Inc.",US,NASDAQ,NASDAQ Global Select,SP500+NDX,N,0,,Consumer Discretionary,Retail-Auto Dealers and Gas Stations,33.85,367000000.0,27209598976.0,1,-32.4,2026-08-19,active
CPRX,"Catalyst Pharmaceuticals, Inc.",US,,,,N,0,,Health Care,Biotechnology: Pharmaceutical Preparations,31.49,69200000.0,3854925568.0,5,-3.29,2026-07-21,ไม่พบใน SymDir · ข้อมูลค้าง
CPSH,CPS Technologies Corporation,US,NASDAQ,NASDAQ Capital Market,,N,0,,Consumer Discretionary,Building Materials,4.0,1230000.0,82468960.0,7,-72.2,2026-08-19,active
CPT,Camden Property Trust,US,NYSE,NYSE,SP500,N,0,,Real Estate,Real Estate Investment Trusts,108.4,101000000.0,10896454656.0,6,-9.52,2026-08-19,active
CR,Crane Company,US,NYSE,NYSE,SP400,N,0,,Industrials,Metal Fabrications,208.96,103000000.0,12425920512.0,6,-9.34,2026-08-19,active
CRAI,"CRA International, Inc.",US,NASDAQ,NASDAQ Global Select,,N,0,,Consumer Discretionary,Other Consumer Services,173.33,25500000.0,1055579520.0,2,-23.2,2026-08-19,active
CRBP,"Corbus Pharmaceuticals Holdings, Inc.",US,NASDAQ,NASDAQ Capital Market,,N,0,,Health Care,Biotechnology: Pharmaceutical Preparations,9.99,3490000.0,195153632.0,2,-51.4,2026-08-19,active
CRBU,"Caribou Biosciences, Inc.",US,NASDAQ,NASDAQ Global Select,,N,0,,Health Care,Biotechnology: Biological Products (No Diagnostic Substances),1.64,1640000.0,159680736.0,8,-53.6,2026-08-19,active
CRCL,"Circle Internet Group, Inc.",US,NYSE,NYSE,,N,0,,Finance,Finance: Consumer Services,78.59,775000000.0,20548143104.0,1,-50.7,2026-08-19,active
CRCT,"Cricut, Inc.",US,NASDAQ,NASDAQ Global Select,,N,0,,Technology,Industrial Machinery/Components,5.43,4900000.0,1139749632.0,4,-20.0,2026-08-19,active
CRDO,Credo Technology Group Holding Ltd,US,NASDAQ,NASDAQ Global Select,,Y,1,CRDO23,Technology,Semiconductors,234.82,1200000000.0,45867970560.0,3,-23.9,2026-08-19,active
CRESY,"Cresud Sociedad Anónima, Comercial, Inmobiliaria",US,NASDAQ,NASDAQ Global Select,,N,0,,Finance,Real Estate,10.91,2330000.0,751807168.0,8,-23.2,2026-08-19,active
CRH,CRH PLC,US,NYSE,NYSE,SP500,N,0,,Industrials,Building Materials,94.74,460000000.0,63900577792.0,8,-27.5,2026-08-19,active
CRL,"Charles River Laboratories International, Inc.",US,NYSE,NYSE,SP500,N,0,,Health Care,Biotechnology: Commercial Physical & Biological Resarch,290.0,247000000.0,13489371136.0,5,-1.55,2026-08-19,active
CRM,"Salesforce, Inc.",US,NYSE,NYSE,SP500+DOW30,Y,3,CRM01 CRM06 CRM80,Technology,Computer Software: Prepackaged Software,206.09,2410000000.0,161727938560.0,2,-23.0,2026-08-19,active
CRMD,CorMedix Inc.,US,NASDAQ,NASDAQ Global,,N,0,,Health Care,Biotechnology: Pharmaceutical Preparations,8.52,10900000.0,636805120.0,2,-43.0,2026-08-19,active
CRML,Critical Metals Corp.,US,NASDAQ,NASDAQ Global,,N,0,,Basic Materials,Metal Mining,6.17,37500000.0,966528000.0,8,-80.8,2026-08-19,active
CRNC,Cerence Inc.,US,NASDAQ,NASDAQ Global Select,,N,0,,Technology,Computer Software: Prepackaged Software,8.12,6380000.0,406620000.0,8,-40.9,2026-08-19,active
CRNX,"Crinetics Pharmaceuticals, Inc.",US,NASDAQ,NASDAQ Global Select,,N,0,,Health Care,Biotechnology: Pharmaceutical Preparations,84.69,205000000.0,8991568896.0,5,-0.124,2026-08-19,active
CRON,Cronos Group Inc.,US,NASDAQ,NASDAQ Global,,N,0,,Health Care,Medicinal Chemicals and Botanical Products,3.29,4460000.0,1160500608.0,5,-4.08,2026-08-19,active
CROX,"Crocs, Inc.",US,NASDAQ,NASDAQ Global Select,SP400,N,0,,Consumer Discretionary,Shoe Manufacturing,125.73,142000000.0,6315325440.0,6,-11.0,2026-08-19,active
CRS,Carpenter Technology Corporation,US,NYSE,NYSE,SP400,N,0,,Industrials,Steel/Iron Ore,509.96,375000000.0,25272887296.0,6,-18.5,2026-08-19,active
CRSP,CRISPR Therapeutics AG,US,NASDAQ,NASDAQ Global,,Y,1,CRSP03,Health Care,Biotechnology: Biological Products (No Diagnostic Substances),59.81,75400000.0,5220436480.0,2,-23.8,2026-08-19,active
CRSR,"Corsair Gaming, Inc.",US,NASDAQ,NASDAQ Global Select,SP600,N,0,,Technology,Computer peripheral equipment,11.35,28000000.0,1397646336.0,3,-24.2,2026-08-19,active
CRTO,Criteo S.A.,US,NASDAQ,NASDAQ Global Select,,N,0,,Consumer Discretionary,Advertising,17.85,11200000.0,954646016.0,8,-29.4,2026-08-19,active
CRUS,"Cirrus Logic, Inc.",US,NASDAQ,NASDAQ Global Select,SP400,N,0,,Technology,Semiconductors,118.07,106000000.0,6108829184.0,8,-34.6,2026-08-19,active
CRVL,CorVel Corporation,US,NASDAQ,NASDAQ Global Select,SP600,N,0,,Finance,Specialty Insurers,70.78,11400000.0,3169914880.0,2,-24.5,2026-08-19,active
CRVS,"Corvus Pharmaceuticals, Inc.",US,NASDAQ,NASDAQ Global,,N,0,,Health Care,Biotechnology: Pharmaceutical Preparations,15.4,11600000.0,1247513600.0,5,-42.9,2026-08-19,active
CRWD,"CrowdStrike Holdings, Inc.",US,NASDAQ,NASDAQ Global Select,SP500+NDX,Y,2,CRWD06 CRWD80,Technology,Computer Software: Prepackaged Software,201.63,1500000000.0,217805651968.0,8,-74.3,2026-08-19,active
CRWV,"CoreWeave, Inc.",US,NASDAQ,NASDAQ Global Select,NDX,Y,2,CRWV03 CRWV23,Technology,Computer Software: Prepackaged Software,90.87,2980000000.0,48113852416.0,8,-40.7,2026-08-19,active
CSCO,"Cisco Systems, Inc.",US,NASDAQ,NASDAQ Global Select,SP500+NDX+DOW30,Y,1,CSCO06,Telecommunications,Computer Communications Equipment,110.55,2690000000.0,435725598720.0,6,-15.2,2026-08-19,active
CSGP,"CoStar Group, Inc.",US,NASDAQ,NASDAQ Global Select,SP500,N,0,,Finance,Real Estate,33.73,222000000.0,12715100160.0,1,-63.3,2026-08-19,active
CSIQ,Canadian Solar Inc.,US,NASDAQ,NASDAQ Global Select,,N,0,,Technology,Semiconductors,15.78,25900000.0,1004192960.0,1,-54.4,2026-08-19,active
CSQ,Calamos Strategic Total Return Fund,US,NASDAQ,NASDAQ Global Select,,N,0,,Finance,Finance Companies,20.82,3670000.0,3334084864.0,5,-1.23,2026-08-19,active
CSTL,"Castle Biosciences, Inc.",US,NASDAQ,NASDAQ Global,,N,0,,Health Care,Medical Specialities,32.32,15000000.0,933287424.0,5,-27.0,2026-08-19,active
CSWC,Capital Southwest Corporation,US,NASDAQ,NASDAQ Global Select,,N,0,,Consumer Discretionary,Textiles,24.56,15600000.0,1565303808.0,4,-2.45,2026-08-19,active
CSX,CSX Corporation,US,NASDAQ,NASDAQ Global Select,SP500+NDX,N,0,,Industrials,Railroads,50.68,633000000.0,93123911680.0,5,-5.45,2026-08-19,active
CTAS,Cintas Corporation,US,NASDAQ,NASDAQ Global Select,SP500+NDX,N,0,,Industrials,Garments and Clothing,203.08,436000000.0,81118371840.0,5,-7.34,2026-08-19,active
CTBI,"Community Trust Bancorp, Inc.",US,NASDAQ,NASDAQ Global Select,,N,0,,Finance,Major Banks,76.11,8570000.0,1432906624.0,3,-4.77,2026-08-19,active
CTKB,"Cytek Biosciences, Inc.",US,NASDAQ,NASDAQ Global Select,,N,0,,Industrials,Biotechnology: Laboratory Analytical Instruments,4.7,3680000.0,545929664.0,5,-23.9,2026-08-19,active
CTMX,"CytomX Therapeutics, Inc.",US,NASDAQ,NASDAQ Global Select,,N,0,,Health Care,Biotechnology: Pharmaceutical Preparations,3.57,7540000.0,760468480.0,1,-56.5,2026-08-19,active
CTNM,"Contineum Therapeutics, Inc.",US,NASDAQ,NASDAQ Global Select,,N,0,,Health Care,Biotechnology: Pharmaceutical Preparations,16.02,7440000.0,533843840.0,5,-5.26,2026-08-19,active
CTNT,Cheetah Net Supply Chain Service Inc.,US,NASDAQ,NASDAQ Capital Market,,N,0,,Consumer Discretionary,Motor Vehicles,1.57,826000.0,4960244.0,8,-99.6,2026-08-19,active
CTRE,"CareTrust REIT, Inc.",US,NYSE,NYSE,SP400,N,0,,Real Estate,Real Estate Investment Trusts,39.82,78600000.0,9276870656.0,6,-8.71,2026-08-19,active
CTRN,"Citi Trends, Inc.",US,NASDAQ,NASDAQ Global Select,,N,0,,Consumer Discretionary,Clothing/Shoe/Accessory Stores,70.91,8630000.0,599165952.0,4,-8.98,2026-08-19,active
CTSH,Cognizant Technology Solutions Corporation,US,NASDAQ,NASDAQ Global Select,SP500,N,0,,Technology,EDP Services,60.93,533000000.0,26215854080.0,2,-29.1,2026-08-19,active
CTVA,"Corteva, Inc.",US,NYSE,NYSE,SP500,N,0,,Consumer Staples,Farming/Seeds/Milling,78.57,386000000.0,51981246464.0,6,-13.6,2026-08-19,active
CUB,Lionheart Holdings,US,NASDAQ,NASDAQ Global,,N,0,,Finance,Blank Checks,10.86,1020000.0,284651616.0,5,-3.25,2026-08-19,active
CUE,"Cue Biopharma, Inc.",US,NASDAQ,NASDAQ Capital Market,,N,0,,Health Care,Biotechnology: Pharmaceutical Preparations,26.28,6190000.0,186695440.0,6,-42.2,2026-08-19,active
CVBF,CVB Financial Corp.,US,NASDAQ,NASDAQ Global Select,SP600,N,0,,Finance,Major Banks,22.53,30300000.0,4076100608.0,3,-3.76,2026-08-19,active
CVCO,"Cavco Industries, Inc.",US,NASDAQ,NASDAQ Global Select,SP600,N,0,,Consumer Discretionary,Homebuilding,598.85,71700000.0,4601184256.0,5,-16.0,2026-08-19,active
CVGI,"Commercial Vehicle Group, Inc.",US,NASDAQ,NASDAQ Global Select,,N,0,,Consumer Discretionary,Auto Parts:O.E.M.,3.12,2060000.0,132462536.0,7,-46.9,2026-08-19,active
CVLT,"Commvault Systems, Inc.",US,NASDAQ,NASDAQ Global Select,SP400,N,0,,Technology,Computer Software: Prepackaged Software,137.32,92300000.0,6095874048.0,3,-30.7,2026-08-19,active
CVNA,Carvana Co.,US,NYSE,NYSE,SP500,N,0,,Consumer Discretionary,Retail-Auto Dealers and Gas Stations,70.44,724000000.0,104298987520.0,2,-27.7,2026-08-19,active
CVS,CVS Health Corporation,US,NYSE,NYSE,SP500,N,0,,Consumer Staples,Retail-Drug Stores and Proprietary Stores,93.65,809000000.0,121489391616.0,6,-14.9,2026-08-19,active
CVX,Chevron Corporation,US,NYSE,NYSE,SP500+DOW30,N,0,,Energy,Integrated oil Companies,205.76,1570000000.0,403580289024.0,5,-3.29,2026-08-19,active
CW,Curtiss-Wright Corporation,US,NYSE,NYSE,SP400,N,0,,Technology,Industrial Machinery/Components,673.34,199000000.0,25828626432.0,6,-16.7,2026-08-19,active
CWBC,Community West Bancshares,US,NASDAQ,NASDAQ Capital Market,,N,0,,Finance,Major Banks,25.81,6680000.0,704865408.0,3,-8.38,2026-08-19,active
CWCO,Consolidated Water Co. Ltd.,US,NASDAQ,NASDAQ Global Select,,N,0,,Utilities,Water Supply,29.69,2580000.0,475421984.0,8,-23.8,2026-08-19,active
CWST,"Casella Waste Systems, Inc.",US,NASDAQ,NASDAQ Global Select,SP600,N,0,,Utilities,Environmental Services,92.85,51100000.0,5908978176.0,2,-14.0,2026-08-19,active
CXAI,CXApp Inc.,US,NASDAQ,NASDAQ Capital Market,,N,0,,Technology,EDP Services,4.59,1570000.0,17726580.0,5,-47.5,2026-08-19,active
CXDO,"Crexendo, Inc.",US,NASDAQ,NASDAQ Capital Market,,N,0,,Telecommunications,Telecommunications Equipment,6.57,3280000.0,221137712.0,7,-41.5,2026-08-19,active
CYPH,Cypherpunk Technologies Inc.,US,NASDAQ,NASDAQ Capital Market,,N,0,,Health Care,Biotechnology: Pharmaceutical Preparations,1.07,1460000.0,70042976.0,2,-71.1,2026-08-19,active
CYRX,"Cryoport, Inc.",US,NASDAQ,NASDAQ Capital Market,,N,0,,Health Care,Biotechnology: Pharmaceutical Preparations,16.31,8350000.0,768635264.0,5,-3.43,2026-08-19,active
CYTK,"Cytokinetics, Incorporated",US,NASDAQ,NASDAQ Global Select,SP400,N,0,,Health Care,Biotechnology: Pharmaceutical Preparations,77.74,147000000.0,10807681024.0,3,-12.0,2026-08-19,active
CZR,"Caesars Entertainment, Inc.",US,NASDAQ,NASDAQ Global Select,SP600,N,0,,Consumer Discretionary,Hotels/Resorts,29.59,121000000.0,6036234240.0,3,-4.18,2026-08-19,active
D,"Dominion Energy, Inc.",US,NYSE,NYSE,SP500,N,0,,Utilities,Electric Utilities: Central,68.29,236000000.0,60062826496.0,6,-6.44,2026-08-19,active
DAKT,"Daktronics, Inc.",US,NASDAQ,NASDAQ Global Select,,N,0,,Consumer Discretionary,Miscellaneous manufacturing industries,19.5,8250000.0,1058886656.0,7,-31.0,2026-08-19,active
DAL,"Delta Air Lines, Inc.",US,NYSE,NYSE,SP500,N,0,,Consumer Discretionary,Air Freight/Delivery Services,83.29,443000000.0,54773424128.0,6,-12.7,2026-08-19,active
DASH,"DoorDash, Inc.",US,NASDAQ,NASDAQ Global Select,SP500+NDX,Y,1,DASH03,Technology,EDP Services,220.22,906000000.0,92372369408.0,5,-22.9,2026-08-19,active
DAVE,Dave Inc.,US,NASDAQ,NASDAQ Global,SP600,N,0,,Finance,Finance: Consumer Services,345.05,168000000.0,4401287680.0,6,-24.7,2026-08-19,active
DBGI,"Digital Brands Group, Inc.",US,NASDAQ,NASDAQ Capital Market,,N,0,,Consumer Discretionary,Clothing/Shoe/Accessory Stores,11.85,3500000.0,9797595.0,1,-61.7,2026-08-19,active
DBVT,DBV Technologies S.A.,US,NASDAQ,NASDAQ Capital Market,,N,0,,Health Care,Biotechnology: Biological Products (No Diagnostic Substances),14.78,5030000.0,885497472.0,8,-43.6,2026-08-19,active
DBX,"Dropbox, Inc.",US,NASDAQ,NASDAQ Global Select,SP400,N,0,,Technology,Computer Software: Prepackaged Software,33.99,152000000.0,7484374528.0,5,-6.36,2026-08-19,active
DCI,"Donaldson Company, Inc.",US,NYSE,NYSE,SP400,N,0,,Industrials,Pollution Control Equipment,92.8,58200000.0,10974458880.0,3,-17.5,2026-08-19,active
DCTH,"Delcath Systems, Inc.",US,NASDAQ,NASDAQ Capital Market,,N,0,,Health Care,Medical/Dental Instruments,17.15,11100000.0,595084352.0,5,-1.55,2026-08-19,active
DD,"DuPont de Nemours, Inc.",US,NYSE,NYSE,SP500,N,0,,Industrials,Major Chemicals,139.68,245000000.0,19751385088.0,3,-6.52,2026-08-19,active
DDOG,"Datadog, Inc.",US,NASDAQ,NASDAQ Global Select,SP500+NDX,Y,1,DDOG19,Technology,Computer Software: Prepackaged Software,233.52,1350000000.0,83851198464.0,6,-20.2,2026-08-19,active
DE,Deere & Company,US,NYSE,NYSE,SP500,N,0,,Industrials,Industrial Machinery/Components,580.63,636000000.0,165304287232.0,6,-13.6,2026-08-19,active
DECK,Deckers Outdoor Corporation,US,NYSE,NYSE,SP500,N,0,,Consumer Discretionary,Shoe Manufacturing,91.57,241000000.0,12470172672.0,8,-27.0,2026-08-19,active
DELL,Dell Technologies Inc.,US,NYSE,NYSE,SP500,Y,2,DELL19 DELL23,Technology,Computer Manufacturing,437.55,2620000000.0,310025584640.0,3,-14.9,2026-08-19,active
DEVS,DevvStream Corp.,US,,,,N,0,,Industrials,,0.1371,1660000.0,5365357.0,8,-98.6,2026-07-17,ไม่พบใน SymDir · ข้อมูลค้าง
DFDV,DeFi Development Corp.,US,NASDAQ,NASDAQ Capital Market,,N,0,,Finance,Finance: Consumer Services,3.42,2050000.0,106012448.0,1,-83.2,2026-08-19,active
DFTX,"Definium Therapeutics, Inc.",US,NASDAQ,NASDAQ Global Select,,N,0,,Health Care,Medicinal Chemicals and Botanical Products,45.82,96600000.0,6081447424.0,5,-7.81,2026-08-19,active
DG,Dollar General Corporation,US,NYSE,NYSE,SP500,Y,1,DOLLARG80,Consumer Discretionary,Department/Specialty Retail Stores,122.31,240000000.0,27924062208.0,3,-21.9,2026-08-19,active
DGII,Digi International Inc.,US,NASDAQ,NASDAQ Global Select,SP600,N,0,,Telecommunications,Computer Communications Equipment,76.09,27700000.0,3075315968.0,3,-12.4,2026-08-19,active
DGX,Quest Diagnostics Incorporated,US,NYSE,NYSE,SP500,N,0,,Health Care,Medical Specialities,241.76,236000000.0,26075705344.0,5,-0.26,2026-08-19,active
DGXX,Digi Power X Inc.,US,NASDAQ,NASDAQ Capital Market,,N,0,,Finance,Finance: Consumer Services,3.58,14000000.0,412910624.0,7,-61.1,2026-08-19,active
DHC,Diversified Healthcare Trust,US,NASDAQ,NASDAQ Global Select,,N,0,,Real Estate,Real Estate Investment Trusts,8.1,16200000.0,2026619648.0,6,-16.1,2026-08-19,active
DHI,"D.R. Horton, Inc.",US,NYSE,NYSE,SP500,N,0,,Consumer Discretionary,Homebuilding,151.86,338000000.0,40746881024.0,3,-17.0,2026-08-19,active
DHR,Danaher Corporation,US,NYSE,NYSE,SP500,N,0,,Industrials,Industrial Machinery/Components,211.5,937000000.0,143331819520.0,2,-12.7,2026-08-19,active
DIOD,Diodes Incorporated,US,NASDAQ,NASDAQ Global Select,SP600,N,0,,Technology,Semiconductors,94.32,64600000.0,4343596544.0,6,-25.1,2026-08-19,active
DIS,Walt Disney Company (The),US,NYSE,NYSE,SP500+DOW30,Y,1,DISNEY19,Consumer Discretionary,Services-Misc. Amusement & Recreation,106.93,1120000000.0,180956790784.0,2,-10.1,2026-08-19,active
DJCO,Daily Journal Corporation,US,NASDAQ,NASDAQ Capital Market,,N,0,,Consumer Discretionary,Newspapers/Magazines,598.15,38800000.0,821098816.0,5,-11.4,2026-08-19,active
DJT,Trump Media & Technology Group Corp.,US,NASDAQ,NASDAQ Global,,N,0,,Technology,Computer Software: Programming Data Processing,8.35,43200000.0,2298574592.0,8,-56.0,2026-08-19,active
DKNG,DraftKings Inc.,US,NASDAQ,NASDAQ Global Select,,N,0,,Consumer Discretionary,Services-Misc. Amusement & Recreation,25.31,314000000.0,12560286720.0,1,-48.1,2026-08-19,active
DLO,DLocal Limited,US,NASDAQ,NASDAQ Global Select,,N,0,,Consumer Discretionary,Business Services,14.3,32900000.0,4208048384.0,3,-13.3,2026-08-19,active
DLR,"Digital Realty Trust, Inc.",US,NYSE,NYSE,SP500,N,0,,Real Estate,Real Estate Investment Trusts,192.35,521000000.0,71878352896.0,4,-7.29,2026-08-19,active
DLTR,"Dollar Tree, Inc.",US,NASDAQ,NASDAQ Global Select,SP500,N,0,,Consumer Discretionary,Department/Specialty Retail Stores,131.84,253000000.0,24609878016.0,5,-7.42,2026-08-19,active
DMLP,"Dorchester Minerals, L.P.",US,NASDAQ,NASDAQ Global Select,,N,0,,Energy,Oil & Gas Production,28.21,6710000.0,1258502144.0,5,-2.35,2026-08-19,active
DMRA,"Damora Therapeutics, Inc.",US,NASDAQ,NASDAQ Capital Market,,N,0,,Health Care,Biotechnology: Pharmaceutical Preparations,32.44,11600000.0,1916270592.0,5,-15.4,2026-08-19,active
DNLI,Denali Therapeutics Inc.,US,NASDAQ,NASDAQ Global Select,,N,0,,Health Care,Biotechnology: Biological Products (No Diagnostic Substances),25.69,33800000.0,3892284416.0,5,-5.9,2026-08-19,active
DNTH,"Dianthus Therapeutics, Inc.",US,NASDAQ,NASDAQ Capital Market,,N,0,,Health Care,Biotechnology: Pharmaceutical Preparations,113.7,83200000.0,6486150144.0,5,-3.54,2026-08-19,active
DNUT,"Krispy Kreme, Inc.",US,NASDAQ,NASDAQ Global Select,,N,0,,Consumer Staples,Food Chains,3.5,10300000.0,577755008.0,1,-31.5,2026-08-19,active
DOC,"Healthpeak Properties, Inc.",US,NYSE,NYSE,SP500,N,0,,Real Estate,Real Estate Investment Trusts,20.76,123000000.0,14717745152.0,6,-9.54,2026-08-19,active
DOCN,"DigitalOcean Holdings, Inc.",US,NYSE,NYSE,SP400,N,0,,Technology,Computer Software: Programming Data Processing,116.66,391000000.0,15253595136.0,6,-37.8,2026-08-19,active
DOCU,"DocuSign, Inc.",US,NASDAQ,NASDAQ Global Select,SP400,N,0,,Technology,Computer Software: Prepackaged Software,62.11,175000000.0,11422306304.0,2,-28.3,2026-08-19,active
DOMO,"Domo, Inc.",US,NASDAQ,NASDAQ Global,,N,0,,Technology,Computer Software: Prepackaged Software,3.74,10400000.0,175915232.0,1,-79.8,2026-08-19,active
DOO,BRP Inc.,US,NASDAQ,NASDAQ Global Select,,N,0,,Consumer Discretionary,Industrial Specialties,68.18,14500000.0,4731578368.0,2,-16.5,2026-08-19,active
DORM,"Dorman Products, Inc.",US,NASDAQ,NASDAQ Global Select,SP600,N,0,,Consumer Discretionary,Auto Parts:O.E.M.,134.12,46700000.0,3967630080.0,3,-19.6,2026-08-19,active
DOV,Dover Corporation,US,NYSE,NYSE,SP500,N,0,,Industrials,Industrial Machinery/Components,202.38,251000000.0,27348166656.0,7,-14.4,2026-08-19,active
DOW,Dow Inc.,US,NYSE,NYSE,SP500,N,0,,Industrials,Major Chemicals,31.75,283000000.0,22089179136.0,2,-25.0,2026-08-19,active
DOX,Amdocs Limited,US,NASDAQ,NASDAQ Global Select,,N,0,,Technology,EDP Services,60.21,70600000.0,6215902208.0,1,-30.4,2026-08-19,active
DPRO,Draganfly Inc.,US,NASDAQ,NASDAQ Capital Market,,N,0,,Industrials,Aerospace,4.46,3360000.0,173855088.0,8,-69.0,2026-08-19,active
DPZ,Domino's Pizza Inc,US,NASDAQ,NASDAQ Global Select,SP500,N,0,,Consumer Discretionary,Food Distributors,336.52,271000000.0,11123733504.0,1,-26.9,2026-08-19,active
DRH,DiamondRock Hospitality Company,US,NASDAQ,NASDAQ Global Select,SP600,N,0,,Real Estate,Real Estate Investment Trusts,12.72,32900000.0,2573525504.0,4,-7.76,2026-08-19,active
DRI,"Darden Restaurants, Inc.",US,NYSE,NYSE,SP500,N,0,,Consumer Discretionary,Restaurants,221.89,247000000.0,25576415232.0,5,-3.43,2026-08-19,active
DRS,"Leonardo DRS, Inc.",US,NASDAQ,NASDAQ Global Select,,N,0,,Industrials,Industrial Machinery/Components,42.56,37300000.0,12151570432.0,7,-15.9,2026-08-19,active
DRTS,Alpha Tau Medical Ltd.,US,NASDAQ,NASDAQ Capital Market,,N,0,,Health Care,Medical/Dental Instruments,14.47,6810000.0,1317813632.0,5,-1.9,2026-08-19,active
DRUG,Bright Minds Biosciences Inc.,US,NASDAQ,NASDAQ Capital Market,,N,0,,Health Care,Biotechnology: Pharmaceutical Preparations,84.74,14700000.0,779862656.0,5,-31.5,2026-08-19,active
DRVN,Driven Brands Holdings Inc.,US,NASDAQ,NASDAQ Global Select,,N,0,,Consumer Discretionary,Automotive Aftermarket,13.23,10500000.0,2134530176.0,8,-33.0,2026-08-19,active
DSGN,"Design Therapeutics, Inc.",US,NASDAQ,NASDAQ Global Select,,N,0,,Health Care,Biotechnology: Pharmaceutical Preparations,15.94,6430000.0,914943744.0,5,-7.59,2026-08-19,active
DSGX,The Descartes Systems Group Inc.,US,NASDAQ,NASDAQ Global Select,,N,0,,Technology,Computer Software: Prepackaged Software,77.58,36000000.0,6618759168.0,1,-28.8,2026-08-19,active
DSP,Viant Technology Inc.,US,NASDAQ,NASDAQ Global Select,,N,0,,Technology,Computer Software: Programming Data Processing,12.59,4110000.0,860417088.0,4,-14.9,2026-08-19,active
DSY,Big Tree Cloud Holdings Limited,US,NASDAQ,NASDAQ Capital Market,,N,0,,Consumer Discretionary,Containers/Packaging,3.83,7790000.0,20290498.0,1,-97.4,2026-08-19,active
DT,"Dynatrace, Inc.",US,NYSE,NYSE,SP400,N,0,,Technology,Computer Software: Prepackaged Software,49.6,326000000.0,14261846016.0,5,-6.92,2026-08-19,active
DTE,DTE Energy Company,US,NYSE,NYSE,SP500,N,0,,Utilities,Electric Utilities: Central,139.18,193000000.0,29176029184.0,7,-10.6,2026-08-19,active
DTM,"DT Midstream, Inc.",US,NYSE,NYSE,SP400,N,0,,Utilities,Natural Gas Distribution,132.52,128000000.0,13772064768.0,6,-12.8,2026-08-19,active
DUK,Duke Energy Corporation (Holding Company),US,NYSE,NYSE,SP500,N,0,,Utilities,Power Generation,123.6,585000000.0,97065123840.0,6,-7.3,2026-08-19,active
DUOL,"Duolingo, Inc.",US,NASDAQ,NASDAQ Global Select,SP400,Y,1,DUOL06,Technology,Computer Software: Prepackaged Software,146.03,195000000.0,6064560128.0,1,-60.4,2026-08-19,active
DUOT,"Duos Technologies Group, Inc.",US,NASDAQ,NASDAQ Capital Market,,N,0,,Technology,Computer Software: Prepackaged Software,10.75,12800000.0,290257920.0,3,-29.6,2026-08-19,active
DVA,DaVita Inc.,US,NYSE,NYSE,SP500,N,0,,Health Care,Misc Health and Biotechnology Services,177.27,204000000.0,14633538560.0,6,-28.4,2026-08-19,active
DVLT,Datavault AI Inc.,US,NASDAQ,NASDAQ Capital Market,,N,0,,Technology,Semiconductors,0.2962,12300000.0,274035456.0,8,-92.8,2026-08-19,active
DVN,Devon Energy Corporation,US,NYSE,NYSE,SP500,N,0,,Energy,Oil & Gas Production,48.19,493000000.0,50434998272.0,5,-7.92,2026-08-19,active
DXCM,"DexCom, Inc.",US,NASDAQ,NASDAQ Global Select,SP500+NDX,N,0,,Health Care,Medical/Dental Instruments,89.88,473000000.0,31981324288.0,5,-2.26,2026-08-19,active
DXPE,"DXP Enterprises, Inc.",US,NASDAQ,NASDAQ Global Select,SP600,N,0,,Industrials,Industrial Machinery/Components,191.49,27900000.0,2989378560.0,4,-7.94,2026-08-19,active
DXST,Decent Holding Inc.,US,NASDAQ,NASDAQ Capital Market,,N,0,,Industrials,Miscellaneous,2.57,2270000.0,5980845.0,8,-95.9,2026-08-19,active
DY,"Dycom Industries, Inc.",US,NYSE,NYSE,SP400,N,0,,Industrials,Water Sewer Pipeline Comm & Power Line Construction,402.76,169000000.0,13000316928.0,6,-28.9,2026-08-19,active
DYN,"Dyne Therapeutics, Inc.",US,NASDAQ,NASDAQ Global Select,,N,0,,Health Care,Biotechnology: Pharmaceutical Preparations,26.78,59200000.0,4948780544.0,5,-1.92,2026-08-19,active
EA,Electronic Arts Inc.,US,,,,N,0,,Consumer Discretionary,Services-Misc. Amusement & Recreation,209.7,999000000.0,52925640704.0,5,-0.238,2026-08-10,ไม่พบใน SymDir · ข้อมูลค้าง
EAT,"Brinker International, Inc.",US,NYSE,NYSE,SP600,N,0,,Consumer Discretionary,Restaurants,233.46,256000000.0,10366408704.0,5,-7.98,2026-08-19,active
EBAY,eBay Inc.,US,NASDAQ,NASDAQ Global Select,SP500,N,0,,Consumer Discretionary,Business Services,102.64,499000000.0,44918300672.0,6,-13.7,2026-08-19,active
EBC,"Eastern Bankshares, Inc.",US,NASDAQ,NASDAQ Global Select,SP600,N,0,,Finance,Savings Institutions,23.01,63500000.0,5335745024.0,3,-3.22,2026-08-19,active
ECG,"Everus Construction Group, Inc.",US,NYSE,NYSE,SP600,N,0,,Consumer Discretionary,Homebuilding,129.56,80500000.0,6987085824.0,6,-24.5,2026-08-19,active
ECL,Ecolab Inc.,US,NYSE,NYSE,SP500,N,0,,Consumer Discretionary,Package Goods/Cosmetics,285.62,373000000.0,78492008448.0,5,-7.4,2026-08-19,active
ECPG,"Encore Capital Group, Inc.",US,NASDAQ,NASDAQ Global Select,SP600,N,0,,Finance,Finance Companies,101.26,40200000.0,2067913216.0,5,-3.54,2026-08-19,active
ED,"Consolidated Edison, Inc.",US,NYSE,NYSE,SP500,N,0,,Utilities,Power Generation,108.0,264000000.0,39312785408.0,6,-6.3,2026-08-19,active
EDBL,Edible Garden AG Incorporated,US,NASDAQ,NASDAQ Capital Market,,N,0,,Consumer Staples,Farming/Seeds/Milling,1.53,8740000.0,998141.0,8,-94.5,2026-08-19,active
EDHL,Everbright Digital Holding Limited,US,NASDAQ,NASDAQ Capital Market,,N,0,,Consumer Discretionary,Advertising,3.93,159000.0,6548461.0,8,-84.6,2026-08-19,active
EDIT,"Editas Medicine, Inc.",US,NASDAQ,NASDAQ Global Select,,N,0,,Health Care,Biotechnology: Biological Products (No Diagnostic Substances),3.25,5790000.0,431559872.0,3,-28.4,2026-08-19,active
EEFT,"Euronet Worldwide, Inc.",US,NASDAQ,NASDAQ Global Select,SP400,N,0,,Finance,Investment Bankers/Brokers/Service,68.62,56100000.0,2737943040.0,8,-30.3,2026-08-19,active
EFSC,Enterprise Financial Services Corp,US,NASDAQ,NASDAQ Global Select,,N,0,,Finance,Major Banks,63.59,15000000.0,2408974080.0,6,-7.48,2026-08-19,active
EFX,"Equifax, Inc.",US,NYSE,NYSE,SP500,N,0,,Finance,Finance: Consumer Services,192.1,239000000.0,22568849408.0,2,-28.7,2026-08-19,active
EG,"Everest Group, Ltd.",US,NYSE,NYSE,SP500,N,0,,Finance,Property-Casualty Insurers,363.93,124000000.0,14035357696.0,6,-9.26,2026-08-19,active
EGBN,"Eagle Bancorp, Inc.",US,NASDAQ,NASDAQ Capital Market,SP600,N,0,,Finance,Major Banks,27.62,7840000.0,867269056.0,6,-5.7,2026-08-19,active
EGHT,"8x8, Inc.",US,NASDAQ,NASDAQ Global Select,,N,0,,Technology,,2.1,3600000.0,296092768.0,2,-27.1,2026-08-19,active
EGP,"EastGroup Properties, Inc.",US,NYSE,NYSE,SP400,N,0,,Real Estate,Real Estate Investment Trusts,202.3,109000000.0,10945558528.0,6,-10.8,2026-08-19,active
EH,EHang Holdings Limited,US,NASDAQ,NASDAQ Global,,N,0,,Industrials,Aerospace,5.76,2920000.0,449762976.0,8,-71.5,2026-08-19,active
EHC,Encompass Health Corporation,US,NYSE,NYSE,SP400,N,0,,Health Care,Hospital/Nursing Management,121.74,111000000.0,12010062848.0,5,-4.53,2026-08-19,active
EIKN,"Eikon Therapeutics, Inc.",US,NASDAQ,NASDAQ Global Select,,N,0,,Health Care,Biotechnology: Biological Products (No Diagnostic Substances),12.01,4470000.0,534889664.0,2,-31.0,2026-08-19,active
EIX,Edison International,US,NYSE,NYSE,SP500,N,0,,Utilities,Electric Utilities: Central,73.44,248000000.0,27479568384.0,3,-10.0,2026-08-19,active
EL,"Estee Lauder Companies, Inc. (The)",US,NYSE,NYSE,SP500,Y,1,ESTEE80,Consumer Discretionary,Package Goods/Cosmetics,98.01,256000000.0,31150540800.0,2,-18.9,2026-08-19,active
ELAB,PMGC Holdings Inc.,US,NASDAQ,NASDAQ Capital Market,,N,0,,Health Care,Biotechnology: Pharmaceutical Preparations,0.5603,362000.0,4134813.0,8,-99.8,2026-08-19,active
ELAN,Elanco Animal Health Incorporated,US,NYSE,NYSE,SP400,N,0,,Health Care,Biotechnology: Pharmaceutical Preparations,24.5,206000000.0,11821971456.0,3,-12.4,2026-08-19,active
ELDN,"Eledon Pharmaceuticals, Inc.",US,NASDAQ,NASDAQ Capital Market,,N,0,,Health Care,Biotechnology: Pharmaceutical Preparations,3.55,3480000.0,288477088.0,6,-22.8,2026-08-19,active
ELE,Elemental Royalty Corporation,US,NASDAQ,NASDAQ Capital Market,,N,0,,Basic Materials,Precious Metals,22.21,4990000.0,1355906560.0,5,-17.5,2026-08-19,active
ELPW,Elong Power Holding Limited,US,NASDAQ,NASDAQ Capital Market,,N,0,,Miscellaneous,Industrial Machinery/Components,4.2,7260000.0,2057136.0,1,-99.9,2026-08-19,active
ELS,"Equity Lifestyle Properties, Inc.",US,NYSE,NYSE,SP400,N,0,,Real Estate,Real Estate Investment Trusts,65.73,101000000.0,13035214848.0,5,-3.91,2026-08-19,active
ELV,"Elevance Health, Inc.",US,NYSE,NYSE,SP500,N,0,,Health Care,Medical Specialities,398.45,388000000.0,85489876992.0,5,-8.66,2026-08-19,active
ELVA,Electrovaya Inc.,US,NASDAQ,NASDAQ Capital Market,,N,0,,Industrials,,7.32,5360000.0,393584448.0,7,-42.7,2026-08-19,active
ELVN,"Enliven Therapeutics, Inc.",US,NASDAQ,NASDAQ Global Select,,N,0,,Health Care,Biotechnology: Pharmaceutical Preparations,59.39,59200000.0,3857309952.0,5,-4.7,2026-08-19,active
ELVR,Elevra Lithium Limited,US,NASDAQ,NASDAQ Capital Market,,N,0,,Industrials,Mining & Quarrying of Nonmetallic Minerals (No Fuels),61.12,2540000.0,1231225728.0,6,-40.5,2026-08-19,active
EMBC,Embecta Corp.,US,NASDAQ,NASDAQ Global Select,,N,0,,Health Care,Medical/Dental Instruments,5.42,7440000.0,288963968.0,1,-64.1,2026-08-19,active
EME,"EMCOR Group, Inc.",US,NYSE,NYSE,SP500,N,0,,Industrials,Engineering & Construction,805.78,331000000.0,36369936384.0,3,-15.4,2026-08-19,active
EMR,Emerson Electric Company,US,NYSE,NYSE,SP500,N,0,,Technology,Consumer Electronics/Appliances,157.6,491000000.0,91596341248.0,4,-4.94,2026-08-19,active
ENLT,Enlight Renewable Energy Ltd.,US,NASDAQ,NASDAQ Global Select,,N,0,,Utilities,Electric Utilities: Central,80.58,17100000.0,11664146432.0,6,-25.8,2026-08-19,active
ENPH,"Enphase Energy, Inc.",US,NASDAQ,NASDAQ Global,SP600,N,0,,Technology,Semiconductors,39.37,182000000.0,5202534400.0,8,-46.6,2026-08-19,active
ENS,EnerSys,US,NYSE,NYSE,SP400,N,0,,Technology,Industrial Machinery/Components,193.95,101000000.0,7233241088.0,6,-20.6,2026-08-19,active
ENSG,"The Ensign Group, Inc.",US,NASDAQ,NASDAQ Global Select,SP400,N,0,,Health Care,Hospital/Nursing Management,182.49,69300000.0,10265284608.0,2,-16.3,2026-08-19,active
ENTA,"Enanta Pharmaceuticals, Inc.",US,NASDAQ,NASDAQ Global Select,,N,0,,Health Care,Biotechnology: Pharmaceutical Preparations,13.51,2280000.0,393484192.0,3,-21.2,2026-08-19,active
ENTG,"Entegris, Inc.",US,NASDAQ,NASDAQ Global Select,SP400,N,0,,Industrials,Plastic Products,144.28,386000000.0,22952089600.0,3,-22.8,2026-08-19,active
ENVX,Enovix Corporation,US,NASDAQ,NASDAQ Global Select,,N,0,,Miscellaneous,Industrial Machinery/Components,3.4,36000000.0,687971136.0,8,-76.1,2026-08-19,active
EOG,"EOG Resources, Inc.",US,NYSE,NYSE,SP500,N,0,,Energy,Oil & Gas Production,149.48,405000000.0,78406623232.0,5,-1.35,2026-08-19,active
EOLS,"Evolus, Inc.",US,NASDAQ,NASDAQ Global,,N,0,,Health Care,Biotechnology: Pharmaceutical Preparations,8.6,7400000.0,568033792.0,5,-1.04,2026-08-19,active
EOSE,"Eos Energy Enterprises, Inc.",US,NASDAQ,NASDAQ Capital Market,,Y,2,EOSE03 EOSE23,Miscellaneous,Industrial Machinery/Components,3.74,104000000.0,1327392512.0,8,-81.2,2026-08-19,active
EPRT,"Essential Properties Realty Trust, Inc.",US,NYSE,NYSE,SP600,N,0,,Real Estate,Real Estate Investment Trusts,31.1,51800000.0,6730893824.0,6,-9.54,2026-08-19,active
EPSM,Epsium Enterprise Limited,US,NASDAQ,NASDAQ Capital Market,,N,0,,Consumer Staples,Beverages (Production/Distribution),1.5,21900.0,21074164.0,1,-99.0,2026-08-19,active
EQIX,"Equinix, Inc.",US,NASDAQ,NASDAQ Global Select,SP500,N,0,,Real Estate,Real Estate Investment Trusts,1077.08,660000000.0,108303032320.0,5,-4.17,2026-08-19,active
EQPT,EquipmentShare.com Inc.,US,NASDAQ,NASDAQ Global Select,,N,0,,Consumer Discretionary,Diversified Commercial Services,19.68,58500000.0,4986439168.0,8,-44.6,2026-08-19,active
EQR,Equity Residential,US,,,,N,0,,Real Estate,Real Estate Investment Trusts,63.66,270000000.0,24611481600.0,7,-11.0,2026-08-18,ไม่พบใน SymDir · ข้อมูลค้าง
EQT,EQT Corporation,US,NYSE,NYSE,SP500,N,0,,Energy,Oil & Gas Production,53.64,335000000.0,32045185024.0,1,-21.2,2026-08-19,active
ERAS,"Erasca, Inc.",US,NASDAQ,NASDAQ Global Select,,N,0,,Health Care,Biotechnology: Pharmaceutical Preparations,18.07,58500000.0,6393650688.0,3,-25.6,2026-08-19,active
ERIC,Ericsson,US,NASDAQ,NASDAQ Global Select,,N,0,,Technology,Radio And Television Broadcasting And Communications Equipment,10.15,115000000.0,33227876352.0,7,-26.3,2026-08-19,active
ERIE,Erie Indemnity Company,US,NASDAQ,NASDAQ Global Select,SP500,N,0,,Finance,Specialty Insurers,267.38,65600000.0,13385683968.0,2,-26.4,2026-08-19,active
ERII,"Energy Recovery, Inc.",US,NASDAQ,NASDAQ Global Select,,N,0,,Technology,Industrial Machinery/Components,7.905,8390000.0,426224736.0,8,-56.9,2026-08-19,active
ERNA,Ernexa Therapeutics Inc.,US,NASDAQ,NASDAQ Capital Market,,N,0,,Health Care,Biotechnology: Pharmaceutical Preparations,4.43,176000.0,5155192.0,8,-93.8,2026-08-19,active
ES,Eversource Energy (D/B/A),US,NYSE,NYSE,SP500,N,0,,Utilities,Electric Utilities: Central,71.99,167000000.0,27213152256.0,6,-5.98,2026-08-19,active
ESE,ESCO Technologies Inc.,US,NYSE,NYSE,SP600,N,0,,Telecommunications,Telecommunications Equipment,290.77,61000000.0,7923967488.0,6,-19.7,2026-08-19,active
ESEA,Euroseas Ltd.,US,NASDAQ,NASDAQ Capital Market,,N,0,,Consumer Discretionary,Marine Transportation,74.55,3530000.0,513772832.0,4,-6.43,2026-08-19,active
ESI,Element Solutions Inc.,US,NYSE,NYSE,SP600,N,0,,Industrials,Major Chemicals,36.18,154000000.0,9557558272.0,6,-26.5,2026-08-19,active
ESLT,Elbit Systems Ltd.,US,NASDAQ,NASDAQ Global Select,,N,0,,Industrials,Military/Government/Technical,752.3,71800000.0,36716826624.0,6,-25.9,2026-08-19,active
ESOA,Energy Services of America Corporation,US,NASDAQ,NASDAQ Capital Market,,N,0,,Industrials,Water Sewer Pipeline Comm & Power Line Construction,11.93,2750000.0,232866560.0,7,-40.2,2026-08-19,active
ESPR,"Esperion Therapeutics, Inc.",US,,,,N,0,,Health Care,Biotechnology: Pharmaceutical Preparations,3.18,46700000.0,819464832.0,5,-23.9,2026-07-15,ไม่พบใน SymDir · ข้อมูลค้าง
ESQ,"Esquire Financial Holdings, Inc.",US,NASDAQ,NASDAQ Capital Market,,N,0,,Finance,Commercial Banks,116.57,18800000.0,1502057600.0,6,-13.3,2026-08-19,active
ESS,"Essex Property Trust, Inc.",US,NYSE,NYSE,SP500,N,0,,Real Estate,Real Estate Investment Trusts,287.36,123000000.0,19512143872.0,4,-5.27,2026-08-19,active
ESTA,Establishment Labs Holdings Inc.,US,NASDAQ,NASDAQ Capital Market,,N,0,,Health Care,Industrial Specialties,75.36,45500000.0,2326472448.0,6,-22.8,2026-08-19,active
ESTC,Elastic N.V.,US,NYSE,NYSE,,N,0,,Technology,Computer Software: Prepackaged Software,87.34,166000000.0,9079135232.0,5,-9.09,2026-08-19,active
ETN,"Eaton Corporation, PLC",US,NYSE,NYSE,SP500,Y,2,ETN23 ETN03,Technology,Industrial Machinery/Components,424.67,991000000.0,174267301888.0,3,-11.2,2026-08-19,active
ETON,"Eton Pharmaceuticals, Inc.",US,NASDAQ,NASDAQ Global,,N,0,,Health Care,Biotechnology: Pharmaceutical Preparations,61.48,33700000.0,1117608192.0,5,-3.68,2026-08-19,active
ETOR,eToro Group Ltd.,US,NASDAQ,NASDAQ Global Select,,N,0,,Finance,Investment Bankers/Brokers/Service,28.5,40100000.0,2272884224.0,8,-40.5,2026-08-19,active
ETR,Entergy Corporation,US,NYSE,NYSE,SP500,N,0,,Utilities,Electric Utilities: Central,107.96,266000000.0,50433531904.0,6,-8.86,2026-08-19,active
ETSY,"Etsy, Inc.",US,NYSE,NYSE,SP600,N,0,,Consumer Discretionary,Business Services,80.46,254000000.0,7379252224.0,3,-8.54,2026-08-19,active
EU,enCore Energy Corp.,US,NASDAQ,NASDAQ Capital Market,,N,0,,Basic Materials,Other Metals and Minerals,1.08,4120000.0,235079984.0,8,-74.2,2026-08-19,active
EVER,"EverQuote, Inc.",US,NASDAQ,NASDAQ Global,,N,0,,Technology,Computer Software: Programming Data Processing,25.03,17200000.0,833420096.0,4,-12.9,2026-08-19,active
EVGO,"EVgo, Inc.",US,NASDAQ,NASDAQ Global Select,,N,0,,Technology,EDP Services,1.53,5820000.0,804070912.0,8,-70.5,2026-08-19,active
EVLV,"Evolv Technologies Holdings, Inc.",US,NASDAQ,NASDAQ Capital Market,,N,0,,Technology,Computer peripheral equipment,5.64,11900000.0,1043254208.0,8,-36.0,2026-08-19,active
EVR,Evercore Inc.,US,NYSE,NYSE,SP400,N,0,,Finance,Investment Managers,298.38,180000000.0,12331202560.0,7,-22.8,2026-08-19,active
EVRG,"Evergy, Inc.",US,NASDAQ,NASDAQ Global Select,SP500,N,0,,Utilities,Power Generation,83.58,155000000.0,19374559232.0,6,-5.69,2026-08-19,active
EW,Edwards Lifesciences Corporation,US,NYSE,NYSE,SP500,N,0,,Health Care,Industrial Specialties,92.28,363000000.0,53351583744.0,5,-4.16,2026-08-19,active
EWBC,"East West Bancorp, Inc.",US,NASDAQ,NASDAQ Global Select,SP400,N,0,,Finance,Major Banks,130.4,82100000.0,17866344448.0,6,-5.14,2026-08-19,active
EWTX,"Edgewise Therapeutics, Inc.",US,NASDAQ,NASDAQ Global Select,,N,0,,Health Care,Biotechnology: Pharmaceutical Preparations,46.44,57200000.0,4689526272.0,5,-4.05,2026-08-19,active
EXC,Exelon Corporation,US,NASDAQ,NASDAQ Global Select,SP500+NDX,N,0,,Utilities,Power Generation,45.3,334000000.0,47247446016.0,7,-9.72,2026-08-19,active
EXE,Expand Energy Corporation,US,NASDAQ,NASDAQ Global Select,SP500,N,0,,Energy,Oil & Gas Production,96.03,287000000.0,21941929984.0,1,-23.3,2026-08-19,active
EXEL,"Exelixis, Inc.",US,NASDAQ,NASDAQ Global Select,SP400,N,0,,Health Care,Biotechnology: Biological Products (No Diagnostic Substances),54.39,147000000.0,13162163200.0,4,-5.52,2026-08-19,active
EXLS,"ExlService Holdings, Inc.",US,NASDAQ,NASDAQ Global Select,SP400,N,0,,Consumer Discretionary,Business Services,37.02,90800000.0,5239728128.0,2,-17.9,2026-08-19,active
EXPD,"Expeditors International of Washington, Inc.",US,NYSE,NYSE,SP500,N,0,,Industrials,Integrated Freight & Logistics,186.44,189000000.0,23979370496.0,5,-1.87,2026-08-19,active
EXPE,"Expedia Group, Inc.",US,NASDAQ,NASDAQ Global Select,SP500,Y,1,EXPE06,Consumer Discretionary,Transportation Services,326.27,501000000.0,39159603200.0,5,-2.61,2026-08-19,active
EXPO,"Exponent, Inc.",US,NASDAQ,NASDAQ Global Select,SP400,N,0,,Consumer Discretionary,Professional Services,69.91,32100000.0,3190342144.0,2,-13.9,2026-08-19,active
EXR,Extra Space Storage Inc,US,NYSE,NYSE,SP500,N,0,,Real Estate,Real Estate Investment Trusts,147.91,177000000.0,32418996224.0,4,-6.9,2026-08-19,active
EXTR,"Extreme Networks, Inc.",US,NASDAQ,NASDAQ Global Select,SP600,N,0,,Telecommunications,Computer Communications Equipment,22.79,48300000.0,3202982656.0,7,-32.4,2026-08-19,active
EYE,"National Vision Holdings, Inc.",US,NASDAQ,NASDAQ Global Select,SP600,N,0,,Health Care,Ophthalmic Goods,18.92,44300000.0,1800221440.0,8,-37.0,2026-08-19,active
EYPT,"EyePoint, Inc.",US,NASDAQ,NASDAQ Global,,N,0,,Industrials,Biotechnology: Laboratory Analytical Instruments,6.3,40100000.0,1134372736.0,8,-67.0,2026-08-19,active
EZPW,"EZCORP, Inc.",US,NASDAQ,NASDAQ Global Select,SP600,N,0,,Consumer Discretionary,Other Specialty Stores,28.75,30500000.0,1670030976.0,6,-22.6,2026-08-19,active
F,Ford Motor Company,US,NYSE,NYSE,SP500,N,0,,Industrials,Auto Manufacturing,14.5,730000000.0,55148449792.0,4,-18.4,2026-08-19,active
FA,First Advantage Corporation,US,NASDAQ,NASDAQ Global Select,SP600,N,0,,Technology,EDP Services,21.14,56400000.0,3486599936.0,3,-15.9,2026-08-19,active
FABC,"Fabric.AI, Inc.",US,NASDAQ,NASDAQ Capital Market,,N,0,,Consumer Discretionary,Telecommunications Equipment,2.75,717000.0,19163268.0,8,-74.0,2026-08-19,active
FAC,Factorial Energy Inc.,US,NASDAQ,NASDAQ Global,,N,0,,Miscellaneous,Industrial Machinery/Components,4.96,1540000.0,530835328.0,8,-80.4,2026-08-19,active
FANG,"Diamondback Energy, Inc.",US,NASDAQ,NASDAQ Global Select,SP500+NDX,N,0,,Energy,Oil & Gas Production,208.55,364000000.0,56482791424.0,5,-2.43,2026-08-19,active
FAST,Fastenal Company,US,NASDAQ,NASDAQ Global Select,SP500+NDX,N,0,,Consumer Discretionary,RETAIL: Building Materials,51.44,393000000.0,60105924608.0,5,-2.8,2026-08-19,active
FATE,"Fate Therapeutics, Inc.",US,NASDAQ,NASDAQ Global,,N,0,,Health Care,Biotechnology: Biological Products (No Diagnostic Substances),2.65,5260000.0,317040992.0,5,-18.0,2026-08-19,active
FBIZ,"First Business Financial Services, Inc.",US,NASDAQ,NASDAQ Global Select,,N,0,,Finance,Major Banks,68.64,4120000.0,597832832.0,3,-6.59,2026-08-19,active
FBNC,First Bancorp,US,NASDAQ,NASDAQ Global Select,SP600,N,0,,Finance,Major Banks,64.47,13200000.0,2734422016.0,3,-3.46,2026-08-19,active
FBRX,"Forte Biosciences, Inc.",US,NASDAQ,NASDAQ Capital Market,,N,0,,Health Care,Biotechnology: Pharmaceutical Preparations,76.9,194000000.0,1631030912.0,5,-0.389,2026-08-19,active
FCBC,"First Community Bankshares, Inc.",US,NASDAQ,NASDAQ Global Select,,N,0,,Finance,Major Banks,48.56,4400000.0,930199040.0,4,-2.88,2026-08-19,active
FCCO,First Community Corporation,US,NASDAQ,NASDAQ Capital Market,,N,0,,Finance,Major Banks,33.8,1720000.0,322880736.0,3,-4.96,2026-08-19,active
FCEL,"FuelCell Energy, Inc.",US,NASDAQ,NASDAQ Global,,N,0,,Energy,Industrial Machinery/Components,20.3,186000000.0,1626268288.0,6,-46.4,2026-08-19,active
FCFS,"FirstCash Holdings, Inc.",US,NASDAQ,NASDAQ Global Select,SP400,N,0,,Consumer Discretionary,Other Specialty Stores,211.98,89700000.0,9280047104.0,6,-10.0,2026-08-19,active
FCNCA,"First Citizens BancShares, Inc.",US,NASDAQ,NASDAQ Global Select,,N,0,,Finance,Major Banks,2170.72,139000000.0,25388965888.0,3,-5.47,2026-08-19,active
FCUV,Focus Universal Inc.,US,NASDAQ,NASDAQ Capital Market,,N,0,,Industrials,Industrial Machinery/Components,8.16,69100000.0,3949797.0,1,-84.5,2026-08-19,active
FCX,"Freeport-McMoRan, Inc.",US,NYSE,NYSE,SP500,Y,1,FCX23,Basic Materials,Metal Mining,69.09,839000000.0,93085999104.0,5,-4.41,2026-08-19,active
FDMT,"4D Molecular Therapeutics, Inc.",US,NASDAQ,NASDAQ Global Select,,N,0,,Health Care,Biotechnology: Biological Products (No Diagnostic Substances),16.76,10900000.0,925892992.0,5,-0.887,2026-08-19,active
FDS,FactSet Research Systems Inc.,US,NYSE,NYSE,SP500,N,0,,Technology,Computer Software: Programming Data Processing,298.1,233000000.0,10063270912.0,2,-21.8,2026-08-19,active
FDUS,Fidus Investment Corporation,US,NASDAQ,NASDAQ Global Select,,N,0,,Finance,Finance/Investors Services,19.75,6900000.0,740489664.0,3,-4.96,2026-08-19,active
FDX,FedEx Corporation,US,NYSE,NYSE,SP500,N,0,,Consumer Discretionary,Air Freight/Delivery Services,328.38,479000000.0,79169527808.0,5,-4.56,2026-08-19,active
FE,FirstEnergy Corp.,US,NYSE,NYSE,SP500,N,0,,Utilities,Electric Utilities: Central,47.25,216000000.0,27433318400.0,6,-8.79,2026-08-19,active
FEIM,"Frequency Electronics, Inc.",US,NASDAQ,NASDAQ Global,,N,0,,Industrials,Electrical Products,66.77,24400000.0,862647296.0,6,-17.2,2026-08-19,active
FELE,"Franklin Electric Co., Inc.",US,NASDAQ,NASDAQ Global Select,SP600,N,0,,Consumer Discretionary,Metal Fabrications,104.07,31400000.0,4598876160.0,6,-10.1,2026-08-19,active
FENC,Fennec Pharmaceuticals Inc.,US,NASDAQ,NASDAQ Capital Market,,N,0,,Health Care,Biotechnology: Biological Products (No Diagnostic Substances),11.87,2060000.0,416247200.0,5,-10.4,2026-08-19,active
FER,Ferrovial N.V.,US,NASDAQ,NASDAQ Global Select,NDX,N,0,,Industrials,Military/Government/Technical,64.64,103000000.0,45702029312.0,6,-12.7,2026-08-19,active
FFAI,Faraday Future Intelligent Electric Inc.,US,NASDAQ,NASDAQ Capital Market,,N,0,,Industrials,Auto Manufacturing,3.23,8260000.0,10049167.0,1,-77.3,2026-08-19,active
FFBC,First Financial Bancorp.,US,NASDAQ,NASDAQ Global Select,SP600,N,0,,Finance,Major Banks,32.91,27300000.0,3568944128.0,6,-9.21,2026-08-19,active
FFIN,"First Financial Bankshares, Inc.",US,NASDAQ,NASDAQ Global Select,SP400,N,0,,Finance,Major Banks,34.12,23300000.0,5056593920.0,6,-8.28,2026-08-19,active
FFIV,"F5, Inc.",US,NASDAQ,NASDAQ Global Select,SP500,N,0,,Telecommunications,Computer Communications Equipment,382.63,298000000.0,21667260416.0,6,-12.0,2026-08-19,active
FGL,Founder Group Limited,US,NASDAQ,NASDAQ Capital Market,,N,0,,Consumer Discretionary,Engineering & Construction,0.3688,1300000.0,458722.0,8,-99.7,2026-08-19,active
FHB,"First Hawaiian, Inc.",US,NASDAQ,NASDAQ Global Select,SP600,N,0,,Finance,Major Banks,26.77,56700000.0,3381383168.0,6,-12.5,2026-08-19,active
FIBK,"First Interstate BancSystem, Inc.",US,NASDAQ,NASDAQ Global Select,SP600,N,0,,Finance,Major Banks,37.84,45500000.0,3733081344.0,3,-6.8,2026-08-19,active
FICO,Fair Isaac Corporation,US,NYSE,NYSE,SP500,N,0,,Consumer Discretionary,Business Services,1161.59,447000000.0,25087596544.0,1,-41.9,2026-08-19,active
FIG,FIGMA INC,US,NYSE,NYSE,,N,0,,Technology,Computer Software: Prepackaged Software,26.79,557000000.0,13549110272.0,1,-65.7,2026-08-19,active
FIGR,"Figure Technology Solutions, Inc.",US,NASDAQ,NASDAQ Global Select,,N,0,,Finance,Finance: Consumer Services,36.85,129000000.0,6783374336.0,2,-52.8,2026-08-19,active
FIP,FTAI Infrastructure Inc.,US,NASDAQ,NASDAQ Global Select,,N,0,,Energy,Oil Refining/Marketing,4.06,6320000.0,508103296.0,8,-38.6,2026-08-19,active
FIS,"Fidelity National Information Services, Inc.",US,NYSE,NYSE,SP500,N,0,,Consumer Discretionary,Business Services,40.66,285000000.0,21118156800.0,8,-41.6,2026-08-19,active
FISI,"Financial Institutions, Inc.",US,NASDAQ,NASDAQ Global Select,,N,0,,Finance,Major Banks,40.91,6550000.0,818996352.0,3,-4.79,2026-08-19,active
FISV,"Fiserv, Inc.",US,NASDAQ,NASDAQ Global Select,SP500,N,0,,Consumer Discretionary,Business Services,52.08,450000000.0,28922791936.0,8,-62.9,2026-08-19,active
FITB,Fifth Third Bancorp,US,NYSE,NYSE,SP500,N,0,,Finance,Major Banks,54.96,310000000.0,52545351680.0,6,-7.63,2026-08-19,active
FIVE,"Five Below, Inc.",US,NASDAQ,NASDAQ Global Select,SP400,N,0,,Consumer Discretionary,Department/Specialty Retail Stores,242.08,197000000.0,13365439488.0,5,-3.8,2026-08-19,active
FIVN,"Five9, Inc.",US,NASDAQ,NASDAQ Global,SP600,N,0,,Technology,EDP Services,32.74,108000000.0,2424778496.0,5,-5.32,2026-08-19,active
FIX,"Comfort Systems USA, Inc.",US,NYSE,NYSE,SP500,N,0,,Industrials,Engineering & Construction,1696.06,840000000.0,66206867456.0,6,-18.2,2026-08-19,active
FIZZ,National Beverage Corp.,US,NASDAQ,NASDAQ Global Select,SP600,N,0,,Consumer Staples,Beverages (Production/Distribution),32.1,10500000.0,2930994944.0,8,-31.6,2026-08-19,active
FLEX,Flex Ltd.,US,NASDAQ,NASDAQ Global Select,SP500,N,0,,Technology,Electrical Products,113.03,543000000.0,46603882496.0,6,-32.3,2026-08-19,active
FLGT,"Fulgent Genetics, Inc.",US,NASDAQ,NASDAQ Global,,N,0,,Health Care,Medical Specialities,19.74,5700000.0,510958976.0,2,-36.4,2026-08-19,active
FLNC,"Fluence Energy, Inc.",US,NASDAQ,NASDAQ Global Select,,N,0,,Miscellaneous,Industrial Machinery/Components,12.07,108000000.0,2671270400.0,8,-64.0,2026-08-19,active
FLS,Flowserve Corporation,US,NYSE,NYSE,SP400,N,0,,Industrials,Fluid Controls,77.89,136000000.0,10279611392.0,4,-15.5,2026-08-19,active
FLUT,Flutter Entertainment plc,US,NYSE,NYSE,,N,0,,Technology,Computer Software: Programming Data Processing,99.16,363000000.0,17208137728.0,8,-68.0,2026-08-19,active
FLXS,"Flexsteel Industries, Inc.",US,NASDAQ,NASDAQ Global Select,,N,0,,Consumer Discretionary,Home Furnishings,78.17,5350000.0,300743040.0,5,-11.7,2026-08-19,active
FLY,Firefly Aerospace Inc.,US,NASDAQ,NASDAQ Global,,N,0,,Industrials,Military/Government/Technical,25.3,76400000.0,4464681984.0,8,-59.3,2026-08-19,active
FLYW,Flywire Corporation,US,NASDAQ,NASDAQ Global Select,,N,0,,Consumer Discretionary,Business Services,18.83,37500000.0,2219218432.0,5,-1.54,2026-08-19,active
FMBH,"First Mid Bancshares, Inc.",US,NASDAQ,NASDAQ Global,,N,0,,Finance,Major Banks,50.11,6760000.0,1381969408.0,3,-6.09,2026-08-19,active
FMNB,Farmers National Banc Corp.,US,NASDAQ,NASDAQ Capital Market,,N,0,,Finance,Major Banks,15.65,6780000.0,956848256.0,3,-4.92,2026-08-19,active
FN,Fabrinet,US,NYSE,NYSE,,Y,2,FABRINET03 FABRINET23,Technology,Semiconductors,448.55,423000000.0,16073726808.2,,-40.1,2026-08-19,active
FNKO,"Funko, Inc.",US,NASDAQ,NASDAQ Global Select,,N,0,,Consumer Discretionary,Recreational Games/Products/Toys,5.97,8020000.0,343814016.0,4,-15.2,2026-08-19,active
FORM,"FormFactor, Inc.",US,NASDAQ,NASDAQ Global Select,SP600,N,0,,Technology,Semiconductors,114.95,152000000.0,10286155776.0,6,-28.3,2026-08-19,active
FOSL,"Fossil Group, Inc.",US,NASDAQ,NASDAQ Global Select,,N,0,,Consumer Discretionary,Consumer Specialties,5.69,5930000.0,311465440.0,5,-8.96,2026-08-19,active
FOX,Fox Corporation,US,NASDAQ,NASDAQ Global Select,SP500,N,0,,Industrials,Broadcasting,60.39,59500000.0,21259569152.0,2,-10.9,2026-08-19,active
FOXA,Fox Corporation,US,NASDAQ,NASDAQ Global Select,SP500,N,0,,Industrials,Broadcasting,67.96,306000000.0,28972646400.0,2,-10.6,2026-08-19,active
FOXF,Fox Factory Holding Corp.,US,NASDAQ,NASDAQ Global Select,SP600,N,0,,Consumer Discretionary,Motor Vehicles,21.68,12900000.0,911232064.0,2,-29.1,2026-08-19,active
FOXX,Foxx Development Holdings Inc.,US,NASDAQ,NASDAQ Capital Market,,N,0,,Telecommunications,Computer Communications Equipment,2.87,17500.0,17391744.0,8,-63.7,2026-08-19,active
FR,"First Industrial Realty Trust, Inc.",US,NYSE,NYSE,SP400,N,0,,Real Estate,Real Estate Investment Trusts,62.76,61600000.0,8677411840.0,6,-10.2,2026-08-19,active
FRHC,Freedom Holding Corp.,US,NASDAQ,NASDAQ Capital Market,,N,0,,Finance,Investment Bankers/Brokers/Service,159.15,14500000.0,10151805952.0,5,-12.5,2026-08-19,active
FRME,First Merchants Corporation,US,NASDAQ,NASDAQ Global Select,,N,0,,Finance,Major Banks,42.02,18300000.0,2686017024.0,6,-7.3,2026-08-19,active
FRMI,Fermi Inc.,US,NASDAQ,NASDAQ Global Select,,N,0,,Real Estate,Real Estate Investment Trusts,5.76,142000000.0,3917831424.0,8,-84.4,2026-08-19,active
FROG,JFrog Ltd.,US,NASDAQ,NASDAQ Global Select,,N,0,,Technology,Computer Software: Prepackaged Software,91.21,195000000.0,9664143360.0,5,-8.07,2026-08-19,active
FRPT,"Freshpet, Inc.",US,NASDAQ,NASDAQ Global,SP600,N,0,,Consumer Staples,Packaged Foods,75.03,96900000.0,3496705536.0,2,-12.8,2026-08-19,active
FRSH,Freshworks Inc.,US,NASDAQ,NASDAQ Global Select,,N,0,,Technology,Computer Software: Prepackaged Software,13.07,108000000.0,3410234368.0,5,-7.04,2026-08-19,active
FRST,Primis Financial Corp.,US,NASDAQ,NASDAQ Global,,N,0,,Finance,Major Banks,16.14,3000000.0,413152544.0,3,-4.38,2026-08-19,active
FRT,Federal Realty Investment Trust,US,NYSE,NYSE,SP500,N,0,,Real Estate,Real Estate Investment Trusts,117.56,109000000.0,10276899840.0,6,-8.31,2026-08-19,active
FSBC,Five Star Bancorp,US,NASDAQ,NASDAQ Global Select,,N,0,,Finance,Major Banks,45.18,11500000.0,1130524544.0,6,-10.1,2026-08-19,active
FSLR,"First Solar, Inc.",US,NASDAQ,NASDAQ Global Select,SP500,Y,1,FSLR03,Technology,Semiconductors,222.4,605000000.0,23412295680.0,7,-30.7,2026-08-19,active
FSLY,"Fastly, Inc.",US,NASDAQ,NASDAQ Global Select,,N,0,,Technology,Computer Software: Prepackaged Software,23.66,166000000.0,4767848960.0,3,-32.1,2026-08-19,active
FSS,Federal Signal Corporation,US,NYSE,NYSE,SP600,N,0,,Industrials,Auto Manufacturing,122.63,51900000.0,7682086912.0,3,-8.83,2026-08-19,active
FSTR,L.B. Foster Company,US,NASDAQ,NASDAQ Global Select,,N,0,,Industrials,Metal Fabrications,37.0,3330000.0,407535648.0,6,-19.2,2026-08-19,active
FSUN,FirstSun Capital Bancorp,US,NASDAQ,NASDAQ Global Select,,N,0,,Finance,Major Banks,39.92,12200000.0,2010683008.0,4,-5.72,2026-08-19,active
FSV,FirstService Corporation,US,NASDAQ,NASDAQ Global Select,,N,0,,Finance,Real Estate,146.53,34100000.0,6218114560.0,1,-29.7,2026-08-19,active
FTAI,FTAI Aviation Ltd.,US,NASDAQ,NASDAQ Global Select,,N,0,,Industrials,Misc Corporate Leasing Services,210.91,356000000.0,22200135680.0,7,-34.6,2026-08-19,active
FTDR,"Frontdoor, Inc.",US,NASDAQ,NASDAQ Global Select,SP600,N,0,,Consumer Discretionary,Diversified Commercial Services,82.28,43900000.0,5712633344.0,4,-11.9,2026-08-19,active
FTNT,"Fortinet, Inc.",US,NASDAQ,NASDAQ Global Select,SP500+NDX,Y,1,FTNT03,Technology,Computer peripheral equipment,152.85,846000000.0,117401518080.0,3,-11.2,2026-08-19,active
FTRE,Fortrea Holdings Inc.,US,NASDAQ,NASDAQ Global Select,SP600,N,0,,Health Care,Medical Specialities,18.14,32800000.0,1721310080.0,3,-15.2,2026-08-19,active
FTV,Fortive Corporation,US,NYSE,NYSE,SP500,N,0,,Industrials,Industrial Machinery/Components,58.9,167000000.0,18610290688.0,6,-8.77,2026-08-19,active
FULC,"Fulcrum Therapeutics, Inc.",US,NASDAQ,NASDAQ Global,,N,0,,Health Care,Biotechnology: Pharmaceutical Preparations,3.91,6760000.0,283062816.0,8,-75.2,2026-08-19,active
FULT,Fulton Financial Corporation,US,NASDAQ,NASDAQ Global Select,SP600,N,0,,Finance,Major Banks,23.65,40900000.0,4685050368.0,6,-6.26,2026-08-19,active
FUTU,Futu Holdings Limited,US,NASDAQ,NASDAQ Global,,N,0,,Finance,Investment Bankers/Brokers/Service,109.42,118000000.0,15351297024.0,1,-45.1,2026-08-19,active
FVCB,"FVCBankcorp, Inc.",US,NASDAQ,NASDAQ Capital Market,,N,0,,Finance,Major Banks,18.32,1710000.0,339419520.0,3,-4.13,2026-08-19,active
FWDI,"Forward Industries, Inc.",US,NASDAQ,NASDAQ Capital Market,,N,0,,Industrials,Plastic Products,4.94,3900000.0,305338400.0,1,-89.3,2026-08-19,active
FWONA,Liberty Media Corporation - Series A Liberty For,US,NASDAQ,NASDAQ Global Select,,N,0,,Industrials,Broadcasting,96.0,13500000.0,23895023616.0,5,-3.54,2026-08-19,active
FWONK,Liberty Media Corporation - Series C Liberty For,US,NASDAQ,NASDAQ Global Select,,Y,1,FWONK06,Industrials,Broadcasting,104.84,206000000.0,26048612352.0,5,-4.14,2026-08-19,active
FWRD,Forward Air Corporation,US,NASDAQ,NASDAQ Global Select,,N,0,,Industrials,Integrated Freight & Logistics,18.52,11100000.0,640485120.0,1,-42.1,2026-08-19,active
FWRG,"First Watch Restaurant Group, Inc.",US,NASDAQ,NASDAQ Global Select,,N,0,,Consumer Discretionary,Restaurants,12.49,15700000.0,784982208.0,1,-36.0,2026-08-19,active
GABC,"German American Bancorp, Inc.",US,NASDAQ,NASDAQ Global Select,,N,0,,Finance,Major Banks,49.52,7980000.0,1908523264.0,3,-5.19,2026-08-19,active
GAIN,Gladstone Investment Corporation,US,NASDAQ,NASDAQ Global Select,,N,0,,Finance,Finance: Consumer Services,16.27,3540000.0,650690944.0,3,-4.41,2026-08-19,active
GAMB,Gambling.com Group Limited,US,,,,N,0,,Consumer Discretionary,Services-Misc. Amusement & Recreation,1.86,728000.0,64852964.0,8,-83.2,2026-07-29,ไม่พบใน SymDir · ข้อมูลค้าง
GATX,GATX Corporation,US,NYSE,NYSE,SP400,N,0,,Consumer Discretionary,Transportation Services,176.16,39100000.0,6295244288.0,6,-14.0,2026-08-19,active
GBDC,"Golub Capital BDC, Inc.",US,NASDAQ,NASDAQ Global Select,,N,0,,Finance,Finance: Consumer Services,13.17,14700000.0,3398839296.0,5,-2.91,2026-08-19,active
GCMG,GCM Grosvenor Inc.,US,NASDAQ,NASDAQ Global,,N,0,,Finance,Investment Managers,13.78,6330000.0,820003392.0,5,-7.31,2026-08-19,active
GCT,GigaCloud Technology Inc.,US,NASDAQ,NASDAQ Global,,N,0,,Consumer Discretionary,Catalog/Specialty Distribution,52.07,34400000.0,1752301312.0,5,-7.46,2026-08-19,active
GCTK,"GlucoTrack, Inc.",US,NASDAQ,NASDAQ Capital Market,,N,0,,Health Care,Medical/Dental Instruments,0.3488,17700000.0,2821338.0,8,-97.5,2026-08-19,active
GD,General Dynamics Corporation,US,NYSE,NYSE,SP500,N,0,,Industrials,Marine Transportation,392.34,405000000.0,106028662784.0,5,-1.92,2026-08-19,active
GDC,GD Culture Group Limited,US,NASDAQ,NASDAQ Capital Market,,N,0,,Industrials,Steel/Iron Ore,2.2,2290000.0,7325963.0,1,-77.8,2026-08-19,active
GDDY,GoDaddy Inc.,US,NYSE,NYSE,SP500,N,0,,Technology,EDP Services,96.84,206000000.0,12728094720.0,1,-35.6,2026-08-19,active
GDRX,"GoodRx Holdings, Inc.",US,NASDAQ,NASDAQ Global Select,,N,0,,Technology,EDP Services,3.54,6040000.0,1296352384.0,4,-39.1,2026-08-19,active
GDS,GDS Holdings Limited,US,NASDAQ,NASDAQ Global,,Y,1,GDS23,Technology,Computer Software: Programming Data Processing,33.34,65000000.0,6967129600.0,8,-31.4,2026-08-19,active
GDYN,"Grid Dynamics Holdings, Inc.",US,NASDAQ,NASDAQ Capital Market,,N,0,,Technology,Computer Software: Prepackaged Software,7.98,14700000.0,628733312.0,2,-21.8,2026-08-19,active
GE,GE Aerospace,US,NYSE,NYSE,SP500,N,0,,Technology,Consumer Electronics/Appliances,356.23,1270000000.0,382217289728.0,3,-8.39,2026-08-19,active
GEHC,GE HealthCare Technologies Inc.,US,NASDAQ,NASDAQ Global Select,SP500+NDX,N,0,,Health Care,Medical Electronics,74.62,323000000.0,33704828928.0,2,-16.8,2026-08-19,active
GEMI,"Gemini Space Station, Inc.",US,NASDAQ,NASDAQ Global Select,,N,0,,Finance,Investment Bankers/Brokers/Service,3.93,6250000.0,527224768.0,8,-91.4,2026-08-19,active
GEN,Gen Digital Inc.,US,NASDAQ,NASDAQ Global Select,SP500,N,0,,Technology,Computer Software: Prepackaged Software,27.54,136000000.0,17047757824.0,3,-12.3,2026-08-19,active
GENB,"Generate Biomedicines, Inc.",US,NASDAQ,NASDAQ Global Select,,N,0,,Health Care,Biotechnology: Pharmaceutical Preparations,16.97,8320000.0,1831589248.0,5,-6.66,2026-08-19,active
GERN,Geron Corporation,US,NASDAQ,NASDAQ Global Select,,N,0,,Health Care,Biotechnology: Pharmaceutical Preparations,1.59,16600000.0,984734656.0,2,-20.9,2026-08-19,active
GEV,GE Vernova Inc.,US,NYSE,NYSE,SP500,Y,2,GEV23 GEV80,Industrials,,987.46,2380000000.0,287373950976.0,6,-17.4,2026-08-19,active
GEVO,"Gevo, Inc.",US,NASDAQ,NASDAQ Capital Market,,N,0,,Industrials,Major Chemicals,1.54,5060000.0,395579360.0,8,-48.1,2026-08-19,active
GFS,GlobalFoundries Inc.,US,NASDAQ,NASDAQ Global Select,,Y,1,GFS03,Technology,Semiconductors,48.58,233000000.0,29948094464.0,7,-47.5,2026-08-19,active
GGAL,Grupo Financiero Galicia S.A.,US,NASDAQ,NASDAQ Capital Market,,N,0,,Finance,Commercial Banks,41.47,33900000.0,7357667840.0,7,-31.4,2026-08-19,active
GH,"Guardant Health, Inc.",US,NASDAQ,NASDAQ Global Select,,N,0,,Health Care,Medical Specialities,163.34,349000000.0,21096980480.0,5,-7.5,2026-08-19,active
GHRS,GH Research PLC,US,NASDAQ,NASDAQ Global,,N,0,,Health Care,Biotechnology: Pharmaceutical Preparations,29.8,10100000.0,2024261120.0,5,-5.21,2026-08-19,active
GIII,"G-III Apparel Group, Ltd.",US,NASDAQ,NASDAQ Global Select,SP600,N,0,,Consumer Discretionary,Apparel,34.1,14100000.0,1430260480.0,6,-9.16,2026-08-19,active
GILD,"Gilead Sciences, Inc.",US,NASDAQ,NASDAQ Global Select,SP500+NDX,N,0,,Health Care,Biotechnology: Biological Products (No Diagnostic Substances),147.6,899000000.0,171560206336.0,5,-5.01,2026-08-19,active
GILT,Gilat Satellite Networks Ltd.,US,NASDAQ,NASDAQ Global Select,,N,0,,Technology,Radio And Television Broadcasting And Communications Equipment,10.81,6790000.0,885841024.0,8,-48.4,2026-08-19,active
GIS,"General Mills, Inc.",US,NYSE,NYSE,SP500,N,0,,Consumer Staples,Packaged Foods,39.99,327000000.0,20358690816.0,2,-18.7,2026-08-19,active
GKOS,Glaukos Corporation,US,NYSE,NYSE,SP600,N,0,,Health Care,Medical/Dental Instruments,189.55,160000000.0,10058530816.0,5,-0.268,2026-08-19,active
GL,Globe Life Inc.,US,NYSE,NYSE,SP500,N,0,,Finance,Life Insurance,171.46,121000000.0,13813779456.0,6,-10.5,2026-08-19,active
GLAD,Gladstone Capital Corporation,US,NASDAQ,NASDAQ Global Select,,N,0,,Consumer Discretionary,Textiles,19.66,3430000.0,439661088.0,2,-20.3,2026-08-19,active
GLBE,Global-E Online Ltd.,US,NASDAQ,NASDAQ Global Select,,N,0,,Technology,Computer Software: Prepackaged Software,41.24,63400000.0,7115098624.0,5,-6.25,2026-08-19,active
GLIBK,Liberty Capital Corporation,US,NASDAQ,NASDAQ Global Select,,N,0,,Telecommunications,Cable & Other Pay Television Services,25.94,11100000.0,994831488.0,1,-37.0,2026-08-19,active
GLNG,Golar LNG Limited,US,NASDAQ,NASDAQ Global Select,,N,0,,Consumer Discretionary,Marine Transportation,52.24,67400000.0,5309850112.0,5,-9.15,2026-08-19,active
GLPI,"Gaming and Leisure Properties, Inc.",US,NASDAQ,NASDAQ Global Select,SP400,N,0,,Real Estate,Real Estate Investment Trusts,42.9,108000000.0,12653926400.0,8,-11.2,2026-08-19,active
GLRE,"Greenlight Capital Re, Ltd.",US,NASDAQ,NASDAQ Global Select,,N,0,,Finance,Property-Casualty Insurers,15.24,2360000.0,512469088.0,7,-21.4,2026-08-19,active
GLSI,"Greenwich LifeSciences, Inc.",US,NASDAQ,NASDAQ Capital Market,,N,0,,Health Care,Biotechnology: Pharmaceutical Preparations,17.34,1780000.0,246593888.0,8,-49.1,2026-08-19,active
GLUE,"Monte Rosa Therapeutics, Inc.",US,NASDAQ,NASDAQ Global Select,,N,0,,Health Care,Biotechnology: Biological Products (No Diagnostic Substances),15.77,26200000.0,1312120064.0,7,-38.8,2026-08-19,active
GLW,Corning Incorporated,US,NYSE,NYSE,SP500,Y,1,GLW80,Industrials,Telecommunications Equipment,152.46,2020000000.0,142981857280.0,6,-43.9,2026-08-19,active
GLXG,Galaxy Payroll Group Limited,US,NASDAQ,NASDAQ Capital Market,,N,0,,Industrials,Diversified Commercial Services,1.02,395000.0,5858380.0,8,-86.6,2026-08-19,active
GLXY,Galaxy Digital Inc.,US,NASDAQ,NASDAQ Global Select,,N,0,,Finance,Investment Bankers/Brokers/Service,21.9,141000000.0,12905611264.0,8,-52.3,2026-08-19,active
GM,General Motors Company,US,NYSE,NYSE,SP500,N,0,,Industrials,Auto Manufacturing,84.96,518000000.0,79211864064.0,3,-7.5,2026-08-19,active
GMAB,Genmab A/S,US,NASDAQ,NASDAQ Global Select,,N,0,,Health Care,Biotechnology: Pharmaceutical Preparations,34.11,76100000.0,19591393280.0,5,-3.73,2026-08-19,active
GMED,"Globus Medical, Inc.",US,NYSE,NYSE,SP400,N,0,,Health Care,Medical/Dental Instruments,88.34,119000000.0,11432402944.0,5,-12.9,2026-08-19,active
GMEX,GMEX Robotics Corporation,US,NASDAQ,NASDAQ Capital Market,,N,0,,Consumer Discretionary,Recreational Games/Products/Toys,1.13,3490000.0,1032076.0,8,-99.9,2026-08-19,active
GMM,Global Mofy AI Limited,US,NASDAQ,NASDAQ Capital Market,,N,0,,Technology,Computer Software: Programming Data Processing,2.64,3880000.0,11761219.0,8,-98.4,2026-08-19,active
GNRC,Generac Holdings Inc.,US,NYSE,NYSE,SP500,N,0,,Consumer Discretionary,Metal Fabrications,210.81,250000000.0,13055157248.0,7,-28.9,2026-08-19,active
GNTA,Genenta Science S.p.A.,US,NASDAQ,NASDAQ Capital Market,,N,0,,Health Care,Biotechnology: Biological Products (No Diagnostic Substances),1.22,76700.0,61235408.0,8,-87.8,2026-08-19,active
GNTX,Gentex Corporation,US,NASDAQ,NASDAQ Global Select,SP400,N,0,,Consumer Discretionary,Auto Parts:O.E.M.,23.64,61700000.0,5016370176.0,7,-18.3,2026-08-19,active
GO,Grocery Outlet Holding Corp.,US,NASDAQ,NASDAQ Global Select,SP600,N,0,,Consumer Staples,Food Chains,11.3,29300000.0,1095874560.0,2,-41.2,2026-08-19,active
GOGO,Gogo Inc.,US,NASDAQ,NASDAQ Global Select,,N,0,,Consumer Discretionary,Telecommunications Equipment,2.66,6400000.0,383487232.0,8,-78.7,2026-08-19,active
GOOD,Gladstone Commercial Corporation,US,NASDAQ,NASDAQ Global Select,,N,0,,Real Estate,Real Estate,13.04,5630000.0,631322752.0,5,-1.04,2026-08-19,active
GOOG,Alphabet Inc.,US,NASDAQ,NASDAQ Global Select,SP500+NDX,Y,3,GOOG06 GOOG23 GOOG80,Technology,Computer Software: Programming Data Processing,341.7,6860000000.0,4175911452672.0,6,-15.5,2026-08-19,active
GOOGL,Alphabet Inc.,US,NASDAQ,NASDAQ Global Select,SP500+NDX,Y,3,GOOGL01 GOOGL03 GOOGL19,Technology,Computer Software: Programming Data Processing,344.72,10300000000.0,4230334382080.0,6,-15.6,2026-08-19,active
GOSS,"Gossamer Bio, Inc.",US,NASDAQ,NASDAQ Global Select,,N,0,,Health Care,Biotechnology: Pharmaceutical Preparations,0.1566,8000000.0,76553392.0,8,-96.0,2026-08-19,active
GPC,Genuine Parts Company,US,NYSE,NYSE,SP500,N,0,,Consumer Discretionary,Automotive Aftermarket,134.54,152000000.0,18659319808.0,5,-9.45,2026-08-19,active
GPCR,Structure Therapeutics Inc.,US,NASDAQ,NASDAQ Global,,N,0,,Health Care,Biotechnology: Pharmaceutical Preparations,54.13,28800000.0,3874271488.0,5,-43.0,2026-08-19,active
GPN,Global Payments Inc.,US,NYSE,NYSE,SP500,N,0,,Consumer Discretionary,Business Services,91.74,272000000.0,23916208128.0,5,-4.02,2026-08-19,active
GPRE,Green Plains Inc.,US,NASDAQ,NASDAQ Global Select,,N,0,,Industrials,Major Chemicals,16.03,20800000.0,1092786176.0,6,-18.4,2026-08-19,active
GPRO,"GoPro, Inc.",US,NASDAQ,NASDAQ Global Select,,N,0,,Consumer Discretionary,Industrial Machinery/Components,0.6349,3900000.0,109780136.0,8,-79.2,2026-08-19,active
GRAB,Grab Holdings Limited,US,NASDAQ,NASDAQ Global Select,,Y,1,GRAB80,Consumer Discretionary,Business Services,3.54,168000000.0,14646860800.0,8,-46.5,2026-08-19,active
GRAL,"GRAIL, Inc.",US,NASDAQ,NASDAQ Global Select,,N,0,,Health Care,Medical Specialities,73.96,51000000.0,3124402688.0,5,-37.8,2026-08-19,active
GRFS,"Grifols, S.A.",US,NASDAQ,NASDAQ Global Select,,N,0,,Health Care,Biotechnology: Pharmaceutical Preparations,8.25,5450000.0,5397003264.0,2,-21.0,2026-08-19,active
GRMN,Garmin Ltd.,US,NYSE,NYSE,SP500,N,0,,Industrials,Industrial Machinery/Components,295.67,304000000.0,59822862336.0,4,-5.92,2026-08-19,active
GRPN,"Groupon, Inc.",US,NASDAQ,NASDAQ Global Select,,N,0,,Consumer Discretionary,Advertising,20.35,36600000.0,822252288.0,6,-31.9,2026-08-19,active
GRRR,Gorilla Technology Group Inc.,US,NASDAQ,NASDAQ Capital Market,,N,0,,Technology,Computer Software: Prepackaged Software,14.59,12300000.0,454389888.0,2,-37.9,2026-08-19,active
GRVY,"Gravity Co., Ltd.",US,NASDAQ,NASDAQ Global,,N,0,,Consumer Discretionary,Business Services,69.3,3370000.0,481558784.0,5,-7.29,2026-08-19,active
GS,"Goldman Sachs Group, Inc. (The)",US,NYSE,NYSE,SP500+DOW30,Y,1,GSUS06,Finance,Investment Bankers/Brokers/Service,1021.65,2000000000.0,302649376768.0,6,-11.5,2026-08-19,active
GSAT,"Globalstar, Inc.",US,NASDAQ,NASDAQ Global Select,,N,0,,Consumer Discretionary,Telecommunications Equipment,82.46,83800000.0,10683797504.0,4,-2.82,2026-08-19,active
GSBC,"Great Southern Bancorp, Inc.",US,NASDAQ,NASDAQ Global Select,,N,0,,Finance,Major Banks,78.53,7030000.0,889127552.0,3,-5.28,2026-08-19,active
GSHD,"Goosehead Insurance, Inc.",US,NASDAQ,NASDAQ Global Select,SP600,N,0,,Finance,Specialty Insurers,68.39,33900000.0,3055863552.0,2,-24.1,2026-08-19,active
GSIT,"GSI Technology, Inc.",US,NASDAQ,NASDAQ Global Select,,N,0,,Technology,Semiconductors,5.97,3770000.0,229442560.0,8,-67.1,2026-08-19,active
GSM,Ferroglobe PLC,US,NASDAQ,NASDAQ Capital Market,,N,0,,Basic Materials,Metal Mining,4.05,7340000.0,853952576.0,1,-28.9,2026-08-19,active
GT,The Goodyear Tire & Rubber Company,US,NASDAQ,NASDAQ Global Select,SP600,N,0,,Consumer Discretionary,Automotive Aftermarket,5.99,59900000.0,1759061376.0,8,-43.6,2026-08-19,active
GTLB,GitLab Inc.,US,NASDAQ,NASDAQ Global Select,,N,0,,Technology,Computer Software: Prepackaged Software,42.6,163000000.0,7198517760.0,5,-18.7,2026-08-19,active
GTM,ZoomInfo Technologies Inc.,US,NASDAQ,NASDAQ Global Select,SP600,N,0,,Technology,Computer Software: Prepackaged Software,3.82,29000000.0,1178995712.0,1,-69.5,2026-08-19,active
GTX,Garrett Motion Inc.,US,NASDAQ,NASDAQ Global Select,,N,0,,Consumer Discretionary,Auto Parts:O.E.M.,27.15,67700000.0,5965697536.0,6,-25.1,2026-08-19,active
GVA,Granite Construction Incorporated,US,NYSE,NYSE,SP600,N,0,,Industrials,Military/Government/Technical,126.08,118000000.0,5445180416.0,6,-22.1,2026-08-19,active
GWRE,"Guidewire Software, Inc.",US,NYSE,NYSE,SP400,N,0,,Technology,Computer Software: Prepackaged Software,181.18,175000000.0,14618985472.0,2,-33.5,2026-08-19,active
GWW,"W.W. Grainger, Inc.",US,NYSE,NYSE,SP500,N,0,,Industrials,Office Equipment/Supplies/Services,1306.95,378000000.0,61461078016.0,6,-7.96,2026-08-19,active
GXAI,Gaxos.ai Inc.,US,NASDAQ,NASDAQ Capital Market,,N,0,,Technology,Computer Software: Prepackaged Software,0.8538,7570000.0,9353204.0,8,-71.2,2026-08-19,active
H,Hyatt Hotels Corporation,US,NYSE,NYSE,SP400,N,0,,Consumer Discretionary,Hotels/Resorts,183.01,163000000.0,17054963712.0,3,-11.5,2026-08-19,active
HAFC,Hanmi Financial Corporation,US,NASDAQ,NASDAQ Global Select,SP600,N,0,,Finance,Major Banks,31.15,7780000.0,961821824.0,6,-7.01,2026-08-19,active
HAL,Halliburton Company,US,NYSE,NYSE,SP500,N,0,,Energy,Oilfield Services/Equipment,35.02,338000000.0,28676345856.0,3,-19.3,2026-08-19,active
HALO,"Halozyme Therapeutics, Inc.",US,NASDAQ,NASDAQ Global Select,SP400,N,0,,Health Care,Biotechnology: Biological Products (No Diagnostic Substances),107.62,233000000.0,11425843200.0,5,-0.315,2026-08-19,active
HAS,"Hasbro, Inc.",US,NASDAQ,NASDAQ Global Select,SP500,N,0,,Consumer Discretionary,Recreational Games/Products/Toys,93.33,170000000.0,13163679744.0,4,-11.4,2026-08-19,active
HBAN,Huntington Bancshares Incorporated,US,NASDAQ,NASDAQ Global Select,SP500,N,0,,Finance,Major Banks,17.17,461000000.0,35680526336.0,6,-10.9,2026-08-19,active
HBCP,"Home Bancorp, Inc.",US,NASDAQ,NASDAQ Global Select,,N,0,,Finance,Banks,69.47,6830000.0,569448768.0,3,-6.75,2026-08-19,active
HBNC,"Horizon Bancorp, Inc.",US,NASDAQ,NASDAQ Global Select,,N,0,,Finance,Major Banks,19.64,12700000.0,1054103040.0,6,-6.65,2026-08-19,active
HBT,"HBT Financial, Inc.",US,NASDAQ,NASDAQ Global Select,,N,0,,Finance,Major Banks,35.42,5190000.0,1352437120.0,3,-5.57,2026-08-19,active
HCA,"HCA Healthcare, Inc.",US,NYSE,NYSE,SP500,N,0,,Health Care,Hospital/Nursing Management,407.05,567000000.0,87678779392.0,1,-26.7,2026-08-19,active
HCKT,"The Hackett Group, Inc.",US,NASDAQ,NASDAQ Global Select,,N,0,,Consumer Discretionary,Professional Services,10.87,4130000.0,261466448.0,8,-48.0,2026-08-19,active
HCSG,"Healthcare Services Group, Inc.",US,NASDAQ,NASDAQ Global Select,SP600,N,0,,Health Care,Hospital/Nursing Management,22.93,18100000.0,1427549696.0,3,-11.0,2026-08-19,active
HD,"Home Depot, Inc. (The)",US,NYSE,NYSE,SP500+DOW30,N,0,,Consumer Discretionary,RETAIL: Building Materials,344.3,1350000000.0,337882939392.0,2,-17.6,2026-08-19,active
HDSN,"Hudson Technologies, Inc.",US,NASDAQ,NASDAQ Capital Market,,N,0,,Consumer Discretionary,Industrial Specialties,5.86,3880000.0,246638896.0,8,-44.3,2026-08-19,active
HEI,Heico Corporation,US,NYSE,NYSE,,N,0,,Industrials,Aerospace,363.42,151000000.0,52355530752.0,4,-3.57,2026-08-19,active
HEI.A,Heico Corporation,US,NYSE,NYSE,,N,0,,Industrials,,264.39,59000000.0,36945256448.0,4,-5.46,2026-08-19,active
HELE,Helen of Troy Limited,US,NASDAQ,NASDAQ Global Select,,N,0,,Consumer Discretionary,Home Furnishings,28.41,10300000.0,669413824.0,3,-7.4,2026-08-19,active
HELP,Cybin D/B/A Helus Pharma,US,NASDAQ,NASDAQ Global,,N,0,,Health Care,Biotechnology: Pharmaceutical Preparations,11.78,17300000.0,723354240.0,5,-2.24,2026-08-19,active
HFWA,Heritage Financial Corporation,US,NASDAQ,NASDAQ Global Select,SP600,N,0,,Finance,Banks,28.855,12700000.0,1211100544.0,6,-7.66,2026-08-19,active
HIFS,Hingham Institution for Savings,US,NASDAQ,NASDAQ Global,,N,0,,Finance,Banks,302.47,15200000.0,686420864.0,4,-10.3,2026-08-19,active
HIG,"The Hartford Insurance Group, Inc.",US,NYSE,NYSE,SP500,N,0,,Finance,Property-Casualty Insurers,137.53,218000000.0,37676539904.0,6,-5.85,2026-08-19,active
HII,"Huntington Ingalls Industries, Inc.",US,NYSE,NYSE,SP500,N,0,,Industrials,Marine Transportation,311.76,178000000.0,12544060416.0,1,-31.9,2026-08-19,active
HIMS,"Hims & Hers Health, Inc.",US,NYSE,NYSE,SP400,Y,1,HIMS03,Health Care,Medical/Nursing Services,31.09,470000000.0,6712427008.0,2,-52.4,2026-08-19,active
HIMX,"Himax Technologies, Inc.",US,NASDAQ,NASDAQ Global Select,,N,0,,Technology,Semiconductors,13.9,20700000.0,2656506624.0,6,-43.6,2026-08-19,active
HIVE,HIVE Digital Technologies Ltd.,US,NASDAQ,NASDAQ Capital Market,,N,0,,Finance,Finance: Consumer Services,2.82,60800000.0,705987456.0,7,-64.0,2026-08-19,active
HKIT,Hitek Global Inc.,US,NASDAQ,NASDAQ Capital Market,,N,0,,Technology,Computer Software: Prepackaged Software,2.77,622000.0,24907452.0,8,-99.6,2026-08-19,active
HL,Hecla Mining Company,US,NYSE,NYSE,SP400,N,0,,Industrials,Mining & Quarrying of Nonmetallic Minerals (No Fuels),20.54,671000000.0,13798124544.0,5,-39.9,2026-08-19,active
HLI,"Houlihan Lokey, Inc.",US,NYSE,NYSE,SP400,N,0,,Finance,Investment Managers,130.09,131000000.0,8876283904.0,8,-37.8,2026-08-19,active
HLIT,Harmonic Inc.,US,NASDAQ,NASDAQ Global Select,SP600,N,0,,Technology,Radio And Television Broadcasting And Communications Equipment,12.56,21000000.0,1517614080.0,6,-29.0,2026-08-19,active
HLMN,Hillman Solutions Corp.,US,NASDAQ,NASDAQ Global,,N,0,,Consumer Discretionary,Industrial Machinery/Components,8.53,13400000.0,1659468672.0,2,-21.4,2026-08-19,active
HLNE,Hamilton Lane Incorporated,US,NASDAQ,NASDAQ Global Select,SP400,N,0,,Finance,Investment Managers,104.86,71900000.0,6978564096.0,2,-33.4,2026-08-19,active
HLT,Hilton Worldwide Holdings Inc.,US,NYSE,NYSE,SP500,N,0,,Consumer Discretionary,Hotels/Resorts,334.73,699000000.0,72205328384.0,3,-6.5,2026-08-19,active
HMC,"Honda Motor Co., Ltd.",US,NYSE,NYSE,,Y,1,HONDA19,Consumer Discretionary,Motor Vehicles,32.5,54300000.0,40899677132.6,,-6.85,2026-08-19,active
HNRG,Hallador Energy Company,US,NASDAQ,NASDAQ Capital Market,,N,0,,Utilities,Electric Utilities: Central,16.38,13200000.0,743246272.0,1,-33.7,2026-08-19,active
HNST,"The Honest Company, Inc.",US,NASDAQ,NASDAQ Global Select,,N,0,,Consumer Discretionary,Catalog/Specialty Distribution,5.02,14800000.0,543931776.0,5,-14.0,2026-08-19,active
HON,Honeywell International Inc.,US,NASDAQ,NASDAQ Global Select,SP500+NDX+DOW30,N,0,,Industrials,Aerospace,221.73,804000000.0,72170405888.0,6,-12.0,2026-08-19,active
HOOD,"Robinhood Markets, Inc.",US,NASDAQ,NASDAQ Global Select,SP500,Y,3,HOOD03 HOOD06 HOOD80,Finance,Investment Bankers/Brokers/Service,95.77,1660000000.0,83875389440.0,3,-37.8,2026-08-19,active
HOPE,"Hope Bancorp, Inc.",US,NASDAQ,NASDAQ Global Select,SP600,N,0,,Finance,Major Banks,13.97,15000000.0,1826708352.0,3,-4.25,2026-08-19,active
HOVR,New Horizon Aircraft Ltd.,US,NASDAQ,NASDAQ Capital Market,,N,0,,Industrials,Aerospace,1.885,2040000.0,132983416.0,7,-54.9,2026-08-19,active
HPE,Hewlett Packard Enterprise Company,US,NYSE,NYSE,SP500,N,0,,Technology,Retail: Computer Software & Peripheral Equipment,53.13,876000000.0,70354935808.0,4,-17.3,2026-08-19,active
HPK,"HighPeak Energy, Inc.",US,NASDAQ,NASDAQ Global,,N,0,,Energy,Oil & Gas Production,8.16,3850000.0,996448064.0,5,-10.6,2026-08-19,active
HPQ,HP Inc.,US,NYSE,NYSE,SP500,N,0,,Technology,Computer Manufacturing,29.94,413000000.0,26356543488.0,5,-6.99,2026-08-19,active
HQY,"HealthEquity, Inc.",US,NASDAQ,NASDAQ Global Select,SP400,N,0,,Consumer Discretionary,Business Services,103.95,70500000.0,8593466368.0,5,-3.41,2026-08-19,active
HRL,Hormel Foods Corporation,US,NYSE,NYSE,SP500,N,0,,Consumer Staples,Meat/Poultry/Fish,24.41,86000000.0,13449697280.0,6,-13.5,2026-08-19,active
HRMY,"Harmony Biosciences Holdings, Inc.",US,NASDAQ,NASDAQ Global,SP600,N,0,,Health Care,Biotechnology: Pharmaceutical Preparations,39.93,28800000.0,2242100992.0,5,-2.3,2026-08-19,active
HROW,"Harrow, Inc.",US,NASDAQ,NASDAQ Global,,N,0,,Health Care,Biotechnology: Pharmaceutical Preparations,41.64,22600000.0,1500638464.0,4,-24.1,2026-08-19,active
HRZN,Horizon Technology Finance Corporation,US,NASDAQ,NASDAQ Global Select,,N,0,,Finance,Finance: Consumer Services,5.08,3250000.0,335169536.0,2,-17.1,2026-08-19,active
HSAI,Hesai Group,US,NASDAQ,NASDAQ Global Select,,N,0,,Industrials,Industrial Machinery/Components,17.77,29400000.0,22716477440.0,1,-42.4,2026-08-19,active
HSIC,"Henry Schein, Inc.",US,NASDAQ,NASDAQ Global Select,SP500,N,0,,Health Care,Medical Specialities,89.29,118000000.0,9976693760.0,5,-3.14,2026-08-19,active
HST,"Host Hotels & Resorts, Inc.",US,NASDAQ,NASDAQ Global Select,SP500,N,0,,Real Estate,Real Estate Investment Trusts,23.15,246000000.0,15485453312.0,6,-9.96,2026-08-19,active
HSTM,"HealthStream, Inc.",US,NASDAQ,NASDAQ Global Select,SP600,N,0,,Technology,Computer Software: Programming Data Processing,28.55,5670000.0,829245184.0,5,-8.23,2026-08-19,active
HSY,The Hershey Company,US,NYSE,NYSE,SP500,N,0,,Consumer Staples,Specialty Foods,188.79,277000000.0,36859813888.0,2,-20.6,2026-08-19,active
HTFL,"Heartflow, Inc.",US,NASDAQ,NASDAQ Global Select,,N,0,,Health Care,Medical/Dental Instruments,45.53,66900000.0,3958998272.0,5,-3.59,2026-08-19,active
HTHT,H World Group Limited,US,NASDAQ,NASDAQ Global Select,,N,0,,Consumer Discretionary,Hotels/Resorts,48.59,68600000.0,12457789440.0,2,-12.0,2026-08-19,active
HTLD,"Heartland Express, Inc.",US,NASDAQ,NASDAQ Global Select,SP600,N,0,,Industrials,Trucking Freight/Courier Services,12.665,10400000.0,985990784.0,6,-23.9,2026-08-19,active
HTO,H2O America,US,NASDAQ,NASDAQ Global Select,SP600,N,0,,Utilities,Water Supply,63.53,24700000.0,2606841600.0,5,-5.31,2026-08-19,active
HTZ,"Hertz Global Holdings, Inc.",US,NASDAQ,NASDAQ Global Select,,N,0,,Consumer Discretionary,Rental/Leasing Companies,2.16,118000000.0,769935040.0,8,-73.6,2026-08-19,active
HUBB,Hubbell Inc,US,NYSE,NYSE,SP500,N,0,,Technology,Electrical Products,475.64,308000000.0,26643466240.0,7,-15.6,2026-08-19,active
HUBC,HUB Cyber Security Ltd.,US,NASDAQ,NASDAQ Capital Market,,N,0,,Telecommunications,Computer Communications Equipment,0.6894,374000.0,4510364.0,8,-100.0,2026-08-19,active
HUBG,"Hub Group, Inc.",US,NASDAQ,NASDAQ Global Select,SP600,N,0,,Industrials,Integrated Freight & Logistics,40.0,54400000.0,2547043840.0,7,-24.4,2026-08-19,active
HUBS,"HubSpot, Inc.",US,NYSE,NYSE,,N,0,,Technology,Computer Software: Prepackaged Software,241.65,514000000.0,11473885184.0,1,-54.0,2026-08-19,active
HUM,Humana Inc.,US,NYSE,NYSE,SP500,N,0,,Health Care,Medical Specialities,378.02,522000000.0,45870678016.0,3,-11.9,2026-08-19,active
HUMA,"Humacyte, Inc.",US,NASDAQ,NASDAQ Global Select,,N,0,,Health Care,Biotechnology: Biological Products (No Diagnostic Substances),0.7349,5120000.0,200745600.0,8,-71.2,2026-08-19,active
HURN,Huron Consulting Group Inc.,US,NASDAQ,NASDAQ Global Select,,N,0,,Consumer Discretionary,Professional Services,158.98,55300000.0,2391442944.0,2,-14.9,2026-08-19,active
HUT,Hut 8 Corp.,US,NASDAQ,NASDAQ Global Select,,N,0,,Finance,Finance: Consumer Services,82.08,472000000.0,9958132736.0,6,-41.7,2026-08-19,active
HWC,Hancock Whitney Corporation,US,NASDAQ,NASDAQ Global Select,SP400,N,0,,Finance,Major Banks,76.13,57500000.0,6107381248.0,3,-4.99,2026-08-19,active
HWKN,"Hawkins, Inc.",US,NASDAQ,NASDAQ Global Select,SP600,N,0,,Consumer Discretionary,Specialty Chemicals,123.92,22000000.0,2746539264.0,8,-33.2,2026-08-19,active
HWM,Howmet Aerospace Inc.,US,NYSE,NYSE,SP500,N,0,,Industrials,Metal Fabrications,283.48,635000000.0,115325386752.0,3,-8.51,2026-08-19,active
HXL,Hexcel Corporation,US,NYSE,NYSE,SP400,N,0,,Industrials,Major Chemicals,97.79,99500000.0,7651581440.0,6,-12.5,2026-08-19,active
HYMC,Hycroft Mining Holding Corporation,US,NASDAQ,NASDAQ Capital Market,,N,0,,Basic Materials,Precious Metals,27.9,39400000.0,2475837184.0,2,-52.5,2026-08-19,active
IART,Integra LifeSciences Holdings Corporation,US,NASDAQ,NASDAQ Global Select,SP600,N,0,,Health Care,Medical/Dental Instruments,17.24,15500000.0,1418570496.0,6,-15.9,2026-08-19,active
IBCP,Independent Bank Corporation,US,NASDAQ,NASDAQ Global Select,,N,0,,Finance,Major Banks,36.95,7720000.0,761263744.0,3,-5.67,2026-08-19,active
IBEX,IBEX Limited,US,NASDAQ,NASDAQ Global,,N,0,,Technology,EDP Services,35.77,3780000.0,478928672.0,5,-16.8,2026-08-19,active
IBKR,"Interactive Brokers Group, Inc.",US,NASDAQ,NASDAQ Global Select,SP500,N,0,,Finance,Investment Bankers/Brokers/Service,90.54,412000000.0,160720928768.0,3,-7.46,2026-08-19,active
IBM,International Business Machines Corporation,US,NYSE,NYSE,SP500+DOW30,Y,2,IBM06 IBM23,Technology,Computer Manufacturing,237.16,1700000000.0,223549652992.0,8,-28.7,2026-08-19,active
IBOC,International Bancshares Corporation,US,NASDAQ,NASDAQ Global Select,SP400,N,0,,Finance,Major Banks,71.53,22900000.0,4759352320.0,6,-8.83,2026-08-19,active
IBRX,"ImmunityBio, Inc.",US,NASDAQ,NASDAQ Global Select,,N,0,,Health Care,Biotechnology: Biological Products (No Diagnostic Substances),8.13,64400000.0,7683812864.0,3,-34.6,2026-08-19,active
ICE,Intercontinental Exchange Inc.,US,NYSE,NYSE,SP500,N,0,,Finance,Investment Bankers/Brokers/Service,157.24,620000000.0,88273674240.0,2,-12.4,2026-08-19,active
ICFI,"ICF International, Inc.",US,NASDAQ,NASDAQ Global Select,,N,0,,Consumer Discretionary,Professional Services,89.99,20800000.0,1551281024.0,5,-10.9,2026-08-19,active
ICHR,"Ichor Holdings, Ltd.",US,NASDAQ,NASDAQ Global Select,SP600,N,0,,Technology,Semiconductors,61.21,69300000.0,2528535040.0,6,-46.1,2026-08-19,active
ICLR,ICON plc,US,NASDAQ,NASDAQ Global Select,,N,0,,Health Care,Biotechnology: Commercial Physical & Biological Resarch,172.49,143000000.0,13073780736.0,5,-15.4,2026-08-19,active
ICUI,"ICU Medical, Inc.",US,NASDAQ,NASDAQ Global Select,SP600,N,0,,Health Care,Medical/Dental Instruments,187.26,60500000.0,4682818048.0,5,-2.9,2026-08-19,active
IDA,"IDACORP, Inc.",US,NYSE,NYSE,SP400,N,0,,Utilities,Electric Utilities: Central,140.76,70400000.0,8215305216.0,6,-9.13,2026-08-19,active
IDCC,"InterDigital, Inc.",US,NASDAQ,NASDAQ Global Select,SP400,N,0,,Miscellaneous,Multi-Sector Companies,344.86,76100000.0,8724237312.0,5,-16.0,2026-08-19,active
IDXX,"IDEXX Laboratories, Inc.",US,NASDAQ,NASDAQ Global Select,SP500+NDX,N,0,,Health Care,Biotechnology: In Vitro & In Vivo Diagnostic Substances,562.2,363000000.0,46216159232.0,8,-27.0,2026-08-19,active
IDYA,"IDEAYA Biosciences, Inc.",US,NASDAQ,NASDAQ Global Select,,N,0,,Health Care,Biotechnology: Pharmaceutical Preparations,38.87,25800000.0,3659846400.0,5,-4.21,2026-08-19,active
IEP,Icahn Enterprises L.P.,US,NASDAQ,NASDAQ Global Select,,N,0,,Consumer Discretionary,Auto Parts:O.E.M.,6.65,9690000.0,5054606336.0,7,-16.7,2026-08-19,active
IESC,"IES Holdings, Inc.",US,NASDAQ,NASDAQ Global,SP400,N,0,,Industrials,Engineering & Construction,697.38,132000000.0,14912185344.0,3,-14.6,2026-08-19,active
IEX,IDEX Corporation,US,NYSE,NYSE,SP500,N,0,,Industrials,Fluid Controls,234.45,161000000.0,17283629056.0,4,-3.84,2026-08-19,active
IFF,"International Flavors & Fragrances, Inc.",US,NYSE,NYSE,SP500,N,0,,Industrials,Major Chemicals,83.33,141000000.0,21710710784.0,5,-6.71,2026-08-19,active
IFRX,InflaRx N.V.,US,NASDAQ,NASDAQ Global Select,,N,0,,Health Care,Biotechnology: Pharmaceutical Preparations,2.12,1720000.0,296058656.0,5,-28.1,2026-08-19,active
IHRT,"iHeartMedia, Inc.",US,NASDAQ,NASDAQ Global Select,,N,0,,Consumer Discretionary,Broadcasting,3.11,2420000.0,465915392.0,7,-52.6,2026-08-19,active
IIIV,"i3 Verticals, Inc.",US,NASDAQ,NASDAQ Global Select,,N,0,,Technology,Computer Software: Prepackaged Software,16.49,9330000.0,456400928.0,8,-51.5,2026-08-19,active
ILMN,"Illumina, Inc.",US,NASDAQ,NASDAQ Global Select,SP400,N,0,,Health Care,Medical Specialities,205.0,386000000.0,28824389632.0,5,-0.966,2026-08-19,active
ILPT,Industrial Logistics Properties Trust,US,NASDAQ,NASDAQ Global Select,,N,0,,Real Estate,Real Estate Investment Trusts,8.39,3120000.0,595373248.0,6,-11.0,2026-08-19,active
IMCR,Immunocore Holdings plc,US,NASDAQ,NASDAQ Global Select,,N,0,,Health Care,Biotechnology: Biological Products (No Diagnostic Substances),36.86,14800000.0,1854980224.0,5,-9.47,2026-08-19,active
IMKTA,"Ingles Markets, Incorporated",US,NASDAQ,NASDAQ Global Select,,N,0,,Consumer Staples,Food Chains,85.05,11400000.0,1673594496.0,6,-11.1,2026-08-19,active
IMMR,Immersion Corporation,US,NASDAQ,NASDAQ Global Select,,N,0,,Technology,Computer peripheral equipment,7.59,5330000.0,246615808.0,5,-5.71,2026-08-19,active
IMMX,"Immix Biopharma, Inc.",US,NASDAQ,NASDAQ Capital Market,,N,0,,Health Care,Biotechnology: Pharmaceutical Preparations,13.19,15200000.0,809429760.0,5,0.0,2026-08-19,active
IMNM,"Immunome, Inc.",US,NASDAQ,NASDAQ Capital Market,,N,0,,Health Care,Biotechnology: Pharmaceutical Preparations,29.825,29000000.0,3387452928.0,5,-0.782,2026-08-19,active
IMOS,ChipMOS TECHNOLOGIES INC.,US,NASDAQ,NASDAQ Global Select,,N,0,,Technology,Semiconductors,52.44,6210000.0,1865111296.0,6,-33.1,2026-08-19,active
IMRX,Immuneering Corporation,US,NASDAQ,NASDAQ Global,,N,0,,Health Care,Biotechnology: Pharmaceutical Preparations,5.33,3050000.0,328015840.0,2,-47.1,2026-08-19,active
IMSR,Terrestrial Energy Inc.,US,NASDAQ,NASDAQ Global Select,,N,0,,Utilities,,5.69,9320000.0,732291648.0,8,-81.9,2026-08-19,active
IMTX,Immatics N.V.,US,NASDAQ,NASDAQ Capital Market,,N,0,,Health Care,Biotechnology: Biological Products (No Diagnostic Substances),9.25,4570000.0,1310695680.0,7,-25.5,2026-08-19,active
IMUX,"Immunic, Inc.",US,NASDAQ,NASDAQ Capital Market,,N,0,,Health Care,Biotechnology: Pharmaceutical Preparations,16.45,2470000.0,230591488.0,5,-5.62,2026-08-19,active
IMVT,"Immunovant, Inc.",US,NASDAQ,NASDAQ Global Select,,N,0,,Health Care,Biotechnology: Biological Products (No Diagnostic Substances),44.96,44500000.0,8638032896.0,5,-0.86,2026-08-19,active
IMXI,"International Money Express, Inc.",US,NASDAQ,NASDAQ Capital Market,,N,0,,Consumer Discretionary,Business Services,14.17,11200000.0,438672864.0,1,-11.2,2026-08-19,active
INBX,"Inhibrx Biosciences, Inc.",US,NASDAQ,NASDAQ Global Select,,N,0,,Health Care,Biotechnology: Biological Products (No Diagnostic Substances),101.48,20000000.0,1493548160.0,3,-34.7,2026-08-19,active
INCY,Incyte Corporation,US,NASDAQ,NASDAQ Global Select,SP500,N,0,,Health Care,Biotechnology: Commercial Physical & Biological Resarch,128.47,229000000.0,25027090432.0,5,-3.11,2026-08-19,active
INDB,Independent Bank Corp.,US,NASDAQ,NASDAQ Global Select,SP600,N,0,,Finance,Major Banks,83.33,26500000.0,4042005504.0,6,-4.77,2026-08-19,active
INDI,"indie Semiconductor, Inc.",US,NASDAQ,NASDAQ Capital Market,,N,0,,Technology,Semiconductors,4.005,30700000.0,995169280.0,4,-33.8,2026-08-19,active
INDP,"Indaptus Therapeutics, Inc.",US,NASDAQ,NASDAQ Capital Market,,N,0,,Health Care,Biotechnology: Pharmaceutical Preparations,0.94,241000.0,124728136.0,8,-89.0,2026-08-19,active
INDV,"Indivior Pharmaceuticals, Inc.",US,NASDAQ,NASDAQ Global Select,SP600,N,0,,Health Care,Biotechnology: Pharmaceutical Preparations,39.04,94100000.0,4611973632.0,3,-8.81,2026-08-19,active
INFQ,"Infleqtion, Inc.",US,NYSE,NYSE,,Y,1,INFQ03,Technology,Computer Processing Hardware,12.2,182000000.0,2749355892.9,,-55.6,2026-08-19,active
INHD,Inno Holdings Inc.,US,NASDAQ,NASDAQ Capital Market,,N,0,,Basic Materials,,7.47,8520000.0,38245104.0,8,-99.9,2026-08-19,active
INMD,InMode Ltd.,US,NASDAQ,NASDAQ Global Select,,N,0,,Health Care,Biotechnology: Electromedical & Electrotherapeutic Apparatus,15.04,7370000.0,865464320.0,3,-10.2,2026-08-19,active
INNV,InnovAge Holding Corp.,US,NASDAQ,NASDAQ Global Select,,N,0,,Health Care,Medical/Nursing Services,10.94,2390000.0,1506674048.0,3,-13.4,2026-08-19,active
INO,"Inovio Pharmaceuticals, Inc.",US,NASDAQ,NASDAQ Capital Market,,N,0,,Health Care,Medical/Dental Instruments,1.3,5460000.0,134416768.0,1,-56.4,2026-08-19,active
INOD,Innodata Inc.,US,NASDAQ,NASDAQ Global,,N,0,,Technology,EDP Services,62.78,98500000.0,2085044608.0,7,-49.8,2026-08-19,active
INSG,Inseego Corp.,US,NASDAQ,NASDAQ Global Select,,N,0,,Telecommunications,Telecommunications Equipment,4.33,2640000.0,70478144.0,8,-80.2,2026-08-19,active
INSM,Insmed Incorporated,US,NASDAQ,NASDAQ Global Select,,N,0,,Health Care,Biotechnology: Pharmaceutical Preparations,130.66,368000000.0,28533727232.0,2,-38.6,2026-08-19,active
INTA,"Intapp, Inc.",US,NASDAQ,NASDAQ Global Select,,N,0,,Technology,Computer Software: Prepackaged Software,40.09,27900000.0,3068862464.0,2,-16.4,2026-08-19,active
INTC,Intel Corporation,US,NASDAQ,NASDAQ Global Select,SP500+NDX,Y,4,INTEL01 INTEL03 INTEL19 INTEL23,Technology,Semiconductors,92.8,11600000000.0,512722567168.0,6,-34.8,2026-08-19,active
INTR,"Inter & Co, Inc.",US,NASDAQ,NASDAQ Global Select,,N,0,,Finance,Commercial Banks,5.32,29900000.0,2247303680.0,8,-48.0,2026-08-19,active
INTU,Intuit Inc.,US,NASDAQ,NASDAQ Global Select,SP500+NDX,N,0,,Technology,Computer Software: Prepackaged Software,362.47,1210000000.0,94550794240.0,1,-49.3,2026-08-19,active
INV,"Innventure, Inc.",US,NASDAQ,NASDAQ Global,,N,0,,Finance,Blank Checks,1.54,9070000.0,136649440.0,8,-80.4,2026-08-19,active
INVA,"Innoviva, Inc.",US,NASDAQ,NASDAQ Global Select,SP600,N,0,,Health Care,Biotechnology: Pharmaceutical Preparations,21.48,14300000.0,1551833088.0,7,-14.6,2026-08-19,active
INVH,Invitation Homes Inc.,US,NYSE,NYSE,SP500,N,0,,Finance,Real Estate,30.2,119000000.0,17637107712.0,5,-2.24,2026-08-19,active
IONQ,"IonQ, Inc.",US,NYSE,NYSE,,Y,2,IONQ03 IONQ23,Technology,EDP Services,43.36,837000000.0,12646386688.0,8,-48.8,2026-08-19,active
IONS,"Ionis Pharmaceuticals, Inc.",US,NASDAQ,NASDAQ Global Select,,N,0,,Health Care,Biotechnology: Pharmaceutical Preparations,60.8,142000000.0,9907908608.0,8,-29.9,2026-08-19,active
IOSP,Innospec Inc.,US,NASDAQ,NASDAQ Global Select,SP600,N,0,,Industrials,Major Chemicals,93.76,16100000.0,2313348096.0,5,-1.31,2026-08-19,active
IOT,Samsara Inc.,US,NYSE,NYSE,,N,0,,Technology,EDP Services,39.2,194000000.0,23972691968.0,4,-17.4,2026-08-19,active
IOTR,iOThree Limited,US,NASDAQ,NASDAQ Capital Market,,N,0,,Consumer Discretionary,Telecommunications Equipment,2.68,50200.0,12208324.0,8,-64.1,2026-08-19,active
IOVA,"Iovance Biotherapeutics, Inc.",US,NASDAQ,NASDAQ Global,,N,0,,Health Care,Biotechnology: Biological Products (No Diagnostic Substances),7.99,105000000.0,3216097024.0,5,-0.807,2026-08-19,active
IP,International Paper Company,US,NYSE,NYSE,SP500,N,0,,Basic Materials,Paper,41.06,205000000.0,21786505216.0,5,-16.2,2026-08-19,active
IPAR,"Interparfums, Inc.",US,NASDAQ,NASDAQ Global Select,SP600,N,0,,Consumer Discretionary,Package Goods/Cosmetics,117.01,32000000.0,3698337280.0,3,-9.5,2026-08-19,active
IPGP,IPG Photonics Corporation,US,NASDAQ,NASDAQ Global Select,SP400,N,0,,Technology,Semiconductors,76.57,42400000.0,3256869632.0,8,-50.9,2026-08-19,active
IPSC,"Century Therapeutics, Inc.",US,NASDAQ,NASDAQ Capital Market,,N,0,,Health Care,Biotechnology: Biological Products (No Diagnostic Substances),2.11,1180000.0,353096896.0,6,-30.6,2026-08-19,active
IPWR,Ideal Power Inc.,US,NASDAQ,NASDAQ Capital Market,,N,0,,Technology,Semiconductors,5.23,969000.0,85953248.0,3,-43.8,2026-08-19,active
IPX,IperionX Limited,US,NASDAQ,NASDAQ Capital Market,,N,0,,Basic Materials,Other Metals and Minerals,21.58,5610000.0,853550016.0,8,-64.9,2026-08-19,active
IQ,"iQIYI, Inc.",US,NASDAQ,NASDAQ Global Select,,N,0,,Consumer Discretionary,Consumer Electronics/Video Chains,1.13,8240000.0,1186980352.0,8,-60.2,2026-08-19,active
IQV,"IQVIA Holdings, Inc.",US,NYSE,NYSE,SP500,N,0,,Health Care,Biotechnology: Commercial Physical & Biological Resarch,249.28,356000000.0,38954237952.0,5,-0.827,2026-08-19,active
IR,Ingersoll Rand Inc.,US,NYSE,NYSE,SP500,N,0,,Industrials,Industrial Machinery/Components,81.14,353000000.0,32700590080.0,7,-19.6,2026-08-19,active
IRD,"Opus Genetics, Inc.",US,NASDAQ,NASDAQ Capital Market,,N,0,,Health Care,Biotechnology: Pharmaceutical Preparations,4.07,2900000.0,338607008.0,3,-29.9,2026-08-19,active
IRDM,Iridium Communications Inc.,US,NASDAQ,NASDAQ Global Select,SP600,N,0,,Telecommunications,Telecommunications Equipment,48.71,57700000.0,5260933120.0,3,-14.8,2026-08-19,active
IREN,IREN LIMITED,US,NASDAQ,NASDAQ Global Select,,N,0,,Technology,EDP Services,42.84,1840000000.0,14205802496.0,8,-44.3,2026-08-19,active
IRM,Iron Mountain Incorporated (Delaware),US,NYSE,NYSE,SP500,N,0,,Real Estate,Real Estate Investment Trusts,122.08,220000000.0,37710016512.0,6,-9.36,2026-08-19,active
IRMD,IRADIMED CORPORATION,US,NASDAQ,NASDAQ Global,,N,0,,Health Care,Medical/Dental Instruments,87.4,12200000.0,1111828864.0,7,-18.7,2026-08-19,active
IRON,"Disc Medicine, Inc.",US,NASDAQ,NASDAQ Global,,N,0,,Health Care,Biotechnology: Pharmaceutical Preparations,80.32,26300000.0,3073347328.0,5,-19.3,2026-08-19,active
IRTC,"iRhythm Holdings, Inc.",US,NASDAQ,NASDAQ Global Select,,N,0,,Health Care,Medical/Dental Instruments,124.75,87400000.0,4017201408.0,1,-41.2,2026-08-19,active
IRWD,"Ironwood Pharmaceuticals, Inc.",US,NASDAQ,NASDAQ Global Select,,N,0,,Health Care,Biotechnology: Pharmaceutical Preparations,4.36,9310000.0,712184192.0,5,-24.6,2026-08-19,active
ISRG,"Intuitive Surgical, Inc.",US,NASDAQ,NASDAQ Global Select,SP500+NDX,Y,4,ISRG01 ISRG06 ISRG19 ISRG80,Health Care,Industrial Specialties,397.72,1170000000.0,125079699456.0,1,-34.1,2026-08-19,active
ISSC,"Innovative Aerosystems, Inc.",US,,,,N,0,,Technology,EDP Services,24.78,6160000.0,443541504.0,5,-19.9,2026-08-18,ไม่พบใน SymDir · ข้อมูลค้าง
ISTR,Investar Holding Corporation,US,NASDAQ,NASDAQ Global,,N,0,,Finance,Major Banks,29.85,3850000.0,425021248.0,3,-5.66,2026-08-19,active
IT,"Gartner, Inc.",US,NYSE,NYSE,SP500,N,0,,Consumer Discretionary,Other Consumer Services,192.82,282000000.0,12198488064.0,2,-27.5,2026-08-19,active
ITIC,Investors Title Company,US,NASDAQ,NASDAQ Global Select,,N,0,,Finance,Specialty Insurers,292.39,18300000.0,543195328.0,5,-1.82,2026-08-19,active
ITRI,"Itron, Inc.",US,NASDAQ,NASDAQ Global Select,SP600,N,0,,Industrials,Electrical Products,98.86,121000000.0,4405385216.0,2,-30.4,2026-08-19,active
ITRN,Ituran Location and Control Ltd.,US,NASDAQ,NASDAQ Global Select,,N,0,,Technology,Electronic Components,50.8,8360000.0,1041622272.0,7,-25.6,2026-08-19,active
ITT,ITT Inc.,US,NYSE,NYSE,SP400,N,0,,Industrials,Fluid Controls,213.55,192000000.0,19185295360.0,4,-7.28,2026-08-19,active
ITW,Illinois Tool Works Inc.,US,NYSE,NYSE,SP500,N,0,,Industrials,Industrial Machinery/Components,284.25,382000000.0,82822684672.0,3,-5.85,2026-08-19,active
IVA,Inventiva S.A.,US,NASDAQ,NASDAQ Global,,N,0,,Health Care,Biotechnology: Pharmaceutical Preparations,4.76,3230000.0,1110237056.0,1,-40.4,2026-08-19,active
IVVD,"Invivyd, Inc.",US,NASDAQ,NASDAQ Global,,N,0,,Health Care,Biotechnology: Biological Products (No Diagnostic Substances),0.9595,2320000.0,218268848.0,1,-68.7,2026-08-19,active
IVZ,Invesco Ltd,US,NYSE,NYSE,SP500,N,0,,Finance,Investment Managers,32.21,152000000.0,14295770112.0,5,-1.8,2026-08-19,active
J,Jacobs Solutions Inc.,US,NYSE,NYSE,SP500,N,0,,Industrials,Military/Government/Technical,147.37,128000000.0,17277239296.0,5,-11.8,2026-08-19,active
JACK,Jack in the Box Inc.,US,NASDAQ,NASDAQ Global Select,,N,0,,Consumer Discretionary,Restaurants,17.15,16400000.0,340273312.0,2,-28.1,2026-08-19,active
JANX,"Janux Therapeutics, Inc.",US,NASDAQ,NASDAQ Global,,N,0,,Health Care,Biotechnology: Pharmaceutical Preparations,17.52,10800000.0,1003254400.0,2,-50.4,2026-08-19,active
JAZZ,Jazz Pharmaceuticals plc,US,NASDAQ,NASDAQ Global Select,SP400,N,0,,Health Care,Biotechnology: Pharmaceutical Preparations,252.16,201000000.0,16427932672.0,5,-4.86,2026-08-19,active
JBHT,"J.B. Hunt Transport Services, Inc.",US,NASDAQ,NASDAQ Global Select,SP500,N,0,,Industrials,Trucking Freight/Courier Services,272.42,242000000.0,25916764160.0,6,-9.12,2026-08-19,active
JBIO,"Jade Biosciences, Inc.",US,NASDAQ,NASDAQ Capital Market,,N,0,,Health Care,Biotechnology: Pharmaceutical Preparations,22.55,18100000.0,1571491456.0,1,-19.5,2026-08-19,active
JBL,Jabil Inc.,US,NYSE,NYSE,SP500,N,0,,Technology,Electrical Products,322.77,352000000.0,35483004928.0,6,-24.7,2026-08-19,active
JBLU,JetBlue Airways Corporation,US,NASDAQ,NASDAQ Global Select,SP600,N,0,,Consumer Discretionary,Air Freight/Delivery Services,4.9,203000000.0,1901653376.0,7,-26.0,2026-08-19,active
JBSS,"John B. Sanfilippo & Son, Inc.",US,NASDAQ,NASDAQ Global Select,SP600,N,0,,Consumer Staples,Specialty Foods,81.3,11300000.0,1014070656.0,6,-11.7,2026-08-19,active
JBTM,JBT Marel Corporation,US,NYSE,NYSE,SP600,N,0,,Industrials,Industrial Machinery/Components,115.03,87000000.0,5977765888.0,8,-32.3,2026-08-19,active
JCAP,"Jefferson Capital, Inc.",US,NASDAQ,NASDAQ Global Select,,N,0,,Finance,Finance Companies,23.41,9180000.0,1358113920.0,5,-4.21,2026-08-19,active
JCI,Johnson Controls International plc,US,NYSE,NYSE,SP500,Y,1,JCI03,Industrials,Industrial Machinery/Components,144.94,543000000.0,92551233536.0,6,-7.72,2026-08-19,active
JD,"JD.com, Inc.",US,NASDAQ,NASDAQ Global Select,,Y,1,JD80,Consumer Discretionary,Other Specialty Stores,29.35,300000000.0,38489247744.0,7,-17.5,2026-08-19,active
JDZG,JIADE Limited,US,NASDAQ,NASDAQ Capital Market,,N,0,,Consumer Staples,,4.25,1740000.0,22468000.0,8,-99.6,2026-08-19,active
JFB,JFB Construction Holdings,US,NASDAQ,NASDAQ Capital Market,,N,0,,Consumer Discretionary,General Bldg Contractors - Nonresidential Bldgs,4.3,1600000.0,89013776.0,8,-75.5,2026-08-19,active
JJSF,J&J Snack Foods Corp.,US,NASDAQ,NASDAQ Global Select,SP600,N,0,,Consumer Staples,Specialty Foods,90.75,22400000.0,1633613184.0,2,-19.9,2026-08-19,active
JKHY,"Jack Henry & Associates, Inc.",US,NASDAQ,NASDAQ Global Select,SP500,N,0,,Technology,EDP Services,163.06,145000000.0,10879295488.0,2,-15.0,2026-08-19,active
JNJ,Johnson & Johnson,US,NYSE,NYSE,SP500+DOW30,Y,1,JNJ03,Health Care,Biotechnology: Pharmaceutical Preparations,273.41,1830000000.0,627417088000.0,5,-1.11,2026-08-19,active
JOBY,"Joby Aviation, Inc.",US,NYSE,NYSE,,Y,1,JOBY03,Industrials,Aerospace,7.72,267000000.0,8714184704.0,8,-61.4,2026-08-19,active
JOUT,Johnson Outdoors Inc.,US,NASDAQ,NASDAQ Global Select,,N,0,,Consumer Discretionary,Recreational Games/Products/Toys,47.97,2260000.0,502709792.0,5,-10.4,2026-08-19,active
JOYY,JOYY Inc.,US,NASDAQ,NASDAQ Global Select,,N,0,,Technology,EDP Services,74.89,20200000.0,3678877440.0,5,-2.33,2026-08-19,active
JPM,JP Morgan Chase & Co.,US,NYSE,NYSE,SP500+DOW30,Y,2,JPMUS06 JPMUS19,Finance,Major Banks,357.26,2240000000.0,959498878976.0,4,-2.52,2026-08-19,active
JZ,Jianzhi Education Technology Group Company Limit,US,NASDAQ,NASDAQ Capital Market,,N,0,,Real Estate,Other Consumer Services,1.7,269000.0,5996699.0,7,-62.9,2026-08-19,active
JZXN,"Jiuzi Holdings, Inc.",US,NASDAQ,NASDAQ Capital Market,,N,0,,Consumer Discretionary,Retail-Auto Dealers and Gas Stations,1.34,1460000.0,835793.0,8,-98.6,2026-08-19,active
KALU,Kaiser Aluminum Corporation,US,NASDAQ,NASDAQ Global Select,SP600,N,0,,Industrials,Metal Fabrications,156.95,48700000.0,3161750784.0,6,-21.5,2026-08-19,active
KALV,"KalVista Pharmaceuticals, Inc.",US,,,,N,0,,Health Care,,27.0,82400000.0,1437504000.0,5,0.0,2026-06-12,ไม่พบใน SymDir · ข้อมูลค้าง
KARO,Karooooo Ltd.,US,NASDAQ,NASDAQ Capital Market,,N,0,,Technology,Computer Software: Prepackaged Software,61.39,7220000.0,1924034688.0,3,-8.56,2026-08-19,active
KC,Kingsoft Cloud Holdings Limited,US,NASDAQ,NASDAQ Global Select,,N,0,,Technology,Computer Software: Prepackaged Software,12.37,18900000.0,3505618688.0,1,-33.2,2026-08-19,active
KDK,"Kodiak AI, Inc.",US,NASDAQ,NASDAQ Global,,N,0,,Technology,EDP Services,3.905,4170000.0,783413952.0,8,-65.6,2026-08-19,active
KDP,Keurig Dr Pepper Inc.,US,NASDAQ,NASDAQ Global Select,SP500+NDX,N,0,,Consumer Staples,Beverages (Production/Distribution),31.06,402000000.0,41205813248.0,4,-11.3,2026-08-19,active
KE,"Kimball Electronics, Inc.",US,NASDAQ,NASDAQ Global Select,,N,0,,Technology,Electrical Products,23.72,5350000.0,621664704.0,8,-28.5,2026-08-19,active
KEEL,Keel Infrastructure Corp.,US,NASDAQ,NASDAQ Global,,N,0,,Finance,Finance: Consumer Services,3.25,140000000.0,2053017600.0,7,-55.9,2026-08-19,active
KELYA,"Kelly Services, Inc.",US,NASDAQ,NASDAQ Global Select,,N,0,,Consumer Discretionary,Professional Services,16.53,5430000.0,566478016.0,5,-6.87,2026-08-19,active
KEX,Kirby Corporation,US,NYSE,NYSE,SP400,N,0,,Consumer Discretionary,Marine Transportation,138.67,75300000.0,6995472384.0,6,-12.1,2026-08-19,active
KEY,KeyCorp,US,NYSE,NYSE,SP500,N,0,,Finance,Major Banks,22.1,208000000.0,24646084608.0,6,-8.18,2026-08-19,active
KEYS,Keysight Technologies Inc.,US,NYSE,NYSE,SP500,N,0,,Industrials,Industrial Machinery/Components,319.45,444000000.0,61718859776.0,6,-14.8,2026-08-19,active
KGS,"Kodiak Gas Services, Inc.",US,NYSE,NYSE,SP600,N,0,,Utilities,Natural Gas Distribution,60.03,106000000.0,6166145536.0,6,-22.7,2026-08-19,active
KHC,The Kraft Heinz Company,US,NASDAQ,NASDAQ Global Select,SP500+NDX,N,0,,Consumer Staples,Packaged Foods,25.68,389000000.0,29349138432.0,4,-8.58,2026-08-19,active
KIDS,OrthoPediatrics Corp.,US,NASDAQ,NASDAQ Global,,N,0,,Health Care,Medical/Dental Instruments,26.5,5240000.0,649089344.0,5,-0.786,2026-08-19,active
KIDZ,KIDZ AI Inc.,US,NASDAQ,NASDAQ Capital Market,,N,0,,Real Estate,Other Consumer Services,4.78,12500000.0,561058.0,1,-99.7,2026-08-19,active
KIM,Kimco Realty Corporation (HC),US,NYSE,NYSE,SP500,N,0,,Real Estate,Real Estate Investment Trusts,24.32,112000000.0,16373968896.0,6,-8.74,2026-08-19,active
KKR,KKR & Co. Inc.,US,NYSE,NYSE,SP500,N,0,,Finance,Investment Managers,110.46,554000000.0,105298558976.0,2,-27.0,2026-08-19,active
KLAC,KLA Corporation,US,NASDAQ,NASDAQ Global Select,SP500+NDX,Y,3,KLAC01 KLAC19 KLAC23,Technology,Electronic Components,187.27,2300000000.0,254502240256.0,6,-39.1,2026-08-19,active
KLIC,"Kulicke and Soffa Industries, Inc.",US,NASDAQ,NASDAQ Global Select,SP600,N,0,,Technology,Semiconductors,86.29,97400000.0,5325534208.0,6,-36.5,2026-08-19,active
KMB,Kimberly-Clark Corporation,US,NASDAQ,NASDAQ Global Select,SP500,N,0,,Consumer Discretionary,Containers/Packaging,109.88,383000000.0,36816498688.0,4,-15.4,2026-08-19,active
KMI,"Kinder Morgan, Inc.",US,NYSE,NYSE,SP500,N,0,,Utilities,Natural Gas Distribution,32.08,340000000.0,71992516608.0,3,-7.84,2026-08-19,active
KMTS,"Kestra Medical Technologies, Ltd.",US,NASDAQ,NASDAQ Global Select,,N,0,,Health Care,Medical/Dental Instruments,27.91,7670000.0,1642059392.0,5,-6.97,2026-08-19,active
KNSA,"Kiniksa Pharmaceuticals International, plc",US,NASDAQ,NASDAQ Global Select,,N,0,,Health Care,Biotechnology: Pharmaceutical Preparations,80.8,53600000.0,5971177984.0,5,-2.58,2026-08-19,active
KNSL,"Kinsale Capital Group, Inc.",US,NYSE,NYSE,SP400,N,0,,Finance,Property-Casualty Insurers,379.42,107000000.0,8637350912.0,2,-21.6,2026-08-19,active
KNTK,Kinetik Holdings Inc.,US,NYSE,NYSE,SP600,N,0,,Utilities,Natural Gas Distribution,54.71,54100000.0,8740865024.0,5,-0.852,2026-08-19,active
KO,Coca-Cola Company (The),US,NYSE,NYSE,SP500+DOW30,Y,1,KO80,Consumer Staples,Beverages (Production/Distribution),90.35,1380000000.0,376128831488.0,5,-0.627,2026-08-19,active
KOD,Kodiak Sciences Inc.,US,NASDAQ,NASDAQ Global,,N,0,,Health Care,Biotechnology: Biological Products (No Diagnostic Substances),40.07,24000000.0,2518377728.0,6,-16.2,2026-08-19,active
KOPN,Kopin Corporation,US,NASDAQ,NASDAQ Capital Market,,N,0,,Technology,Semiconductors,4.93,20200000.0,930212416.0,5,-25.4,2026-08-19,active
KPTI,Karyopharm Therapeutics Inc.,US,NASDAQ,NASDAQ Global Select,,N,0,,Health Care,Biotechnology: Pharmaceutical Preparations,2.0,7330000.0,41053440.0,8,-81.8,2026-08-19,active
KR,Kroger Company (The),US,NYSE,NYSE,SP500,N,0,,Consumer Staples,Food Chains,56.27,359000000.0,34351134720.0,8,-26.1,2026-08-19,active
KRMN,Karman Holdings Inc.,US,NYSE,NYSE,SP600,N,0,,Industrials,Military/Government/Technical,58.2,140000000.0,7876478464.0,1,-50.8,2026-08-19,active
KRNT,Kornit Digital Ltd.,US,NASDAQ,NASDAQ Global Select,,N,0,,Industrials,Industrial Machinery/Components,16.79,5250000.0,735587136.0,4,-15.1,2026-08-19,active
KRNY,Kearny Financial Corp.,US,NASDAQ,NASDAQ Global Select,,N,0,,Finance,Savings Institutions,9.63,6250000.0,615157568.0,5,-3.36,2026-08-19,active
KROS,"Keros Therapeutics, Inc.",US,NASDAQ,NASDAQ Global,,N,0,,Health Care,Biotechnology: Pharmaceutical Preparations,11.1,2220000.0,211159552.0,1,-50.8,2026-08-19,active
KRT,Karat Packaging Inc.,US,NASDAQ,NASDAQ Global Select,,N,0,,Industrials,Plastic Products,48.17,6920000.0,820309760.0,5,-5.2,2026-08-19,active
KRUS,"Kura Sushi USA, Inc.",US,NASDAQ,NASDAQ Global,,N,0,,Consumer Discretionary,Restaurants,50.19,8220000.0,643455296.0,8,-43.0,2026-08-19,active
KRYS,"Krystal Biotech, Inc.",US,NASDAQ,NASDAQ Global Select,SP400,N,0,,Health Care,Biotechnology: Biological Products (No Diagnostic Substances),343.34,183000000.0,9718481920.0,4,-10.2,2026-08-19,active
KSPI,Joint Stock Company Kaspi.kz - American Deposito,US,NASDAQ,NASDAQ Global Select,,N,0,,Technology,,101.48,53200000.0,19283968000.0,5,-0.743,2026-08-19,active
KTOS,"Kratos Defense & Security Solutions, Inc.",US,NASDAQ,NASDAQ Global Select,SP400,N,0,,Industrials,Military/Government/Technical,60.56,222000000.0,12123043840.0,1,-54.8,2026-08-19,active
KURA,"Kura Oncology, Inc.",US,NASDAQ,NASDAQ Global Select,,N,0,,Health Care,Biotechnology: Pharmaceutical Preparations,12.53,17900000.0,966112256.0,5,-2.87,2026-08-19,active
KVUE,Kenvue Inc.,US,NYSE,NYSE,SP500,N,0,,Consumer Discretionary,Specialty Chemicals,19.13,412000000.0,36878852096.0,4,-9.23,2026-08-19,active
KYIV,Kyivstar Group Ltd.,US,NASDAQ,NASDAQ Global Select,,N,0,,Telecommunications,Telecommunications Equipment,12.86,5240000.0,2978398464.0,7,-22.3,2026-08-19,active
KYMR,"Kymera Therapeutics, Inc.",US,NASDAQ,NASDAQ Global,,N,0,,Health Care,Biotechnology: Biological Products (No Diagnostic Substances),127.31,73900000.0,10472212480.0,5,-2.11,2026-08-19,active
KYTX,"Kyverna Therapeutics, Inc.",US,NASDAQ,NASDAQ Global Select,,N,0,,Health Care,Biotechnology: Biological Products (No Diagnostic Substances),8.87,6010000.0,447452768.0,3,-35.1,2026-08-19,active
KZIA,Kazia Therapeutics Limited,US,NASDAQ,NASDAQ Capital Market,,N,0,,Health Care,Biotechnology: Pharmaceutical Preparations,14.07,2820000.0,158605360.0,5,-19.1,2026-08-19,active
L,Loews Corporation,US,NYSE,NYSE,SP500,N,0,,Finance,Property-Casualty Insurers,111.19,79200000.0,22987894784.0,6,-8.12,2026-08-19,active
LAB,Standard BioTools Inc.,US,NASDAQ,NASDAQ Global Select,,N,0,,Industrials,Biotechnology: Laboratory Analytical Instruments,0.6716,1370000.0,279673152.0,8,-61.0,2026-08-19,active
LAES,SEALSQ Corp,US,NASDAQ,NASDAQ Global Select,,N,0,,Technology,Semiconductors,2.6,33600000.0,570301440.0,8,-70.1,2026-08-19,active
LAMR,Lamar Advertising Company,US,NASDAQ,NASDAQ Global Select,SP400,N,0,,Real Estate,Real Estate Investment Trusts,153.98,116000000.0,15636619264.0,6,-7.43,2026-08-19,active
LAND,Gladstone Land Corporation,US,NASDAQ,NASDAQ Global,,N,0,,Real Estate,Real Estate Investment Trusts,8.61,5570000.0,357602176.0,1,-32.8,2026-08-19,active
LASE,Laser Photonics Corporation,US,NASDAQ,NASDAQ Capital Market,,N,0,,Miscellaneous,Industrial Machinery/Components,1.33,2290000.0,66736364.0,1,-80.4,2026-08-19,active
LASR,"nLIGHT, Inc.",US,NASDAQ,NASDAQ Global Select,,N,0,,Technology,Semiconductors,47.88,82500000.0,3034504192.0,7,-44.9,2026-08-19,active
LAUR,"Laureate Education, Inc.",US,NASDAQ,NASDAQ Global Select,SP600,N,0,,Real Estate,Other Consumer Services,38.38,35800000.0,5182130688.0,5,-6.22,2026-08-19,active
LBRDA,Liberty Broadband Corporation,US,NASDAQ,NASDAQ Global Select,,N,0,,Telecommunications,Cable & Other Pay Television Services,35.99,9100000.0,5222163968.0,1,-45.0,2026-08-19,active
LBRDK,Liberty Broadband Corporation,US,NASDAQ,NASDAQ Global Select,,N,0,,Telecommunications,Cable & Other Pay Television Services,36.02,102000000.0,5168788480.0,1,-45.2,2026-08-19,active
LBRX,LB Pharmaceuticals Inc,US,NASDAQ,NASDAQ Global,,N,0,,Health Care,Biotechnology: Pharmaceutical Preparations,48.94,17500000.0,1578764032.0,5,-2.06,2026-08-19,active
LBTYA,Liberty Global Ltd.,US,NASDAQ,NASDAQ Global Select,,N,0,,Telecommunications,Cable & Other Pay Television Services,10.7,29700000.0,3571186688.0,8,-20.9,2026-08-19,active
LBTYK,Liberty Global Ltd.,US,NASDAQ,NASDAQ Global Select,,N,0,,Telecommunications,Cable & Other Pay Television Services,10.43,16400000.0,3509790976.0,8,-20.5,2026-08-19,active
LCID,"Lucid Group, Inc.",US,NASDAQ,NASDAQ Global Select,,N,0,,Industrials,Auto Manufacturing,5.92,78300000.0,2273784832.0,8,-76.5,2026-08-19,active
LDOS,"Leidos Holdings, Inc.",US,NYSE,NYSE,SP500,N,0,,Technology,EDP Services,146.31,208000000.0,16427582464.0,2,-28.3,2026-08-19,active
LE,"Lands' End, Inc.",US,NASDAQ,NASDAQ Capital Market,,N,0,,Consumer Discretionary,Clothing/Shoe/Accessory Stores,12.41,2280000.0,401783136.0,1,-38.1,2026-08-19,active
LECO,"Lincoln Electric Holdings, Inc.",US,NASDAQ,NASDAQ Global Select,SP400,N,0,,Industrials,Industrial Machinery/Components,279.56,133000000.0,15641517056.0,4,-9.53,2026-08-19,active
LEGN,Legend Biotech Corporation,US,NASDAQ,NASDAQ Global Select,,N,0,,Health Care,Biotechnology: Pharmaceutical Preparations,22.6,58300000.0,3927706880.0,8,-39.7,2026-08-19,active
LEN,Lennar Corporation,US,NYSE,NYSE,SP500,N,0,,Consumer Discretionary,Homebuilding,87.3,201000000.0,20847065088.0,1,-38.6,2026-08-19,active
LENZ,"LENZ Therapeutics, Inc.",US,NASDAQ,NASDAQ Global Select,,N,0,,Health Care,Biotechnology: Biological Products (No Diagnostic Substances),4.92,4390000.0,149875040.0,8,-90.2,2026-08-19,active
LESL,"Leslie's, Inc.",US,NASDAQ,NASDAQ Global Select,,N,0,,Consumer Discretionary,Other Specialty Stores,0.6527,2080000.0,7205839.0,8,-94.8,2026-08-19,active
LFMD,"LifeMD, Inc.",US,NASDAQ,NASDAQ Global,,N,0,,Health Care,Medical/Nursing Services,3.4,4020000.0,166774896.0,8,-53.6,2026-08-19,active
LFS,"Leifras Co., Ltd.",US,NASDAQ,NASDAQ Capital Market,,N,0,,Consumer Discretionary,Other Consumer Services,2.24,5810000.0,59907820.0,8,-82.1,2026-08-19,active
LFST,"LifeStance Health Group, Inc.",US,NASDAQ,NASDAQ Global Select,SP600,N,0,,Health Care,Medical/Nursing Services,12.83,46800000.0,4393639424.0,5,-0.156,2026-08-19,active
LFUS,"Littelfuse, Inc.",US,NASDAQ,NASDAQ Global Select,SP400,N,0,,Energy,Electrical Products,414.87,149000000.0,11561001984.0,6,-17.1,2026-08-19,active
LFVN,LifeVantage Corporation,US,NASDAQ,NASDAQ Capital Market,,N,0,,Health Care,Biotechnology: Pharmaceutical Preparations,6.5,374000.0,80362784.0,1,-53.3,2026-08-19,active
LGIH,"LGI Homes, Inc.",US,NASDAQ,NASDAQ Global Select,SP600,N,0,,Consumer Discretionary,Homebuilding,59.52,20500000.0,1375832704.0,5,-14.4,2026-08-19,active
LGN,Legence Corp.,US,NASDAQ,NASDAQ Global Select,,N,0,,Consumer Discretionary,Engineering & Construction,62.49,86100000.0,10387005440.0,7,-41.7,2026-08-19,active
LGND,Ligand Pharmaceuticals Incorporated,US,NASDAQ,NASDAQ Global,SP600,N,0,,Health Care,Biotechnology: Pharmaceutical Preparations,290.71,84300000.0,5872930304.0,3,-11.0,2026-08-19,active
LH,Labcorp Holdings Inc.,US,NYSE,NYSE,SP500,N,0,,Health Care,Medical Specialities,330.44,231000000.0,26148263936.0,5,-0.229,2026-08-19,active
LHX,"L3Harris Technologies, Inc.",US,NYSE,NYSE,SP500,N,0,,Industrials,Industrial Machinery/Components,277.11,482000000.0,54341152768.0,8,-26.4,2026-08-19,active
LI,Li Auto Inc.,US,NASDAQ,NASDAQ Global Select,,N,0,,Industrials,Auto Manufacturing,12.71,38400000.0,12606153728.0,8,-53.1,2026-08-19,active
LIF,"Life360, Inc.",US,NASDAQ,NASDAQ Global Select,SP600,N,0,,Technology,EDP Services,43.19,54600000.0,4172609536.0,8,-61.6,2026-08-19,active
LIFE,Ethos Technologies Inc.,US,NASDAQ,NASDAQ Global Select,,N,0,,Finance,Specialty Insurers,32.85,44000000.0,3148293120.0,5,-7.96,2026-08-19,active
LII,"Lennox International, Inc.",US,NYSE,NYSE,SP500,N,0,,Industrials,Industrial Machinery/Components,419.34,282000000.0,14584950784.0,8,-31.4,2026-08-19,active
LILA,Liberty Latin America Ltd.,US,NASDAQ,NASDAQ Global Select,,N,0,,Telecommunications,Cable & Other Pay Television Services,8.34,4860000.0,1678862976.0,4,-7.74,2026-08-19,active
LILAK,Liberty Latin America Ltd.,US,NASDAQ,NASDAQ Global Select,,N,0,,Telecommunications,Cable & Other Pay Television Services,8.28,10700000.0,1625970048.0,4,-9.31,2026-08-19,active
LIMN,"Liminatus Pharma, Inc.",US,NASDAQ,NASDAQ Capital Market,,N,0,,Health Care,,0.1117,4710000.0,7501812.0,8,-97.2,2026-08-19,active
LIN,Linde plc,US,NASDAQ,NASDAQ Global Select,SP500+NDX,N,0,,Basic Materials,Major Chemicals,481.13,1090000000.0,222533550080.0,7,-12.2,2026-08-19,active
LINC,Lincoln Educational Services Corporation,US,NASDAQ,NASDAQ Global Select,,N,0,,Real Estate,Other Consumer Services,26.3,34900000.0,976046784.0,7,-53.3,2026-08-19,active
LIND,"Lindblad Expeditions Holdings, Inc.",US,NASDAQ,NASDAQ Capital Market,,N,0,,Consumer Discretionary,Transportation Services,31.82,26300000.0,2203509248.0,4,-9.09,2026-08-19,active
LINE,"Lineage, Inc.",US,NASDAQ,NASDAQ Global Select,,N,0,,Real Estate,Real Estate Investment Trusts,41.77,43900000.0,10468722688.0,6,-8.7,2026-08-19,active
LITE,Lumentum Holdings Inc.,US,NASDAQ,NASDAQ Global Select,SP500+NDX,Y,3,LITE01 LITE23 LITE80,Telecommunications,Telecommunications Equipment,827.6,4360000000.0,82056003584.0,3,-23.8,2026-08-19,active
LIVN,LivaNova PLC,US,NASDAQ,NASDAQ Global Select,SP400,N,0,,Health Care,Biotechnology: Electromedical & Electrotherapeutic Apparatus,80.84,56800000.0,4515536384.0,5,-5.74,2026-08-19,active
LKFN,Lakeland Financial Corporation,US,NASDAQ,NASDAQ Global Select,SP600,N,0,,Finance,Major Banks,60.07,10200000.0,1553366400.0,7,-11.2,2026-08-19,active
LKFT,Lakefront Biotherapeutics NV,US,NASDAQ,NASDAQ Global Select,,N,0,,Health Care,Biotechnology: Pharmaceutical Preparations,29.36,7220000.0,1802138240.0,1,-22.3,2026-08-19,active
LKQ,LKQ Corporation,US,NASDAQ,NASDAQ Global Select,SP600,N,0,,Consumer Discretionary,Motor Vehicles,25.86,92800000.0,6431312896.0,1,-28.8,2026-08-19,active
LLY,Eli Lilly and Company,US,NYSE,NYSE,SP500,Y,2,LLY23 LLY80,Health Care,Biotechnology: Pharmaceutical Preparations,1280.34,3270000000.0,1078115303424.0,5,-0.952,2026-08-19,active
LLYVA,"Liberty Live Holdings, Inc. - Series A Liberty L",US,NASDAQ,NASDAQ Global Select,,N,0,,Consumer Discretionary,Services-Misc. Amusement & Recreation,103.46,14400000.0,9518875648.0,5,-2.45,2026-08-19,active
LLYVK,"Liberty Live Holdings, Inc. - Series C Liberty L",US,NASDAQ,NASDAQ Global Select,,N,0,,Consumer Discretionary,Services-Misc. Amusement & Recreation,106.84,29900000.0,9543717888.0,5,-2.65,2026-08-19,active
LMAT,"LeMaitre Vascular, Inc.",US,NASDAQ,NASDAQ Global,SP600,N,0,,Health Care,Medical/Dental Instruments,83.87,38900000.0,1918044544.0,8,-28.8,2026-08-19,active
LMB,"Limbach Holdings, Inc.",US,NASDAQ,NASDAQ Capital Market,,N,0,,Consumer Discretionary,Engineering & Construction,43.7,21700000.0,521122208.0,8,-66.0,2026-08-19,active
LMRI,"Lumexa Imaging Holdings, Inc.",US,NASDAQ,NASDAQ Global Select,,N,0,,Health Care,Medical Specialities,11.85,5540000.0,1112614912.0,1,-39.1,2026-08-19,active
LMT,Lockheed Martin Corporation,US,NYSE,NYSE,SP500,N,0,,Industrials,Military/Government/Technical,589.15,717000000.0,140477710336.0,4,-14.3,2026-08-19,active
LNAI,Lunai Bioworks Inc.,US,NASDAQ,NASDAQ Capital Market,,N,0,,Health Care,Biotechnology: Pharmaceutical Preparations,2.22,1160000.0,10155914.0,8,-89.5,2026-08-19,active
LNKS,Linkers Industries Limited,US,NASDAQ,NASDAQ Capital Market,,N,0,,Technology,Electrical Products,0.9384,407000.0,1507645.0,8,-99.8,2026-08-19,active
LNT,Alliant Energy Corporation,US,NASDAQ,NASDAQ Global Select,SP500,N,0,,Utilities,Power Generation,70.15,189000000.0,18201786368.0,6,-11.0,2026-08-19,active
LNTH,"Lantheus Holdings, Inc.",US,NASDAQ,NASDAQ Global,SP400,N,0,,Health Care,Biotechnology: In Vitro & In Vivo Diagnostic Substances,100.48,211000000.0,6571621888.0,6,-10.2,2026-08-19,active
LOAR,Loar Holdings Inc.,US,NYSE,NYSE,,N,0,,Industrials,Military/Government/Technical,76.49,42200000.0,6828952576.0,5,-8.32,2026-08-19,active
LOCO,"El Pollo Loco Holdings, Inc.",US,NASDAQ,NASDAQ Global Select,,N,0,,Consumer Discretionary,Restaurants,15.33,3930000.0,498553248.0,6,-11.9,2026-08-19,active
LOGI,Logitech International S.A. - Registered Shares,US,NASDAQ,NASDAQ Global Select,,N,0,,Technology,Computer peripheral equipment,100.47,121000000.0,14788491264.0,7,-22.5,2026-08-19,active
LOKV,Live Oak Acquisition Corp. V,US,,,,N,0,,Finance,,11.54,5940000.0,331200000.0,5,-3.75,2026-06-22,ไม่พบใน SymDir · ข้อมูลค้าง
LOPE,"Grand Canyon Education, Inc.",US,NASDAQ,NASDAQ Global Select,SP400,N,0,,Real Estate,Other Consumer Services,146.92,45300000.0,3787510272.0,8,-34.1,2026-08-19,active
LOVE,The Lovesac Company,US,NASDAQ,NASDAQ Global,,N,0,,Consumer Discretionary,Other Specialty Stores,17.04,3420000.0,253244624.0,3,-18.4,2026-08-19,active
LOW,"Lowe's Companies, Inc.",US,NYSE,NYSE,SP500,N,0,,Consumer Discretionary,RETAIL: Building Materials,220.0,618000000.0,121095905280.0,1,-24.6,2026-08-19,active
LPLA,LPL Financial Holdings Inc.,US,NASDAQ,NASDAQ Global Select,,N,0,,Finance,Investment Bankers/Brokers/Service,359.23,244000000.0,28286593024.0,4,-10.0,2026-08-19,active
LPTH,"LightPath Technologies, Inc.",US,NASDAQ,NASDAQ Capital Market,,N,0,,Technology,Semiconductors,13.24,33500000.0,789262848.0,4,-30.1,2026-08-19,active
LQDA,Liquidia Corporation,US,NASDAQ,NASDAQ Capital Market,SP600,N,0,,Health Care,Biotechnology: Pharmaceutical Preparations,75.33,133000000.0,6954840576.0,6,-19.5,2026-08-19,active
LQDT,"Liquidity Services, Inc.",US,NASDAQ,NASDAQ Global Select,SP600,N,0,,Consumer Discretionary,Business Services,43.58,9260000.0,1345379584.0,5,-1.16,2026-08-19,active
LRCX,Lam Research Corporation,US,NASDAQ,NASDAQ Global Select,SP500+NDX,Y,4,LRCX01 LRCX19 LRCX23 LRCX80,Technology,Industrial Machinery/Components,307.17,3270000000.0,415889031168.0,6,-29.9,2026-08-19,active
LRMR,"Larimar Therapeutics, Inc.",US,NASDAQ,NASDAQ Global,,N,0,,Health Care,Biotechnology: Pharmaceutical Preparations,4.25,4950000.0,452929600.0,5,-33.8,2026-08-19,active
LSCC,Lattice Semiconductor Corporation,US,NASDAQ,NASDAQ Global Select,SP400,N,0,,Technology,Semiconductors,117.68,256000000.0,18843156480.0,6,-25.0,2026-08-19,active
LSTR,"Landstar System, Inc.",US,NASDAQ,NASDAQ Global Select,SP400,N,0,,Industrials,Trucking Freight/Courier Services,185.02,102000000.0,6562722304.0,6,-19.0,2026-08-19,active
LTBR,Lightbridge Corporation,US,NASDAQ,NASDAQ Capital Market,,N,0,,Consumer Discretionary,Professional Services,8.05,7720000.0,333002464.0,8,-74.3,2026-08-19,active
LTH,"Life Time Group Holdings, Inc.",US,NYSE,NYSE,SP600,N,0,,Consumer Discretionary,Hotels/Resorts,44.65,141000000.0,10145172480.0,5,-5.47,2026-08-19,active
LTRX,"Lantronix, Inc.",US,NASDAQ,NASDAQ Capital Market,,N,0,,Telecommunications,Computer Communications Equipment,6.01,3970000.0,288617600.0,4,-31.3,2026-08-19,active
LULU,lululemon athletica inc.,US,NASDAQ,NASDAQ Global Select,SP500,Y,1,LULU06,Consumer Discretionary,Apparel,119.45,308000000.0,13575371776.0,8,-47.1,2026-08-19,active
LUMN,"Lumen Technologies, Inc.",US,NYSE,NYSE,SP600,N,0,,Telecommunications,Telecommunications Equipment,6.13,88400000.0,6487791616.0,8,-48.7,2026-08-19,active
LUNR,"Intuitive Machines, Inc.",US,NASDAQ,NASDAQ Global,,N,0,,Industrials,Industrial Machinery/Components,18.52,176000000.0,3098333952.0,1,-60.4,2026-08-19,active
LUV,Southwest Airlines Company,US,NYSE,NYSE,SP500,N,0,,Consumer Discretionary,Air Freight/Delivery Services,41.42,233000000.0,22004584448.0,7,-24.2,2026-08-19,active
LVS,Las Vegas Sands Corp.,US,NYSE,NYSE,SP500,N,0,,Consumer Discretionary,Hotels/Resorts,46.58,251000000.0,29586991104.0,8,-33.2,2026-08-19,active
LWAY,"Lifeway Foods, Inc.",US,NASDAQ,NASDAQ Global,,N,0,,Consumer Staples,Packaged Foods,25.04,4610000.0,378272960.0,7,-26.8,2026-08-19,active
LWLG,"Lightwave Logic, Inc.",US,NASDAQ,NASDAQ Capital Market,,N,0,,Industrials,Containers/Packaging,6.24,22100000.0,1123240448.0,7,-66.6,2026-08-19,active
LX,LexinFintech Holdings Ltd.,US,NASDAQ,NASDAQ Global Select,,N,0,,Finance,Finance: Consumer Services,1.36,2490000.0,237295120.0,8,-78.0,2026-08-19,active
LXEO,"Lexeo Therapeutics, Inc.",US,NASDAQ,NASDAQ Global,,N,0,,Health Care,Biotechnology: Biological Products (No Diagnostic Substances),5.37,4290000.0,397103904.0,1,-51.1,2026-08-19,active
LXRX,"Lexicon Pharmaceuticals, Inc.",US,NASDAQ,NASDAQ Capital Market,,N,0,,Health Care,Biotechnology: Pharmaceutical Preparations,2.41,6660000.0,1072343872.0,5,-10.1,2026-08-19,active
LYB,LyondellBasell Industries NV,US,NYSE,NYSE,SP500,N,0,,Industrials,Major Chemicals,66.06,284000000.0,20596899840.0,5,-20.5,2026-08-19,active
LYFT,"Lyft, Inc.",US,NASDAQ,NASDAQ Global Select,SP600,N,0,,Consumer Discretionary,Business Services,17.43,204000000.0,6597956608.0,5,-31.8,2026-08-19,active
LYTS,LSI Industries Inc.,US,NASDAQ,NASDAQ Global Select,,N,0,,Consumer Discretionary,Building Products,24.06,5870000.0,912670400.0,6,-12.1,2026-08-19,active
LYV,"Live Nation Entertainment, Inc.",US,NYSE,NYSE,SP500,N,0,,Consumer Discretionary,Services-Misc. Amusement & Recreation,184.19,385000000.0,43903549440.0,5,-2.67,2026-08-19,active
LZ,"LegalZoom.com, Inc.",US,NASDAQ,NASDAQ Global Select,SP600,N,0,,Technology,EDP Services,5.86,20800000.0,962508224.0,8,-52.7,2026-08-19,active
MA,Mastercard Incorporated,US,NYSE,NYSE,SP500,Y,1,MA80,Consumer Discretionary,Business Services,573.72,1720000000.0,498703663104.0,5,-4.23,2026-08-19,active
MAA,"Mid-America Apartment Communities, Inc.",US,NYSE,NYSE,SP500,N,0,,Real Estate,Real Estate Investment Trusts,131.47,138000000.0,15640169472.0,7,-8.96,2026-08-19,active
MAC,Macerich Company (The),US,NYSE,NYSE,SP600,N,0,,Real Estate,Real Estate Investment Trusts,24.9,95900000.0,7985344512.0,3,-6.67,2026-08-19,active
MAMA,"Mama's Creations, Inc.",US,NASDAQ,NASDAQ Capital Market,,N,0,,Consumer Staples,Specialty Foods,16.48,8880000.0,802078272.0,6,-21.5,2026-08-19,active
MANH,"Manhattan Associates, Inc.",US,NASDAQ,NASDAQ Global Select,SP400,N,0,,Technology,Computer Software: Prepackaged Software,205.99,197000000.0,11508817920.0,5,-6.62,2026-08-19,active
MAR,Marriott International,US,NASDAQ,NASDAQ Global Select,SP500+NDX,N,0,,Consumer Discretionary,Hotels/Resorts,359.95,637000000.0,92287795200.0,6,-12.4,2026-08-19,active
MARA,"MARA Holdings, Inc.",US,NASDAQ,NASDAQ Capital Market,SP600,N,0,,Technology,EDP Services,9.65,468000000.0,3461241600.0,8,-58.8,2026-08-19,active
MAS,Masco Corporation,US,NYSE,NYSE,SP500,N,0,,Industrials,Industrial Specialties,75.25,220000000.0,15246531584.0,3,-10.0,2026-08-19,active
MASI,Masimo Corporation,US,,,,N,0,,Health Care,,179.95,160000000.0,,5,-0.0222,2026-06-12,ไม่พบใน SymDir · ข้อมูลค้าง
MASK,3 E Network Technology Group Limited,US,NASDAQ,NASDAQ Capital Market,,N,0,,Technology,EDP Services,1.6,275000.0,4881808.0,8,-94.8,2026-08-19,active
MAT,"Mattel, Inc.",US,NASDAQ,NASDAQ Global Select,SP400,N,0,,Consumer Discretionary,Recreational Games/Products/Toys,14.53,55500000.0,4151220992.0,8,-35.4,2026-08-19,active
MATW,Matthews International Corporation,US,NASDAQ,NASDAQ Global Select,SP600,N,0,,Telecommunications,Metal Fabrications,21.97,15700000.0,863059456.0,7,-28.3,2026-08-19,active
MAZE,"Maze Therapeutics, Inc.",US,NASDAQ,NASDAQ Global,,N,0,,Health Care,Biotechnology: Biological Products (No Diagnostic Substances),29.75,10000000.0,1618147200.0,2,-44.5,2026-08-19,active
MBIN,Merchants Bancorp,US,NASDAQ,NASDAQ Capital Market,SP600,N,0,,Finance,Major Banks,53.5,9150000.0,2542672384.0,4,-5.93,2026-08-19,active
MBLY,Mobileye Global Inc.,US,NASDAQ,NASDAQ Global Select,,N,0,,Technology,Computer Software: Prepackaged Software,9.1,57800000.0,7541163520.0,1,-42.4,2026-08-19,active
MBUU,"Malibu Boats, Inc.",US,NASDAQ,NASDAQ Global,,N,0,,Industrials,Marine Transportation,29.65,5040000.0,572616064.0,2,-25.2,2026-08-19,active
MBWM,Mercantile Bank Corporation,US,NASDAQ,NASDAQ Global Select,,N,0,,Finance,Major Banks,59.57,7480000.0,1051848704.0,3,-4.52,2026-08-19,active
MBX,"MBX Biosciences, Inc.",US,NASDAQ,NASDAQ Global Select,,N,0,,Health Care,Biotechnology: Pharmaceutical Preparations,68.4,31900000.0,3286926592.0,5,-5.84,2026-08-19,active
MCBS,"MetroCity Bankshares, Inc.",US,NASDAQ,NASDAQ Global Select,,N,0,,Finance,Major Banks,35.34,2940000.0,1043031744.0,3,-5.66,2026-08-19,active
MCD,McDonald's Corporation,US,NYSE,NYSE,SP500+DOW30,N,0,,Consumer Discretionary,Restaurants,267.45,1240000000.0,192655409152.0,8,-20.8,2026-08-19,active
MCFT,"MasterCraft Boat Holdings, Inc.",US,NASDAQ,NASDAQ Global,,N,0,,Industrials,Marine Transportation,25.24,4440000.0,597805632.0,5,-11.3,2026-08-19,active
MCHB,Mechanics Bancorp,US,NASDAQ,NASDAQ Global Select,,N,0,,Finance,Major Banks,16.7,10900000.0,3801893120.0,4,-3.91,2026-08-19,active
MCHP,Microchip Technology Incorporated,US,NASDAQ,NASDAQ Global Select,SP500+NDX,N,0,,Technology,Semiconductors,77.08,883000000.0,43136614400.0,7,-26.9,2026-08-19,active
MCHPP,Microchip Technology Incorporated,US,NASDAQ,NASDAQ Global Select,,N,0,,Technology,Semiconductors,66.29,6830000.0,,7,-23.8,2026-08-19,active
MCK,McKesson Corporation,US,NYSE,NYSE,SP500,N,0,,Health Care,Other Pharmaceuticals,853.71,866000000.0,101317025792.0,3,-14.4,2026-08-19,active
MCO,Moody's Corporation,US,NYSE,NYSE,SP500,N,0,,Finance,Finance: Consumer Services,497.03,376000000.0,84585062400.0,5,-8.7,2026-08-19,active
MCRI,"Monarch Casino & Resort, Inc.",US,NASDAQ,NASDAQ Global Select,SP600,N,0,,Consumer Discretionary,Hotels/Resorts,124.81,14100000.0,2142458112.0,5,-8.18,2026-08-19,active
MDB,"MongoDB, Inc.",US,NASDAQ,NASDAQ Global,,N,0,,Technology,Computer Software: Prepackaged Software,440.53,569000000.0,35432677376.0,5,-6.88,2026-08-19,active
MDGL,"Madrigal Pharmaceuticals, Inc.",US,NASDAQ,NASDAQ Global Select,,N,0,,Health Care,Biotechnology: Pharmaceutical Preparations,540.16,197000000.0,11906481152.0,5,-12.2,2026-08-19,active
MDLN,Medline Inc.,US,NASDAQ,NASDAQ Global Select,,N,0,,Health Care,Medical/Dental Instruments,33.91,268000000.0,47870517248.0,8,-33.3,2026-08-19,active
MDLZ,"Mondelez International, Inc.",US,NASDAQ,NASDAQ Global Select,SP500+NDX,N,0,,Consumer Staples,Packaged Foods,64.16,553000000.0,81185955840.0,5,-3.74,2026-08-19,active
MDT,Medtronic plc.,US,NYSE,NYSE,SP500,N,0,,Health Care,Biotechnology: Electromedical & Electrotherapeutic Apparatus,94.13,607000000.0,116829716480.0,2,-9.28,2026-08-19,active
MDXG,"MiMedx Group, Inc.",US,NASDAQ,NASDAQ Capital Market,,N,0,,Health Care,Biotechnology: Pharmaceutical Preparations,4.45,6490000.0,610736384.0,1,-44.2,2026-08-19,active
MEDP,"Medpace Holdings, Inc.",US,NASDAQ,NASDAQ Global Select,SP400,N,0,,Health Care,Biotechnology: Commercial Physical & Biological Resarch,608.27,193000000.0,16146892800.0,5,-10.3,2026-08-19,active
MELI,"MercadoLibre, Inc.",US,NASDAQ,NASDAQ Global Select,NDX,Y,2,MELI06 MELI23,Consumer Discretionary,Business Services,1908.65,889000000.0,96762445824.0,2,-25.1,2026-08-19,active
MEOH,Methanex Corporation,US,NASDAQ,NASDAQ Global Select,,N,0,,Industrials,Major Chemicals,56.59,46600000.0,4432198656.0,5,-15.2,2026-08-19,active
MESO,Mesoblast Limited,US,NASDAQ,NASDAQ Global Select,,N,0,,Health Care,Biotechnology: Biological Products (No Diagnostic Substances),17.13,3020000.0,2162033920.0,5,-20.3,2026-08-19,active
MET,"MetLife, Inc.",US,NYSE,NYSE,SP500,N,0,,Finance,Life Insurance,95.11,369000000.0,61469683712.0,3,-5.77,2026-08-19,active
META,"Meta Platforms, Inc.",US,NASDAQ,NASDAQ Global Select,SP500+NDX,Y,4,META01 META06 META23 META80,Technology,Computer Software: Programming Data Processing,546.03,9950000000.0,1391014838272.0,8,-30.7,2026-08-19,active
METC,"Ramaco Resources, Inc.",US,NASDAQ,NASDAQ Global Select,,N,0,,Energy,Coal Mining,12.06,24600000.0,776505920.0,1,-79.1,2026-08-19,active
MFIC,MidCap Financial Investment Corporation,US,NASDAQ,NASDAQ Global Select,,N,0,,Finance,Finance/Investors Services,9.81,6020000.0,803133056.0,8,-17.6,2026-08-19,active
MGEE,"MGE Energy, Inc.",US,NASDAQ,NASDAQ Global Select,SP600,N,0,,Energy,Electric Utilities: Central,81.24,14700000.0,3057468160.0,5,-5.96,2026-08-19,active
MGM,MGM Resorts International,US,NYSE,NYSE,SP500,N,0,,Consumer Discretionary,Hotels/Resorts,43.22,111000000.0,11083474944.0,6,-16.2,2026-08-19,active
MGN,Megan Holdings Limited,US,NASDAQ,NASDAQ Capital Market,,N,0,,Consumer Staples,Farming/Seeds/Milling,0.101,7870000.0,3873900.0,8,-98.8,2026-08-19,active
MGNI,"Magnite, Inc.",US,NASDAQ,NASDAQ Global Select,,N,0,,Technology,Computer Software: Programming Data Processing,23.85,66300000.0,3546879488.0,5,-10.5,2026-08-19,active
MGNX,"MacroGenics, Inc.",US,NASDAQ,NASDAQ Global Select,,N,0,,Health Care,Biotechnology: Pharmaceutical Preparations,4.17,2630000.0,268584896.0,5,-17.9,2026-08-19,active
MGPI,"MGP Ingredients, Inc.",US,NASDAQ,NASDAQ Global Select,,N,0,,Consumer Staples,Beverages (Production/Distribution),18.07,3380000.0,388665472.0,1,-39.9,2026-08-19,active
MGRC,McGrath RentCorp,US,NASDAQ,NASDAQ Global Select,,N,0,,Consumer Discretionary,Diversified Commercial Services,118.33,21100000.0,2986770176.0,3,-6.13,2026-08-19,active
MGTX,MeiraGTx Holdings plc,US,NASDAQ,NASDAQ Global Select,,N,0,,Health Care,Biotechnology: Biological Products (No Diagnostic Substances),14.97,6960000.0,1200219392.0,5,-2.48,2026-08-19,active
MIDD,The Middleby Corporation,US,NASDAQ,NASDAQ Global Select,SP400,N,0,,Industrials,Industrial Machinery/Components,112.43,78100000.0,5332167168.0,8,-36.3,2026-08-19,active
MIMI,Mint Incorporation Limited,US,NASDAQ,NASDAQ Capital Market,,N,0,,Consumer Discretionary,Business Services,1.95,228000.0,15327809.0,8,-98.6,2026-08-19,active
MIRM,"Mirum Pharmaceuticals, Inc.",US,NASDAQ,NASDAQ Global,,N,0,,Health Care,Biotechnology: Pharmaceutical Preparations,102.24,78500000.0,6087756288.0,6,-21.4,2026-08-19,active
MITK,"Mitek Systems, Inc.",US,NASDAQ,NASDAQ Capital Market,,N,0,,Technology,Computer peripheral equipment,18.88,13600000.0,837922496.0,5,-10.3,2026-08-19,active
MKC,"McCormick & Company, Incorporated",US,NYSE,NYSE,SP500,N,0,,Consumer Staples,Packaged Foods,56.48,150000000.0,14238377984.0,2,-21.3,2026-08-19,active
MKL,Markel Group Inc.,US,NYSE,NYSE,,N,0,,Finance,Property-Casualty Insurers,1795.04,121000000.0,22887225344.0,8,-18.7,2026-08-19,active
MKSI,MKS Inc.,US,NASDAQ,NASDAQ Global Select,SP400,Y,1,MKSI03,Industrials,Industrial Machinery/Components,281.6,475000000.0,20710582272.0,6,-37.1,2026-08-19,active
MKTX,MarketAxess Holdings Inc.,US,NASDAQ,NASDAQ Global Select,SP600,N,0,,Finance,Investment Bankers/Brokers/Service,161.74,256000000.0,5721308672.0,2,-17.0,2026-08-19,active
MLAB,"Mesa Laboratories, Inc.",US,NASDAQ,NASDAQ Global Select,,N,0,,Industrials,Industrial Machinery/Components,119.72,16600000.0,604018112.0,5,-0.606,2026-08-19,active
MLCO,Melco Resorts & Entertainment Limited,US,NASDAQ,NASDAQ Global Select,,N,0,,Consumer Discretionary,Hotels/Resorts,5.48,8410000.0,2135603584.0,8,-46.0,2026-08-19,active
MLI,"Mueller Industries, Inc.",US,NYSE,NYSE,SP400,N,0,,Industrials,Metal Fabrications,62.73,74100000.0,13874708480.0,8,-55.8,2026-08-19,active
MLKN,"MillerKnoll, Inc.",US,NASDAQ,NASDAQ Global Select,SP600,N,0,,Consumer Discretionary,Office Equipment/Supplies/Services,23.23,13900000.0,1579777920.0,4,-5.99,2026-08-19,active
MLM,"Martin Marietta Materials, Inc.",US,NYSE,NYSE,SP500,N,0,,Industrials,Mining & Quarrying of Nonmetallic Minerals (No Fuels),535.53,341000000.0,32911876096.0,8,-24.5,2026-08-19,active
MLTX,MoonLake Immunotherapeutics,US,NASDAQ,NASDAQ Capital Market,,N,0,,Health Care,Biotechnology: Pharmaceutical Preparations,16.74,22200000.0,1401707136.0,8,-73.3,2026-08-19,active
MLYS,"Mineralys Therapeutics, Inc.",US,NASDAQ,NASDAQ Global Select,,N,0,,Health Care,Biotechnology: Pharmaceutical Preparations,26.95,20200000.0,2382565632.0,1,-43.4,2026-08-19,active
MMED,"MiniMed Group, Inc.",US,NASDAQ,NASDAQ Global Select,,N,0,,Health Care,Medical/Dental Instruments,20.22,22400000.0,5484860928.0,5,-3.16,2026-08-19,active
MMM,3M Company,US,NYSE,NYSE,SP500+DOW30,N,0,,Health Care,Medical/Dental Instruments,180.66,569000000.0,94444249088.0,4,-2.29,2026-08-19,active
MMSI,"Merit Medical Systems, Inc.",US,NASDAQ,NASDAQ Global Select,SP600,N,0,,Health Care,Medical/Dental Instruments,91.98,101000000.0,5403792896.0,5,-2.92,2026-08-19,active
MMYT,MakeMyTrip Limited,US,NASDAQ,NASDAQ Global Select,,N,0,,Consumer Discretionary,Transportation Services,61.24,40100000.0,5683024384.0,2,-41.4,2026-08-19,active
MNDY,monday.com Ltd.,US,NASDAQ,NASDAQ Global Select,,N,0,,Technology,Computer Software: Prepackaged Software,91.01,156000000.0,3699830784.0,1,-58.8,2026-08-19,active
MNKD,MannKind Corporation,US,NASDAQ,NASDAQ Global,,N,0,,Health Care,Biotechnology: Pharmaceutical Preparations,4.395,19600000.0,1229655296.0,2,-32.5,2026-08-19,active
MNPR,Monopar Therapeutics Inc.,US,NASDAQ,NASDAQ Capital Market,,N,0,,Health Care,Biotechnology: Pharmaceutical Preparations,123.84,32900000.0,758743936.0,5,-0.785,2026-08-19,active
MNRO,"Monro, Inc.",US,NASDAQ,NASDAQ Global Select,,N,0,,Consumer Discretionary,Automotive Aftermarket,12.57,15700000.0,361412544.0,8,-45.8,2026-08-19,active
MNSO,MINISO Group Holding Limited,US,NYSE,NYSE,,Y,1,MNSO80,Consumer Discretionary,Specialty Stores,11.02,6820000.0,3339431621.4,,-58.8,2026-08-19,active
MNST,Monster Beverage Corporation,US,NASDAQ,NASDAQ Global Select,SP500+NDX,Y,1,MNST06,Consumer Staples,Beverages (Production/Distribution),47.43,521000000.0,91722801152.0,7,-52.7,2026-08-19,active
MNTS,Momentus Inc.,US,NASDAQ,NASDAQ Capital Market,,N,0,,Industrials,Military/Government/Technical,4.24,5910000.0,91542072.0,8,-87.7,2026-08-19,active
MO,"Altria Group, Inc.",US,NYSE,NYSE,SP500,N,0,,Health Care,Medicinal Chemicals and Botanical Products,66.03,691000000.0,109435011072.0,6,-14.3,2026-08-19,active
MOBX,"Mobix Labs, Inc.",US,NASDAQ,NASDAQ Capital Market,,N,0,,Technology,Semiconductors,1.185,3370000.0,25989740.0,8,-91.8,2026-08-19,active
MOD,Modine Manufacturing Company,US,NYSE,NYSE,,N,0,,Consumer Discretionary,Auto Parts:O.E.M.,195.14,327000000.0,10364413952.0,7,-39.6,2026-08-19,active
MOG.A,Moog Inc.,US,NYSE,NYSE,SP400,N,0,,Industrials,,410.94,127000000.0,13973636096.0,3,-8.45,2026-08-19,active
MOMO,Hello Group Inc.,US,NASDAQ,NASDAQ Global Select,,N,0,,Technology,Computer Software: Prepackaged Software,5.745,2800000.0,849547584.0,8,-30.0,2026-08-19,active
MORN,"Morningstar, Inc.",US,NASDAQ,NASDAQ Global Select,SP400,N,0,,Finance,Investment Managers,213.65,81000000.0,7780689920.0,2,-19.1,2026-08-19,active
MOS,Mosaic Company (The),US,NYSE,NYSE,SP500,N,0,,Industrials,Agricultural Chemicals,22.23,171000000.0,6869725184.0,8,-38.2,2026-08-19,active
MP,MP Materials Corp.,US,NYSE,NYSE,SP400,Y,2,MP23 MP80,Basic Materials,Metal Mining,56.68,359000000.0,10420723712.0,2,-43.5,2026-08-19,active
MPB,"Mid Penn Bancorp, Inc.",US,NASDAQ,NASDAQ Global,,N,0,,Finance,Major Banks,37.02,6300000.0,937909696.0,3,-4.87,2026-08-19,active
MPC,Marathon Petroleum Corporation,US,NYSE,NYSE,SP500,N,0,,Energy,Integrated oil Companies,360.75,775000000.0,101307531264.0,5,-1.77,2026-08-19,active
MPLT,"MapLight Therapeutics, Inc.",US,NASDAQ,NASDAQ Global Select,,N,0,,Health Care,Biotechnology: Pharmaceutical Preparations,12.15,19300000.0,563490624.0,8,-69.9,2026-08-19,active
MPWR,"Monolithic Power Systems, Inc.",US,NASDAQ,NASDAQ Global Select,SP500+NDX,Y,1,MPWR23,Technology,Semiconductors,1300.14,1150000000.0,68898979840.0,6,-24.1,2026-08-19,active
MQ,"Marqeta, Inc.",US,NASDAQ,NASDAQ Global Select,,N,0,,Technology,Computer Software: Prepackaged Software,15.64,18800000.0,1611449856.0,3,-16.3,2026-08-19,active
MRAM,"Everspin Technologies, Inc.",US,NASDAQ,NASDAQ Global,,Y,1,MRAM03,Technology,Semiconductors,17.44,22700000.0,449257664.0,6,-66.1,2026-08-19,active
MRBK,Meridian Corporation,US,NASDAQ,NASDAQ Global Select,,N,0,,Finance,Major Banks,19.6,1940000.0,239535280.0,6,-8.87,2026-08-19,active
MRCY,Mercury Systems Inc,US,NASDAQ,NASDAQ Global Select,SP600,N,0,,Technology,Electrical Products,101.25,70900000.0,6806506496.0,6,-21.2,2026-08-19,active
MRK,"Merck & Company, Inc.",US,NYSE,NYSE,SP500+DOW30,N,0,,Health Care,Biotechnology: Pharmaceutical Preparations,152.2,1300000000.0,321768521728.0,5,-0.828,2026-08-19,active
MRLN,"Merlin, Inc.",US,NASDAQ,NASDAQ Global,,N,0,,Technology,EDP Services,3.315,4930000.0,334534368.0,8,-80.5,2026-08-19,active
MRNA,"Moderna, Inc.",US,NASDAQ,NASDAQ Global Select,SP500,N,0,,Health Care,Biotechnology: Biological Products (No Diagnostic Substances),174.38,1920000000.0,25279617024.0,5,-1.29,2026-08-19,active
MRSH,Marsh,US,NYSE,NYSE,SP500,N,0,,Finance,Specialty Insurers,189.2,430000000.0,90044997632.0,5,-10.2,2026-08-19,active
MRTN,"Marten Transport, Ltd.",US,NASDAQ,NASDAQ Global Select,SP600,N,0,,Industrials,Trucking Freight/Courier Services,14.83,11100000.0,1211042560.0,6,-19.5,2026-08-19,active
MRVI,"Maravai LifeSciences Holdings, Inc.",US,NASDAQ,NASDAQ Global Select,,N,0,,Health Care,Biotechnology: Pharmaceutical Preparations,7.22,17000000.0,2111038848.0,4,-6.23,2026-08-19,active
MRVL,"Marvell Technology, Inc.",US,NASDAQ,NASDAQ Global Select,SP500+NDX,Y,3,MRVL06 MRVL23 MRVL80,Technology,Semiconductors,237.27,4780000000.0,188969009152.0,5,-28.1,2026-08-19,active
MRX,Marex Group plc,US,NASDAQ,NASDAQ Global Select,,N,0,,Finance,Investment Bankers/Brokers/Service,70.19,45500000.0,5139460608.0,5,-6.91,2026-08-19,active
MS,Morgan Stanley,US,NYSE,NYSE,SP500,Y,1,MS06,Finance,Investment Bankers/Brokers/Service,214.23,1010000000.0,343293362176.0,3,-7.76,2026-08-19,active
MSA,MSA Safety Incorporated,US,NYSE,NYSE,SP400,N,0,,Health Care,Industrial Specialties,189.43,57500000.0,7438279680.0,5,-8.81,2026-08-19,active
MSBI,"Midland States Bancorp, Inc.",US,NASDAQ,NASDAQ Global Select,,N,0,,Finance,Major Banks,32.31,6590000.0,692082880.0,3,-7.95,2026-08-19,active
MSCI,MSCI Inc.,US,NYSE,NYSE,SP500,N,0,,Consumer Discretionary,Business Services,565.27,415000000.0,41095131136.0,7,-12.3,2026-08-19,active
MSEX,Middlesex Water Company,US,NASDAQ,NASDAQ Global Select,SP600,N,0,,Utilities,Water Supply,58.8,7990000.0,1106704896.0,5,-3.49,2026-08-19,active
MSFT,Microsoft Corporation,US,NASDAQ,NASDAQ Global Select,SP500+NDX+DOW30,Y,6,MSFT01 MSFT03 MSFT06 MSFT19 MSFT23 MSFT80,Technology,Computer Software: Prepackaged Software,484.31,17300000000.0,3741064101888.0,5,-12.0,2026-08-19,active
MSGS,Madison Square Garden Sports Corp.,US,NYSE,NYSE,SP600,N,0,,Consumer Discretionary,Services-Misc. Amusement & Recreation,402.9,84000000.0,9919490048.0,5,-8.21,2026-08-19,active
MSI,"Motorola Solutions, Inc.",US,NYSE,NYSE,SP500,N,0,,Technology,Radio And Television Broadcasting And Communications Equipment,480.84,430000000.0,77262430208.0,5,-2.58,2026-08-19,active
MSTR,Strategy Inc,US,NASDAQ,NASDAQ Global Select,NDX,N,0,,Technology,Computer Software: Prepackaged Software,104.25,1710000000.0,36641271808.0,8,-71.5,2026-08-19,active
MTB,M&T Bank Corporation,US,NYSE,NYSE,SP500,N,0,,Finance,Major Banks,244.55,238000000.0,36616740864.0,3,-4.45,2026-08-19,active
MTCH,"Match Group, Inc.",US,NASDAQ,NASDAQ Global Select,SP600,N,0,,Technology,Computer Software: Programming Data Processing,39.7,122000000.0,8852464640.0,4,-4.11,2026-08-19,active
MTD,"Mettler-Toledo International, Inc.",US,NYSE,NYSE,SP500,N,0,,Industrials,Biotechnology: Laboratory Analytical Instruments,1425.09,231000000.0,28796143616.0,5,-6.56,2026-08-19,active
MTEN,Mingteng International Corporation Inc.,US,NASDAQ,NASDAQ Capital Market,,N,0,,Industrials,Building Products,1.08,4160000.0,8421929.0,8,-100.0,2026-08-19,active
MTRX,Matrix Service Company,US,NASDAQ,NASDAQ Global Select,,N,0,,Consumer Discretionary,Engineering & Construction,11.43,2200000.0,321569920.0,8,-28.4,2026-08-19,active
MTSI,"MACOM Technology Solutions Holdings, Inc.",US,NASDAQ,NASDAQ Global Select,SP400,N,0,,Technology,Semiconductors,269.98,435000000.0,22367135744.0,6,-35.6,2026-08-19,active
MTZ,"MasTec, Inc.",US,NYSE,NYSE,SP400,N,0,,Industrials,Water Sewer Pipeline Comm & Power Line Construction,272.07,464000000.0,21848565760.0,7,-38.4,2026-08-19,active
MU,"Micron Technology, Inc.",US,NASDAQ,NASDAQ Global Select,SP500+NDX,Y,5,MICRON01 MICRON03 MICRON19 MICRON23 MICRON80,Technology,Semiconductors,937.105,36100000000.0,1062487916544.0,5,-25.3,2026-08-19,active
MUFG,"Mitsubishi UFJ Financial Group, Inc.",US,NYSE,NYSE,,Y,2,MUFG19 MUFG23,Finance,Major Banks,21.7,68800000.0,247070650980,,-6.65,2026-08-19,active
MVIS,"MicroVision, Inc.",US,NASDAQ,NASDAQ Capital Market,,N,0,,Technology,Industrial Machinery/Components,1.77,5000000.0,88492936.0,6,-63.9,2026-08-19,active
MVST,"Microvast Holdings, Inc.",US,NASDAQ,NASDAQ Capital Market,,N,0,,Miscellaneous,Industrial Machinery/Components,0.8008,5490000.0,322432192.0,8,-88.8,2026-08-19,active
MWH,"SOLV Energy, Inc.",US,NASDAQ,NASDAQ Global Select,,N,0,,Industrials,Military/Government/Technical,29.97,55800000.0,6065529856.0,8,-38.1,2026-08-19,active
MXL,"MaxLinear, Inc",US,NASDAQ,NASDAQ Global Select,SP600,N,0,,Technology,Semiconductors,66.43,256000000.0,6587046400.0,6,-48.2,2026-08-19,active
MYGN,"Myriad Genetics, Inc.",US,NASDAQ,NASDAQ Global Select,,N,0,,Health Care,Biotechnology: In Vitro & In Vivo Diagnostic Substances,3.19,9140000.0,529854464.0,8,-62.9,2026-08-19,active
MYRG,"MYR Group, Inc.",US,NASDAQ,NASDAQ Global Select,SP600,N,0,,Industrials,Water Sewer Pipeline Comm & Power Line Construction,325.99,108000000.0,5305689088.0,7,-35.3,2026-08-19,active
MZTI,The Marzetti Company,US,NASDAQ,NASDAQ Global Select,SP400,N,0,,Consumer Staples,Packaged Foods,116.92,31400000.0,3182367232.0,1,-37.1,2026-08-19,active
NAGE,"Niagen Bioscience, Inc.",US,NASDAQ,NASDAQ Capital Market,,N,0,,Health Care,Medicinal Chemicals and Botanical Products,3.17,2290000.0,242125552.0,8,-69.9,2026-08-19,active
NAMM,Namib Minerals,US,NASDAQ,NASDAQ Global,,N,0,,Basic Materials,Precious Metals,1.37,559000.0,73006760.0,8,-81.5,2026-08-19,active
NAMS,NewAmsterdam Pharma Company N.V.,US,NASDAQ,NASDAQ Global,,N,0,,Health Care,Biotechnology: Pharmaceutical Preparations,28.53,31400000.0,3154069248.0,8,-32.4,2026-08-19,active
NATH,"Nathan's Famous, Inc.",US,NASDAQ,NASDAQ Global Select,,N,0,,Consumer Discretionary,Restaurants,97.25,2230000.0,397350208.0,7,-11.0,2026-08-19,active
NATR,"Nature's Sunshine Products, Inc.",US,NASDAQ,NASDAQ Capital Market,,N,0,,Health Care,Biotechnology: Pharmaceutical Preparations,14.56,3560000.0,256190784.0,8,-48.3,2026-08-19,active
NAVI,Navient Corporation,US,NASDAQ,NASDAQ Global Select,SP600,N,0,,Finance,Investment Bankers/Brokers/Service,9.25,11200000.0,796090368.0,1,-29.6,2026-08-19,active
NAVN,"Navan, Inc.",US,NASDAQ,NASDAQ Global Select,,N,0,,Technology,Computer Software: Prepackaged Software,29.18,64600000.0,7294220800.0,5,-2.7,2026-08-19,active
NB,NioCorp Developments Ltd.,US,NASDAQ,NASDAQ Global,,N,0,,Basic Materials,Metal Mining,4.46,18200000.0,759964288.0,8,-64.5,2026-08-19,active
NBBK,"NB Bancorp, Inc.",US,NASDAQ,NASDAQ Capital Market,,N,0,,Finance,Banks,21.9,9190000.0,996870592.0,3,-6.41,2026-08-19,active
NBIS,Nebius Group N.V.,US,NASDAQ,NASDAQ Global Select,NDX,Y,4,NBIS01 NBIS03 NBIS23 NBIS80,Technology,Computer Software: Programming Data Processing,223.9,6090000000.0,65810415616.0,4,-25.3,2026-08-19,active
NBIX,"Neurocrine Biosciences, Inc.",US,NASDAQ,NASDAQ Global Select,SP400,N,0,,Health Care,Biotechnology: Biological Products (No Diagnostic Substances),155.54,243000000.0,15677352960.0,6,-16.4,2026-08-19,active
NBN,Northeast Bank,US,NASDAQ,NASDAQ Global,,N,0,,Finance,Major Banks,129.3,15300000.0,1146503808.0,6,-9.14,2026-08-19,active
NBTB,NBT Bancorp Inc.,US,NASDAQ,NASDAQ Global Select,SP600,N,0,,Finance,Major Banks,51.75,18900000.0,2771625216.0,3,-5.05,2026-08-19,active
NBTX,Nanobiotix S.A.,US,NASDAQ,NASDAQ Global Select,,N,0,,Health Care,Biotechnology: Pharmaceutical Preparations,45.39,6130000.0,1946284544.0,5,-20.6,2026-08-19,active
NCI,Neo-Concept International Group Holdings Limited,US,NASDAQ,NASDAQ Capital Market,,N,0,,Consumer Discretionary,Apparel,12.35,7820000.0,29783634.0,1,-88.8,2026-08-19,active
NCLH,Norwegian Cruise Line Holdings Ltd.,US,NYSE,NYSE,SP500,N,0,,Consumer Discretionary,Marine Transportation,17.34,303000000.0,8348035072.0,8,-36.2,2026-08-19,active
NCNO,"nCino, Inc.",US,NASDAQ,NASDAQ Global Select,,N,0,,Technology,Computer Software: Prepackaged Software,20.69,40800000.0,2212969728.0,2,-39.0,2026-08-19,active
NCRA,"Nocera, Inc.",US,NASDAQ,NASDAQ Capital Market,,N,0,,Consumer Staples,Farming/Seeds/Milling,2.03,22300000.0,3697972.0,4,-49.0,2026-08-19,active
NCT,Intercont (Cayman) Limited,US,NASDAQ,NASDAQ Capital Market,,N,0,,Consumer Discretionary,Restaurants,4.0,5040000.0,34140956.0,1,-95.7,2026-08-19,active
NDAQ,"Nasdaq, Inc.",US,NASDAQ,NASDAQ Global Select,SP500,Y,1,NDAQ06,Finance,Investment Bankers/Brokers/Service,96.35,293000000.0,54231982080.0,5,-4.7,2026-08-19,active
NDSN,Nordson Corporation,US,NASDAQ,NASDAQ Global Select,SP500,N,0,,Industrials,Industrial Machinery/Components,309.92,101000000.0,17263091712.0,5,-1.82,2026-08-19,active
NEE,"NextEra Energy, Inc.",US,NYSE,NYSE,SP500,Y,1,NEE80,Technology,EDP Services,85.91,912000000.0,179414990848.0,6,-12.4,2026-08-19,active
NEM,Newmont Corporation,US,NYSE,NYSE,SP500,Y,2,NEM06 NEM23,Basic Materials,Precious Metals,125.08,778000000.0,124167094272.0,5,-6.86,2026-08-19,active
NEO,"NeoGenomics, Inc.",US,NASDAQ,NASDAQ Capital Market,SP600,N,0,,Health Care,Precision Instruments,16.655,36900000.0,2042759424.0,5,-1.57,2026-08-19,active
NEOG,Neogen Corporation,US,NASDAQ,NASDAQ Global Select,SP600,N,0,,Health Care,Biotechnology: In Vitro & In Vivo Diagnostic Substances,12.15,26700000.0,2588324864.0,5,-5.45,2026-08-19,active
NEOV,NeoVolta Inc.,US,NASDAQ,NASDAQ Capital Market,,N,0,,Miscellaneous,Industrial Machinery/Components,3.34,4620000.0,183387456.0,2,-53.2,2026-08-19,active
NESR,National Energy Services Reunited Corp.,US,NASDAQ,NASDAQ Capital Market,,N,0,,Energy,Oilfield Services/Equipment,33.545,69400000.0,3383071744.0,4,-9.19,2026-08-19,active
NET,"Cloudflare, Inc.",US,NYSE,NYSE,,Y,1,NET03,Technology,Computer Software: Prepackaged Software,291.88,1190000000.0,117801844736.0,3,-12.1,2026-08-19,active
NEU,NewMarket Corp,US,NYSE,NYSE,SP400,N,0,,Industrials,Major Chemicals,930.82,119000000.0,8846206976.0,5,-5.18,2026-08-19,active
NEWT,"NewtekOne, Inc.",US,NASDAQ,NASDAQ Global,,N,0,,Finance,Major Banks,12.6,3250000.0,370591104.0,7,-19.7,2026-08-19,active
NEXN,Nexxen International Ltd.,US,NASDAQ,NASDAQ Global,,N,0,,Technology,Computer Software: Programming Data Processing,10.05,5270000.0,583396608.0,3,-11.1,2026-08-19,active
NEXR,Nexera Technologies Ltd,US,NASDAQ,NASDAQ Capital Market,,N,0,,Consumer Discretionary,Other Specialty Stores,2.66,2050000.0,1482854.0,1,-96.8,2026-08-19,active
NEXT,NextDecade Corporation,US,NASDAQ,NASDAQ Capital Market,,N,0,,Utilities,Oil & Gas Production,6.72,19900000.0,1913873280.0,7,-40.4,2026-08-19,active
NFBK,"Northfield Bancorp, Inc.",US,,,,N,0,,Finance,Savings Institutions,15.31,4220000.0,639406784.0,5,-1.89,2026-07-28,ไม่พบใน SymDir · ข้อมูลค้าง
NFLX,"Netflix, Inc.",US,NASDAQ,NASDAQ Global Select,SP500+NDX,Y,2,NFLX06 NFLX80,Consumer Discretionary,Consumer Electronics/Video Chains,80.22,2600000000.0,325786632192.0,1,-36.7,2026-08-19,active
NGNE,Neurogene Inc.,US,NASDAQ,NASDAQ Global,,N,0,,Health Care,Biotechnology: Pharmaceutical Preparations,39.43,6230000.0,723211328.0,5,-9.69,2026-08-19,active
NI,NiSource Inc,US,NYSE,NYSE,SP500,N,0,,Utilities,Power Generation,41.63,256000000.0,20136728576.0,7,-15.4,2026-08-19,active
NICE,NICE Ltd.,US,NASDAQ,NASDAQ Global Select,,N,0,,Technology,Computer Software: Prepackaged Software,100.93,66700000.0,5992148480.0,1,-34.3,2026-08-19,active
NIVF,NewGenIvf Group Limited,US,NASDAQ,NASDAQ Capital Market,,N,0,,Health Care,Misc Health and Biotechnology Services,0.5638,435000.0,3466735.0,8,-99.7,2026-08-19,active
NKE,"Nike, Inc.",US,NYSE,NYSE,SP500+DOW30,Y,1,NIKE80,Consumer Discretionary,Shoe Manufacturing,41.05,1010000000.0,60422901760.0,8,-47.4,2026-08-19,active
NKTR,Nektar Therapeutics,US,NASDAQ,NASDAQ Capital Market,,N,0,,Health Care,Biotechnology: Pharmaceutical Preparations,76.08,47800000.0,2493121280.0,5,-30.2,2026-08-19,active
NLY,Annaly Capital Management Inc.,US,NYSE,NYSE,SP400,N,0,,Real Estate,Real Estate Investment Trusts,23.74,169000000.0,17365581824.0,5,-0.711,2026-08-19,active
NMFC,New Mountain Finance Corporation,US,NASDAQ,NASDAQ Global Select,,N,0,,Finance,Finance/Investors Services,7.59,4170000.0,728227968.0,1,-18.4,2026-08-19,active
NMIH,"NMI Holdings, Inc.",US,NASDAQ,NASDAQ Global,SP600,N,0,,Finance,Property-Casualty Insurers,45.66,19700000.0,3339672576.0,5,-2.31,2026-08-19,active
NMRA,"Neumora Therapeutics, Inc.",US,NASDAQ,NASDAQ Global Select,,N,0,,Health Care,Biotechnology: Biological Products (No Diagnostic Substances),1.64,1150000.0,308149280.0,8,-55.1,2026-08-19,active
NMRK,"Newmark Group, Inc.",US,NASDAQ,NASDAQ Global Select,,N,0,,Finance,Real Estate,16.42,21700000.0,3711867136.0,2,-16.6,2026-08-19,active
NN,NextNav Inc.,US,NASDAQ,NASDAQ Capital Market,,N,0,,Industrials,Industrial Machinery/Components,18.26,48800000.0,3358473216.0,5,-25.2,2026-08-19,active
NNBR,"NN, Inc.",US,NASDAQ,NASDAQ Global Select,,N,0,,Industrials,Industrial Machinery/Components,3.71,11500000.0,298116896.0,4,-17.2,2026-08-19,active
NNDM,Nano Dimension Ltd.,US,NASDAQ,NASDAQ Capital Market,,N,0,,Technology,Electrical Products,1.53,3060000.0,326800448.0,8,-34.1,2026-08-19,active
NNE,NANO Nuclear Energy Inc.,US,NASDAQ,NASDAQ Capital Market,,N,0,,Utilities,Electric Utilities: Central,19.15,35800000.0,1101885952.0,8,-68.5,2026-08-19,active
NNN,"NNN REIT, Inc.",US,NYSE,NYSE,SP400,N,0,,Real Estate,Real Estate Investment Trusts,46.24,63600000.0,8751416320.0,6,-7.52,2026-08-19,active
NNOX,Nano-X Imaging Ltd.,US,NASDAQ,NASDAQ Global,,N,0,,Health Care,Medical Electronics,0.93,1120000.0,73174312.0,8,-80.2,2026-08-19,active
NOC,Northrop Grumman Corporation,US,NYSE,NYSE,SP500,N,0,,Industrials,Industrial Machinery/Components,582.84,377000000.0,82800017408.0,2,-24.4,2026-08-19,active
NOVT,Novanta Inc.,US,NASDAQ,NASDAQ Global Select,SP400,N,0,,Miscellaneous,Industrial Machinery/Components,145.94,66900000.0,6381748224.0,6,-17.3,2026-08-19,active
NOVTU,Novanta Inc.,US,NASDAQ,NASDAQ Global Select,,N,0,,Miscellaneous,Industrial Machinery/Components,61.93,1730000.0,,6,-19.5,2026-08-19,active
NOW,"ServiceNow, Inc.",US,NYSE,NYSE,SP500,Y,2,NOW19 NOW23,Technology,Computer Software: Prepackaged Software,127.2,2730000000.0,129170718720.0,2,-34.7,2026-08-19,active
NPCE,"NeuroPace, Inc.",US,NASDAQ,NASDAQ Global,,N,0,,Health Care,Medical/Dental Instruments,14.64,3600000.0,507314912.0,7,-25.3,2026-08-19,active
NPT,Texxon Holding Limited,US,NASDAQ,NASDAQ Capital Market,,N,0,,Consumer Discretionary,Specialty Chemicals,3.6,122000.0,80087848.0,1,-83.9,2026-08-19,active
NRC,NRC Health,US,NASDAQ,NASDAQ Global Select,,N,0,,Health Care,Biotechnology: Commercial Physical & Biological Resarch,21.98,2510000.0,486851648.0,5,-7.18,2026-08-19,active
NRDS,"NerdWallet, Inc.",US,NASDAQ,NASDAQ Global,,N,0,,Technology,EDP Services,10.12,7080000.0,629004032.0,1,-37.7,2026-08-19,active
NRG,"NRG Energy, Inc.",US,NYSE,NYSE,SP500,N,0,,Utilities,Electric Utilities: Central,120.58,395000000.0,24291921920.0,8,-36.3,2026-08-19,active
NRIM,"Northrim BanCorp, Inc.",US,NASDAQ,NASDAQ Global Select,,N,0,,Finance,Savings Institutions,25.74,4140000.0,606169856.0,6,-15.4,2026-08-19,active
NRIX,"Nurix Therapeutics, Inc.",US,NASDAQ,NASDAQ Global,,N,0,,Health Care,Biotechnology: Pharmaceutical Preparations,27.79,27000000.0,2807294464.0,5,-1.56,2026-08-19,active
NRXP,"NRx Pharmaceuticals, Inc.",US,NASDAQ,NASDAQ Capital Market,,N,0,,Health Care,Biotechnology: Pharmaceutical Preparations,3.33,4370000.0,142953392.0,6,-34.1,2026-08-19,active
NSC,Norfolk Southern Corporation,US,NYSE,NYSE,SP500,N,0,,Industrials,Railroads,345.71,445000000.0,76618407936.0,5,-3.59,2026-08-19,active
NSIT,"Insight Enterprises, Inc.",US,NASDAQ,NASDAQ Global Select,SP600,N,0,,Consumer Discretionary,Catalog/Specialty Distribution,147.26,63500000.0,4541441024.0,4,-6.41,2026-08-19,active
NSSC,"Napco Security Technologies, Inc.",US,NASDAQ,NASDAQ Global Select,SP600,N,0,,Telecommunications,Telecommunications Equipment,37.8,9440000.0,1359782400.0,8,-20.6,2026-08-19,active
NTAP,"NetApp, Inc.",US,NASDAQ,NASDAQ Global Select,SP500,N,0,,Technology,Electronic Components,194.48,465000000.0,38163640320.0,4,-6.97,2026-08-19,active
NTCL,NetClass Technology Inc,US,NASDAQ,NASDAQ Capital Market,,N,0,,Technology,Computer Software: Prepackaged Software,2.53,184000.0,3460683.0,6,-68.4,2026-08-19,active
NTCT,"NetScout Systems, Inc.",US,NASDAQ,NASDAQ Global Select,SP600,N,0,,Technology,EDP Services,38.35,23300000.0,2788325376.0,6,-15.3,2026-08-19,active
NTES,"NetEase, Inc.",US,NASDAQ,NASDAQ Global Select,,Y,1,NETEASE80,Technology,Computer Software: Prepackaged Software,127.25,96500000.0,79871205376.0,4,-18.6,2026-08-19,active
NTGR,"NETGEAR, Inc.",US,NASDAQ,NASDAQ Global Select,,N,0,,Utilities,Telecommunications Equipment,21.6,9820000.0,656373312.0,8,-41.4,2026-08-19,active
NTLA,"Intellia Therapeutics, Inc.",US,NASDAQ,NASDAQ Global,,N,0,,Health Care,Biotechnology: In Vitro & In Vivo Diagnostic Substances,13.28,40100000.0,1625469696.0,2,-53.0,2026-08-19,active
NTNX,"Nutanix, Inc.",US,NASDAQ,NASDAQ Global Select,SP400,N,0,,Technology,Computer Software: Prepackaged Software,65.42,150000000.0,17424859136.0,5,-20.6,2026-08-19,active
NTRA,"Natera, Inc.",US,NASDAQ,NASDAQ Global Select,,N,0,,Health Care,Medical Specialities,325.07,402000000.0,45287215104.0,5,-0.294,2026-08-19,active
NTRS,Northern Trust Corporation,US,NASDAQ,NASDAQ Global Select,SP500,N,0,,Finance,Major Banks,185.4,196000000.0,35019542528.0,3,-5.3,2026-08-19,active
NTSK,"Netskope, Inc.",US,NASDAQ,NASDAQ Global Select,,N,0,,Technology,Computer Software: Prepackaged Software,14.7,59400000.0,6539524096.0,2,-47.5,2026-08-19,active
NUAI,"New Era Energy & Digital, Inc.",US,NASDAQ,NASDAQ Global,,N,0,,Energy,Oil & Gas Production,5.4,29100000.0,575420416.0,5,-42.8,2026-08-19,active
NUCL,Eagle Nuclear Energy Corp.,US,NASDAQ,NASDAQ Capital Market,,N,0,,Basic Materials,Other Metals and Minerals,7.59,2810000.0,236638384.0,8,-46.6,2026-08-19,active
NUE,Nucor Corporation,US,NYSE,NYSE,SP500,N,0,,Industrials,Steel/Iron Ore,248.74,405000000.0,61009141760.0,6,-11.2,2026-08-19,active
NUTX,Nutex Health Inc.,US,NASDAQ,NASDAQ Capital Market,,N,0,,Consumer Discretionary,Business Services,190.62,26800000.0,1180932864.0,5,-6.56,2026-08-19,active
NUVL,"Nuvalent, Inc.",US,,,,N,0,,Health Care,Biotechnology: Pharmaceutical Preparations,123.96,168000000.0,9792580608.0,5,-0.0242,2026-07-21,ไม่พบใน SymDir · ข้อมูลค้าง
NVAX,"Novavax, Inc.",US,NASDAQ,NASDAQ Global Select,,N,0,,Health Care,Biotechnology: Biological Products (No Diagnostic Substances),8.79,27500000.0,1331111936.0,2,-26.6,2026-08-19,active
NVCR,NovoCure Limited,US,NASDAQ,NASDAQ Global Select,,N,0,,Health Care,Medical/Dental Instruments,18.2,33000000.0,2119314432.0,5,-15.2,2026-08-19,active
NVDA,NVIDIA Corporation,US,NASDAQ,NASDAQ Global Select,SP500+NDX+DOW30,Y,6,NVDA01 NVDA03 NVDA06 NVDA19 NVDA23 NVDA80,Technology,Semiconductors,217.56,25000000000.0,5456991354880.0,4,-7.92,2026-08-19,active
NVEC,NVE Corporation,US,NASDAQ,NASDAQ Capital Market,,N,0,,Technology,Semiconductors,111.28,28700000.0,586506496.0,3,-17.5,2026-08-19,active
NVMI,Nova Ltd.,US,NASDAQ,NASDAQ Global Select,,N,0,,Technology,Electronic Components,385.33,227000000.0,13298791424.0,7,-37.4,2026-08-19,active
NVO,Novo Nordisk A/S,US,NYSE,NYSE,,Y,1,NOVOB80,Health Care,Pharmaceuticals: Major,46.27,639000000.0,206811613350.7,,-27.9,2026-08-19,active
NVR,"NVR, Inc.",US,NYSE,NYSE,SP500,N,0,,Consumer Discretionary,Homebuilding,6418.86,210000000.0,16851688448.0,1,-25.5,2026-08-19,active
NVTS,Navitas Semiconductor Corporation,US,NASDAQ,NASDAQ Global,,Y,2,NVTS03 NVTS23,Technology,Semiconductors,12.83,187000000.0,3806743040.0,7,-62.5,2026-08-19,active
NWBI,"Northwest Bancshares, Inc.",US,NASDAQ,NASDAQ Global Select,SP600,N,0,,Finance,Major Banks,15.27,15900000.0,2291105280.0,3,-5.51,2026-08-19,active
NWE,"NorthWestern Energy Group, Inc.",US,NASDAQ,NASDAQ Global Select,SP400,N,0,,Utilities,Power Generation,70.58,26200000.0,4399756288.0,6,-5.22,2026-08-19,active
NWL,Newell Brands Inc.,US,NASDAQ,NASDAQ Global Select,SP600,N,0,,Industrials,Plastic Products,6.16,59100000.0,2657615872.0,5,-13.6,2026-08-19,active
NWPX,"NWPX Infrastructure, Inc.",US,NASDAQ,NASDAQ Global Select,,N,0,,Industrials,Steel/Iron Ore,111.48,23900000.0,1095460736.0,6,-26.7,2026-08-19,active
NWS,News Corporation,US,NASDAQ,NASDAQ Global Select,SP500,N,0,,Consumer Discretionary,Newspapers/Magazines,33.53,36500000.0,17658226688.0,5,-5.04,2026-08-19,active
NWSA,News Corporation,US,NASDAQ,NASDAQ Global Select,SP500,N,0,,Consumer Discretionary,Newspapers/Magazines,29.45,112000000.0,15496601600.0,5,-6.44,2026-08-19,active
NXPI,NXP Semiconductors N.V.,US,NASDAQ,NASDAQ Global Select,SP500+NDX,N,0,,Technology,Semiconductors,226.02,1100000000.0,56994148352.0,7,-33.5,2026-08-19,active
NXST,"Nexstar Media Group, Inc.",US,NASDAQ,NASDAQ Global Select,SP400,N,0,,Industrials,Broadcasting,187.37,63100000.0,5840329728.0,1,-25.5,2026-08-19,active
NXT,Nextpower Inc.,US,NASDAQ,NASDAQ Global Select,SP400,N,0,,Industrials,Industrial Machinery/Components,92.12,273000000.0,16062889984.0,7,-43.5,2026-08-19,active
NXXT,EZFill Holdings Inc.,US,NASDAQ,NASDAQ Capital Market,,N,0,,Consumer Discretionary,Retail-Auto Dealers and Gas Stations,0.222,865000.0,37345228.0,8,-92.3,2026-08-19,active
NYT,New York Times Company (The),US,NYSE,NYSE,SP400,N,0,,Consumer Discretionary,Newspapers/Magazines,65.96,161000000.0,10343115776.0,7,-24.3,2026-08-19,active
O,Realty Income Corporation,US,NYSE,NYSE,SP500,N,0,,Real Estate,Real Estate Investment Trusts,62.95,350000000.0,59043004416.0,6,-6.25,2026-08-19,active
OBT,"Orange County Bancorp, Inc.",US,NASDAQ,NASDAQ Capital Market,,N,0,,Finance,Major Banks,37.74,2180000.0,525458048.0,3,-5.89,2026-08-19,active
OCC,Optical Cable Corporation,US,NASDAQ,NASDAQ Global,,N,0,,Industrials,Telecommunications Equipment,14.36,3680000.0,151119824.0,6,-48.7,2026-08-19,active
OCFC,OceanFirst Financial Corp.,US,NASDAQ,NASDAQ Global Select,,N,0,,Finance,Major Banks,19.22,18900000.0,1898112000.0,6,-5.46,2026-08-19,active
OCGN,"Ocugen, Inc.",US,NASDAQ,NASDAQ Capital Market,,N,0,,Health Care,Biotechnology: Biological Products (No Diagnostic Substances),1.48,5610000.0,457799040.0,2,-45.7,2026-08-19,active
OCS,Oculis Holding AG,US,NASDAQ,NASDAQ Global,,N,0,,Health Care,Biotechnology: Pharmaceutical Preparations,13.57,3490000.0,708536768.0,8,-60.6,2026-08-19,active
OCSL,Oaktree Specialty Lending Corporation,US,NASDAQ,NASDAQ Global Select,,N,0,,Finance,Finance: Consumer Services,13.08,7260000.0,1150396928.0,5,-1.25,2026-08-19,active
OCUL,"Ocular Therapeutix, Inc.",US,NASDAQ,NASDAQ Global,,N,0,,Health Care,Biotechnology: Pharmaceutical Preparations,11.73,26500000.0,2218120448.0,2,-28.6,2026-08-19,active
ODD,Oddity Tech Ltd.,US,NASDAQ,NASDAQ Global,,N,0,,Consumer Discretionary,Package Goods/Cosmetics,13.1,10700000.0,604692864.0,8,-79.6,2026-08-19,active
ODFL,"Old Dominion Freight Line, Inc.",US,NASDAQ,NASDAQ Global Select,SP500+NDX,N,0,,Industrials,Trucking Freight/Courier Services,205.08,378000000.0,44864999424.0,6,-18.6,2026-08-19,active
OFIX,Orthofix Medical Inc.,US,NASDAQ,NASDAQ Global Select,,N,0,,Health Care,Medical/Dental Instruments,10.48,4050000.0,420385152.0,8,-38.3,2026-08-19,active
OHI,"Omega Healthcare Investors, Inc.",US,NYSE,NYSE,SP400,N,0,,Real Estate,Real Estate Investment Trusts,46.92,91000000.0,14828165120.0,6,-9.22,2026-08-19,active
OKE,"ONEOK, Inc.",US,NYSE,NYSE,SP500,N,0,,Utilities,Oil & Gas Production,96.01,356000000.0,59878813696.0,5,-1.93,2026-08-19,active
OKLO,Oklo Inc.,US,NYSE,NYSE,,Y,2,OKLO23 OKLO03,Utilities,Electric Utilities: Central,42.94,413000000.0,8275925504.0,8,-77.8,2026-08-19,active
OKTA,"Okta, Inc.",US,NASDAQ,NASDAQ Global Select,SP400,N,0,,Technology,Computer Software: Prepackaged Software,141.21,362000000.0,25014353920.0,3,-10.1,2026-08-19,active
OLED,Universal Display Corporation,US,NASDAQ,NASDAQ Global Select,SP400,N,0,,Technology,Electrical Products,86.54,66700000.0,4181143296.0,1,-43.1,2026-08-19,active
OLLI,"Ollie's Bargain Outlet Holdings, Inc.",US,NASDAQ,NASDAQ Global,SP400,N,0,,Consumer Discretionary,Department/Specialty Retail Stores,79.39,100000000.0,4624072192.0,1,-43.5,2026-08-19,active
OLMA,"Olema Pharmaceuticals, Inc.",US,NASDAQ,NASDAQ Global Select,,N,0,,Health Care,Biotechnology: Pharmaceutical Preparations,11.31,11700000.0,1042928768.0,8,-68.8,2026-08-19,active
OLOX,Olenox Industries Inc.,US,NASDAQ,NASDAQ Capital Market,,N,0,,Consumer Discretionary,RETAIL: Building Materials,2.41,198000.0,3407501.0,8,-98.5,2026-08-19,active
OLPX,"Olaplex Holdings, Inc.",US,,,,N,0,,Consumer Discretionary,Package Goods/Cosmetics,2.07,17500000.0,1391282176.0,5,-0.719,2026-07-13,ไม่พบใน SymDir · ข้อมูลค้าง
OMAB,"Grupo Aeroportuario del Centro Norte, S.A.B. de ",US,NASDAQ,NASDAQ Global Select,,N,0,,Consumer Discretionary,Aerospace,102.02,6320000.0,4868148224.0,7,-22.2,2026-08-19,active
OMC,Omnicom Group Inc.,US,NYSE,NYSE,SP500,N,0,,Consumer Discretionary,Advertising,87.43,247000000.0,23580033024.0,5,-1.26,2026-08-19,active
OMCL,"Omnicell, Inc.",US,NASDAQ,NASDAQ Global Select,SP600,N,0,,Technology,Computer Manufacturing,36.43,32100000.0,1674078720.0,7,-33.8,2026-08-19,active
OMDA,"Omada Health, Inc.",US,NASDAQ,NASDAQ Global Select,,N,0,,Health Care,Medical/Nursing Services,24.47,37200000.0,1439392512.0,5,-9.08,2026-08-19,active
OMER,Omeros Corporation,US,NASDAQ,NASDAQ Global,,N,0,,Health Care,Biotechnology: Pharmaceutical Preparations,18.39,36600000.0,1255712384.0,5,-2.49,2026-08-19,active
OMF,"OneMain Holdings, Inc.",US,NYSE,NYSE,,N,0,,Finance,Finance: Consumer Services,64.21,61900000.0,7437431296.0,4,-7.32,2026-08-19,active
ON,ON Semiconductor Corporation,US,NASDAQ,NASDAQ Global Select,SP500,Y,1,ON23,Technology,Semiconductors,76.58,824000000.0,30919135232.0,7,-43.2,2026-08-19,active
ONB,Old National Bancorp,US,NASDAQ,NASDAQ Global Select,SP400,N,0,,Finance,Major Banks,25.91,102000000.0,10356169728.0,6,-5.3,2026-08-19,active
ONC,BeOne Medicines Ltd.,US,NASDAQ,NASDAQ Global Select,,N,0,,Health Care,Biotechnology: Pharmaceutical Preparations,376.86,141000000.0,39307689984.0,5,-2.17,2026-08-19,active
ONDS,Ondas Inc,US,NASDAQ,NASDAQ Capital Market,,Y,1,ONDS03,Technology,Radio And Television Broadcasting And Communications Equipment,8.9,673000000.0,5169204224.0,4,-41.8,2026-08-19,active
ONON,On Holding AG,US,NYSE,NYSE,,Y,1,ONON03,Consumer Discretionary,Apparel/Footwear,30.36,184000000.0,9999749781.8,,-40.6,2026-08-19,active
ONTO,Onto Innovation Inc.,US,NYSE,NYSE,SP400,N,0,,Industrials,Industrial Machinery/Components,299.5,365000000.0,20275255296.0,3,-22.5,2026-08-19,active
OPCH,"Option Care Health, Inc.",US,NASDAQ,NASDAQ Global Select,SP400,N,0,,Health Care,Medical/Nursing Services,23.35,62200000.0,3586607616.0,1,-36.5,2026-08-19,active
OPEN,Opendoor Technologies Inc.,US,NASDAQ,NASDAQ Global Select,,N,0,,Finance,Real Estate,3.58,177000000.0,3476505856.0,8,-67.1,2026-08-19,active
OPK,"OPKO Health, Inc.",US,NASDAQ,NASDAQ Global Select,,N,0,,Health Care,Biotechnology: Pharmaceutical Preparations,1.46,6900000.0,1015006464.0,5,-15.6,2026-08-19,active
OPRA,Opera Limited,US,NASDAQ,NASDAQ Global Select,,N,0,,Technology,Computer Software: Prepackaged Software,18.12,7180000.0,1786581760.0,6,-12.8,2026-08-19,active
OPRT,Oportun Financial Corporation,US,NASDAQ,NASDAQ Global Select,,N,0,,Finance,Finance: Consumer Services,7.55,3640000.0,347203776.0,5,-9.04,2026-08-19,active
OPTX,"Syntec Optics Holdings, Inc.",US,NASDAQ,NASDAQ Capital Market,,N,0,,Technology,Electronic Components,8.425,3030000.0,354865760.0,6,-43.5,2026-08-19,active
ORA,"Ormat Technologies, Inc.",US,NYSE,NYSE,SP400,N,0,,Utilities,Electric Utilities: Central,110.32,93700000.0,7057389056.0,8,-24.6,2026-08-19,active
ORBS,Eightco Holdings Inc.,US,NASDAQ,NASDAQ Capital Market,,N,0,,Consumer Discretionary,,0.7444,8390000.0,289146208.0,1,-99.1,2026-08-19,active
ORCL,Oracle Corporation,US,NYSE,NYSE,SP500,Y,5,ORCL01 ORCL06 ORCL19 ORCL80 ORCL23,Technology,Computer Software: Prepackaged Software,143.81,4250000000.0,411302428672.0,8,-58.1,2026-08-19,active
ORIC,"ORIC Pharmaceuticals, Inc.",US,NASDAQ,NASDAQ Global Select,,N,0,,Health Care,Biotechnology: Pharmaceutical Preparations,14.65,21500000.0,1442844928.0,5,-1.88,2026-08-19,active
ORKA,"Oruka Therapeutics, Inc.",US,NASDAQ,NASDAQ Global,,N,0,,Health Care,Biotechnology: In Vitro & In Vivo Diagnostic Substances,109.69,78500000.0,7262542336.0,5,-5.04,2026-08-19,active
ORLY,"O'Reilly Automotive, Inc.",US,NASDAQ,NASDAQ Global Select,SP500+NDX,N,0,,Consumer Discretionary,Auto & Home Supply Stores,91.2,559000000.0,73655877632.0,1,-16.1,2026-08-19,active
ORRF,"Orrstown Financial Services, Inc.",US,NASDAQ,NASDAQ Capital Market,,N,0,,Finance,Major Banks,41.76,4530000.0,849531136.0,3,-4.5,2026-08-19,active
OSBC,"Old Second Bancorp, Inc.",US,NASDAQ,NASDAQ Global Select,,N,0,,Finance,Major Banks,25.04,11300000.0,1305470848.0,3,-3.91,2026-08-19,active
OSIS,"OSI Systems, Inc.",US,NASDAQ,NASDAQ Global Select,SP600,N,0,,Technology,Semiconductors,220.92,34700000.0,3834085120.0,8,-29.1,2026-08-19,active
OSPN,OneSpan Inc.,US,NASDAQ,NASDAQ Capital Market,,N,0,,Technology,EDP Services,15.77,6880000.0,602164480.0,3,-14.7,2026-08-19,active
OSS,"One Stop Systems, Inc.",US,NASDAQ,NASDAQ Capital Market,,N,0,,Technology,Computer Manufacturing,12.11,13100000.0,314071136.0,6,-42.0,2026-08-19,active
OSUR,"OraSure Technologies, Inc.",US,NASDAQ,NASDAQ Global Select,,N,0,,Health Care,Medical/Dental Instruments,3.7,1730000.0,264839504.0,6,-19.2,2026-08-19,active
OSW,OneSpaWorld Holdings Limited,US,NASDAQ,NASDAQ Capital Market,SP600,N,0,,Consumer Discretionary,Hotels/Resorts,26.39,24700000.0,2712553216.0,3,-9.77,2026-08-19,active
OTEX,Open Text Corporation,US,NASDAQ,NASDAQ Global Select,,N,0,,Technology,EDP Services,24.51,47500000.0,6051999744.0,1,-36.7,2026-08-19,active
OTIS,Otis Worldwide Corporation,US,NYSE,NYSE,SP500,N,0,,Technology,Consumer Electronics/Appliances,71.95,241000000.0,28158111744.0,8,-23.5,2026-08-19,active
OTLK,"Outlook Therapeutics, Inc.",US,NASDAQ,NASDAQ Capital Market,,N,0,,Health Care,Biotechnology: Biological Products (No Diagnostic Substances),0.6901,26100000.0,141444528.0,8,-79.6,2026-08-19,active
OTTR,Otter Tail Corporation,US,NASDAQ,NASDAQ Global Select,SP600,N,0,,Utilities,Electric Utilities: Central,92.34,21300000.0,3899201024.0,5,-2.8,2026-08-19,active
OUST,"Ouster, Inc.",US,NASDAQ,NASDAQ Global Select,,N,0,,Industrials,Industrial Machinery/Components,40.06,131000000.0,3512591872.0,6,-37.2,2026-08-19,active
OVID,Ovid Therapeutics Inc.,US,NASDAQ,NASDAQ Capital Market,,N,0,,Health Care,Biotechnology: Pharmaceutical Preparations,2.93,4220000.0,528191456.0,5,-5.64,2026-08-19,active
OWL,Blue Owl Capital Inc.,US,NYSE,NYSE,,N,0,,Finance,Investment Managers,11.77,242000000.0,30920026112.0,2,-35.6,2026-08-19,active
OXLC,Oxford Lane Capital Corp.,US,NASDAQ,NASDAQ Global Select,,N,0,,Finance,Investment Managers,9.3,9310000.0,898376768.0,1,-33.8,2026-08-19,active
OXSQ,Oxford Square Capital Corp.,US,NASDAQ,NASDAQ Global Select,,N,0,,Finance,Blank Checks,1.42,2630000.0,160484592.0,8,-23.1,2026-08-19,active
OXY,Occidental Petroleum Corporation,US,NYSE,NYSE,SP500,Y,1,OXY03,Energy,Oil & Gas Production,60.09,478000000.0,60068208640.0,5,-10.5,2026-08-19,active
OZK,Bank OZK,US,NASDAQ,NASDAQ Global Select,SP400,N,0,,Finance,Major Banks,49.48,53200000.0,5723384832.0,6,-7.32,2026-08-19,active
P,"Everpure, Inc.",US,NYSE,NYSE,SP400,N,0,,Technology,Electronic Components,112.0,285000000.0,36358451200.0,5,-5.96,2026-08-19,active
PAA,"Plains All American Pipeline, L.P.",US,NASDAQ,NASDAQ Global Select,,N,0,,Energy,Natural Gas Distribution,23.99,64000000.0,17067653120.0,5,-2.56,2026-08-19,active
PACB,"Pacific Biosciences of California, Inc.",US,NASDAQ,NASDAQ Global Select,,N,0,,Industrials,Biotechnology: Laboratory Analytical Instruments,1.27,9200000.0,354347040.0,8,-53.5,2026-08-19,active
PACS,"PACS Group, Inc.",US,NYSE,NYSE,,N,0,,Health Care,Hospital/Nursing Management,44.26,40500000.0,7007933952.0,3,-10.6,2026-08-19,active
PAGP,"Plains GP Holdings, L.P.",US,NASDAQ,NASDAQ Global Select,,N,0,,Energy,Natural Gas Distribution,26.095,42400000.0,6020731392.0,5,-1.68,2026-08-19,active
PAHC,Phibro Animal Health Corporation,US,NASDAQ,NASDAQ Global,SP600,N,0,,Health Care,Biotechnology: Pharmaceutical Preparations,35.44,6360000.0,1404756096.0,1,-40.8,2026-08-19,active
PALI,"Palisade Bio, Inc.",US,NASDAQ,NASDAQ Capital Market,,N,0,,Health Care,Biotechnology: Biological Products (No Diagnostic Substances),2.16,3840000.0,371888512.0,5,-24.5,2026-08-19,active
PANL,Pangaea Logistics Solutions Ltd.,US,NASDAQ,NASDAQ Capital Market,,N,0,,Consumer Discretionary,Marine Transportation,7.82,2870000.0,508076480.0,5,-16.2,2026-08-19,active
PANW,"Palo Alto Networks, Inc.",US,NASDAQ,NASDAQ Global Select,SP500+NDX,Y,2,PANW19 PANW80,Technology,Computer peripheral equipment,359.76,2020000000.0,306244419584.0,3,-9.81,2026-08-19,active
PATH,"UiPath, Inc.",US,NYSE,NYSE,SP400,N,0,,Technology,Computer Software: Prepackaged Software,15.78,922000000.0,8284742656.0,5,-20.5,2026-08-19,active
PATK,"Patrick Industries, Inc.",US,NASDAQ,NASDAQ Global Select,SP600,N,0,,Consumer Discretionary,Auto Parts:O.E.M.,87.44,42700000.0,2776945152.0,8,-40.6,2026-08-19,active
PAVS,Paranovus Entertainment Technology Ltd.,US,NASDAQ,NASDAQ Capital Market,,N,0,,Health Care,Medicinal Chemicals and Botanical Products,5.48,18300000.0,5048392.0,8,-99.6,2026-08-19,active
PAX,Patria Investments Limited,US,NASDAQ,NASDAQ Global Select,,N,0,,Finance,Investment Managers,11.46,14400000.0,1793085568.0,1,-34.0,2026-08-19,active
PAYC,"Paycom Software, Inc.",US,NYSE,NYSE,SP600,N,0,,Technology,Computer Software: Prepackaged Software,222.16,193000000.0,10013111296.0,5,-4.56,2026-08-19,active
PAYO,Payoneer Global Inc.,US,NASDAQ,NASDAQ Global,SP600,N,0,,Consumer Discretionary,Business Services,7.1,39900000.0,2405840896.0,3,-1.11,2026-08-19,active
PAYP,PayPay Corporation - American Depository Shares,US,NASDAQ,NASDAQ Global Select,,N,0,,Consumer Discretionary,Business Services,14.68,13900000.0,10394146816.0,8,-41.0,2026-08-19,active
PAYS,"Paysign, Inc.",US,NASDAQ,NASDAQ Capital Market,,N,0,,Technology,EDP Services,13.8,8540000.0,763368384.0,5,-1.13,2026-08-19,active
PAYX,"Paychex, Inc.",US,NASDAQ,NASDAQ Global Select,SP500+NDX,N,0,,Industrials,Diversified Commercial Services,122.5,343000000.0,43571150848.0,5,-10.3,2026-08-19,active
PCAR,PACCAR Inc.,US,NASDAQ,NASDAQ Global Select,SP500+NDX,N,0,,Consumer Discretionary,Motor Vehicles,127.47,494000000.0,70185500672.0,3,-8.45,2026-08-19,active
PCG,Pacific Gas & Electric Co.,US,NYSE,NYSE,SP500,N,0,,Utilities,Power Generation,17.65,459000000.0,38100946944.0,5,-7.62,2026-08-19,active
PCLA,PicoCELA Inc.,US,NASDAQ,NASDAQ Capital Market,,N,0,,Consumer Discretionary,Building Products,6.4,2920000.0,60951524.0,1,-67.4,2026-08-19,active
PCOR,"Procore Technologies, Inc.",US,NYSE,NYSE,,N,0,,Technology,Computer Software: Prepackaged Software,62.92,207000000.0,9447063552.0,2,-23.6,2026-08-19,active
PCRX,"Pacira BioSciences, Inc.",US,NASDAQ,NASDAQ Global Select,SP600,N,0,,Health Care,Biotechnology: Pharmaceutical Preparations,24.36,18300000.0,923998592.0,6,-11.9,2026-08-19,active
PCT,"PureCycle Technologies, Inc.",US,NASDAQ,NASDAQ Capital Market,,N,0,,Industrials,Major Chemicals,7.17,29900000.0,1382225152.0,8,-53.7,2026-08-19,active
PCTY,Paylocity Holding Corporation,US,NASDAQ,NASDAQ Global Select,SP400,N,0,,Technology,Computer Software: Prepackaged Software,149.31,124000000.0,8054092288.0,5,-18.3,2026-08-19,active
PCVX,"Vaxcyte, Inc.",US,NASDAQ,NASDAQ Global Select,,N,0,,Health Care,Biotechnology: Pharmaceutical Preparations,63.3,55200000.0,8641122304.0,5,-2.62,2026-08-19,active
PDD,PDD Holdings Inc.,US,NASDAQ,NASDAQ Global Select,NDX,N,0,,Technology,EDP Services,90.2,508000000.0,120689786880.0,1,-35.3,2026-08-19,active
PDFS,"PDF Solutions, Inc.",US,NASDAQ,NASDAQ Global Select,SP600,N,0,,Technology,Computer Software: Prepackaged Software,45.22,25600000.0,1992484864.0,6,-36.9,2026-08-19,active
PDYN,Palladyne AI Corp.,US,NASDAQ,NASDAQ Global,,N,0,,Technology,Computer Software: Prepackaged Software,6.23,5470000.0,307378944.0,1,-41.9,2026-08-19,active
PEBO,Peoples Bancorp Inc.,US,NASDAQ,NASDAQ Global Select,,N,0,,Finance,Major Banks,39.83,12400000.0,1487293056.0,3,-5.46,2026-08-19,active
PECO,"Phillips Edison & Company, Inc.",US,NASDAQ,NASDAQ Global Select,SP600,N,0,,Real Estate,Real Estate Investment Trusts,39.88,34700000.0,5609769984.0,6,-10.1,2026-08-19,active
PEG,Public Service Enterprise Group Incorporated,US,NYSE,NYSE,SP500,N,0,,Utilities,Power Generation,75.33,220000000.0,37680553984.0,8,-12.6,2026-08-19,active
PEGA,Pegasystems Inc.,US,NASDAQ,NASDAQ Global Select,SP400,N,0,,Technology,EDP Services,33.83,75600000.0,5505922048.0,1,-50.3,2026-08-19,active
PENG,"Penguin Solutions, Inc.",US,NASDAQ,NASDAQ Global Select,SP600,N,0,,Technology,Semiconductors,52.95,119000000.0,2990523904.0,6,-41.1,2026-08-19,active
PENN,"PENN Entertainment, Inc.",US,NASDAQ,NASDAQ Global Select,SP600,N,0,,Consumer Discretionary,Hotels/Resorts,18.56,52700000.0,2491947776.0,6,-17.0,2026-08-19,active
PEP,"Pepsico, Inc.",US,NASDAQ,NASDAQ Global Select,SP500+NDX,Y,1,PEP80,Consumer Staples,Beverages (Production/Distribution),142.58,986000000.0,189068066816.0,1,-15.2,2026-08-19,active
PERI,Perion Network Ltd.,US,NASDAQ,NASDAQ Global Select,,N,0,,Technology,EDP Services,9.72,3230000.0,403529248.0,2,-13.8,2026-08-19,active
PESI,"Perma-Fix Environmental Services, Inc.",US,NASDAQ,NASDAQ Capital Market,,N,0,,Industrials,Environmental Services,17.3,8700000.0,367077472.0,4,-18.9,2026-08-19,active
PFBC,Preferred Bank,US,NASDAQ,NASDAQ Global Select,SP600,N,0,,Finance,Major Banks,103.13,9090000.0,1278240000.0,6,-7.44,2026-08-19,active
PFE,"Pfizer, Inc.",US,NYSE,NYSE,SP500,Y,1,PFIZER19,Health Care,Biotechnology: Pharmaceutical Preparations,28.24,1060000000.0,152694259712.0,5,-0.686,2026-08-19,active
PFG,Principal Financial Group Inc,US,NASDAQ,NASDAQ Global Select,SP500,N,0,,Finance,Accident &Health Insurance,111.64,159000000.0,24607045632.0,3,-4.26,2026-08-19,active
PFIS,Peoples Financial Services Corp.,US,NASDAQ,NASDAQ Global Select,,N,0,,Finance,Major Banks,69.65,4210000.0,714840320.0,3,-5.07,2026-08-19,active
PG,Procter & Gamble Company (The),US,NYSE,NYSE,SP500+DOW30,Y,1,PNG80,Consumer Discretionary,Package Goods/Cosmetics,144.38,1320000000.0,332672860160.0,8,-13.0,2026-08-19,active
PGC,Peapack-Gladstone Financial Corporation,US,NASDAQ,NASDAQ Global Select,,N,0,,Finance,Commercial Banks,45.06,8850000.0,822045120.0,6,-8.3,2026-08-19,active
PGEN,"Precigen, Inc.",US,NASDAQ,NASDAQ Global Select,,N,0,,Health Care,Biotechnology: Pharmaceutical Preparations,7.16,39000000.0,2345130752.0,5,-2.19,2026-08-19,active
PGNY,"Progyny, Inc.",US,NASDAQ,NASDAQ Global Select,SP600,N,0,,Health Care,Misc Health and Biotechnology Services,25.53,33000000.0,1972646016.0,6,-22.8,2026-08-19,active
PGR,Progressive Corporation (The),US,NYSE,NYSE,SP500,N,0,,Finance,Property-Casualty Insurers,217.27,531000000.0,124384493568.0,4,-9.28,2026-08-19,active
PGY,Pagaya Technologies Ltd.,US,NASDAQ,NASDAQ Capital Market,,N,0,,Finance,Finance: Consumer Services,20.47,60600000.0,1798661120.0,4,-54.5,2026-08-19,active
PH,Parker-Hannifin Corporation,US,NYSE,NYSE,SP500,N,0,,Industrials,Metal Fabrications,1023.25,661000000.0,125695524864.0,3,-6.97,2026-08-19,active
PHAT,"Phathom Pharmaceuticals, Inc.",US,NASDAQ,NASDAQ Global Select,,N,0,,Health Care,Biotechnology: Pharmaceutical Preparations,9.32,16000000.0,748333632.0,8,-49.1,2026-08-19,active
PHM,"PulteGroup, Inc.",US,NYSE,NYSE,SP500,N,0,,Consumer Discretionary,Homebuilding,130.68,202000000.0,24797511680.0,5,-9.37,2026-08-19,active
PHVS,Pharvaris N.V.,US,NASDAQ,NASDAQ Global Select,,N,0,,Health Care,Biotechnology: Pharmaceutical Preparations,36.27,19300000.0,2455573504.0,5,-1.79,2026-08-19,active
PI,"Impinj, Inc.",US,NASDAQ,NASDAQ Global Select,SP600,N,0,,Technology,Industrial Machinery/Components,164.98,83600000.0,5135280128.0,4,-33.2,2026-08-19,active
PICS,PicS N.V.,US,NASDAQ,NASDAQ Global Select,,N,0,,Finance,Finance: Consumer Services,10.5,4470000.0,1330864128.0,8,-47.4,2026-08-19,active
PKG,Packaging Corporation of America,US,NYSE,NYSE,SP500,N,0,,Consumer Discretionary,Containers/Packaging,252.91,163000000.0,22539196416.0,4,-2.72,2026-08-19,active
PL,Planet Labs PBC,US,NYSE,NYSE,,Y,1,PLAB03,Technology,Radio And Television Broadcasting And Communications Equipment,22.62,133000000.0,8799578112.0,7,-56.3,2026-08-19,active
PLAB,"Photronics, Inc.",US,NASDAQ,NASDAQ Global Select,SP600,N,0,,Technology,Semiconductors,30.7,26200000.0,1964670336.0,8,-45.2,2026-08-19,active
PLAY,"Dave & Buster's Entertainment, Inc.",US,NASDAQ,NASDAQ Global Select,,N,0,,Consumer Discretionary,Restaurants,9.97,14000000.0,346843296.0,8,-62.1,2026-08-19,active
PLBC,Plumas Bancorp,US,NASDAQ,NASDAQ Capital Market,,N,0,,Finance,Finance Companies,60.97,3120000.0,442384640.0,3,-4.73,2026-08-19,active
PLD,"Prologis, Inc.",US,NYSE,NYSE,SP500,N,0,,Real Estate,Real Estate Investment Trusts,141.3,720000000.0,137269035008.0,6,-7.86,2026-08-19,active
PLMR,"Palomar Holdings, Inc.",US,NASDAQ,NASDAQ Global Select,SP600,N,0,,Finance,Property-Casualty Insurers,126.88,33900000.0,3437287168.0,6,-14.0,2026-08-19,active
PLPC,Preformed Line Products Company,US,NASDAQ,NASDAQ Global Select,,N,0,,Industrials,Water Sewer Pipeline Comm & Power Line Construction,434.74,48000000.0,2288058624.0,4,-13.9,2026-08-19,active
PLSE,"Pulse Biosciences, Inc.",US,NASDAQ,NASDAQ Capital Market,,N,0,,Health Care,Medical/Dental Instruments,47.02,18700000.0,3203811328.0,5,-3.73,2026-08-19,active
PLTK,Playtika Holding Corp.,US,NASDAQ,NASDAQ Global Select,,N,0,,Technology,EDP Services,2.35,5190000.0,957359616.0,8,-46.1,2026-08-19,active
PLTR,Palantir Technologies Inc.,US,NASDAQ,NASDAQ Global Select,SP500+NDX,Y,4,PLTR01 PLTR03 PLTR06 PLTR23,Technology,Computer Software: Prepackaged Software,175.19,7230000000.0,414647746560.0,5,-15.6,2026-08-19,active
PLUG,Plug Power Inc.,US,NASDAQ,NASDAQ Capital Market,,N,0,,Energy,Industrial Machinery/Components,2.25,135000000.0,3143689216.0,8,-50.9,2026-08-19,active
PLUS,ePlus inc.,US,NASDAQ,NASDAQ Global Select,SP600,N,0,,Technology,Retail: Computer Software & Peripheral Equipment,86.53,23100000.0,2257603840.0,6,-11.8,2026-08-19,active
PLXS,Plexus Corp.,US,NASDAQ,NASDAQ Global Select,SP600,N,0,,Technology,Electrical Products,244.26,84500000.0,7248038912.0,6,-20.5,2026-08-19,active
PM,Philip Morris International Inc,US,NYSE,NYSE,SP500,N,0,,Health Care,Medicinal Chemicals and Botanical Products,189.93,945000000.0,296744386560.0,4,-8.58,2026-08-19,active
PN,Skycorp Solar Group Ltd,US,NASDAQ,NASDAQ Capital Market,,N,0,,Technology,Retail: Computer Software & Peripheral Equipment,2.75,18600000.0,42117076.0,8,-93.1,2026-08-19,active
PNC,"PNC Financial Services Group, Inc. (The)",US,NYSE,NYSE,SP500,N,0,,Finance,Major Banks,246.46,339000000.0,100771438592.0,3,-4.83,2026-08-19,active
PNR,Pentair plc.,US,NYSE,NYSE,SP500,N,0,,Industrials,Industrial Machinery/Components,65.59,191000000.0,10142579712.0,8,-42.0,2026-08-19,active
PNRG,PrimeEnergy Resources Corporation,US,NASDAQ,NASDAQ Capital Market,,N,0,,Energy,Oil & Gas Production,213.345,16500000.0,315283488.0,5,-23.5,2026-08-19,active
PNTG,"The Pennant Group, Inc.",US,NASDAQ,NASDAQ Global Select,,N,0,,Health Care,Medical/Nursing Services,39.14,10500000.0,1349659264.0,3,-8.32,2026-08-19,active
PNW,Pinnacle West Capital Corporation,US,NYSE,NYSE,SP500,N,0,,Utilities,Electric Utilities: Central,99.43,126000000.0,12219105280.0,6,-10.6,2026-08-19,active
PODD,Insulet Corporation,US,NASDAQ,NASDAQ Global Select,SP500,N,0,,Health Care,Medical/Dental Instruments,151.51,260000000.0,10507854848.0,8,-57.3,2026-08-19,active
POET,POET Technologies Inc.,US,NASDAQ,NASDAQ Capital Market,,N,0,,Technology,Semiconductors,8.44,105000000.0,1653412224.0,6,-59.4,2026-08-19,active
PONY,Pony AI Inc.,US,NASDAQ,NASDAQ Global Select,,N,0,,Technology,EDP Services,7.83,29700000.0,3536126976.0,8,-68.6,2026-08-19,active
POOL,Pool Corporation,US,NASDAQ,NASDAQ Global Select,SP600,N,0,,Consumer Discretionary,Industrial Specialties,195.99,157000000.0,7080631296.0,8,-40.6,2026-08-19,active
POWI,"Power Integrations, Inc.",US,NASDAQ,NASDAQ Global Select,SP600,N,0,,Technology,Semiconductors,55.79,39900000.0,3451853056.0,7,-38.8,2026-08-19,active
POWL,"Powell Industries, Inc.",US,NASDAQ,NASDAQ Global Select,SP600,N,0,,Energy,Electrical Products,198.21,156000000.0,7433700352.0,7,-39.5,2026-08-19,active
PPC,Pilgrim's Pride Corporation,US,NASDAQ,NASDAQ Global Select,SP400,N,0,,Consumer Staples,Meat/Poultry/Fish,31.28,48900000.0,6571795456.0,1,-34.4,2026-08-19,active
PPCB,"Propanc Biopharma, Inc.",US,NASDAQ,NASDAQ Capital Market,,N,0,,Health Care,Biotechnology: Pharmaceutical Preparations,1.14,183000.0,3007449.0,8,-99.2,2026-08-19,active
PPG,"PPG Industries, Inc.",US,NYSE,NYSE,SP500,N,0,,Consumer Discretionary,Paints/Coatings,113.92,218000000.0,25366652928.0,6,-13.6,2026-08-19,active
PPIH,"Perma-Pipe International Holdings, Inc.",US,NASDAQ,NASDAQ Global,,N,0,,Industrials,Pollution Control Equipment,26.5,1760000.0,213950016.0,8,-27.8,2026-08-19,active
PPL,PPL Corporation,US,NYSE,NYSE,SP500,N,0,,Utilities,Electric Utilities: Central,35.49,311000000.0,26843860992.0,8,-10.8,2026-08-19,active
PPLI,People Incorporated,US,NASDAQ,NASDAQ Global Select,SP600,N,0,,Technology,Computer Software: Programming Data Processing,38.345,44100000.0,3008342784.0,7,-20.6,2026-08-19,active
PPTA,Perpetua Resources Corp.,US,NASDAQ,NASDAQ Capital Market,,N,0,,Basic Materials,Precious Metals,25.82,27100000.0,3229973504.0,2,-30.9,2026-08-19,active
PRAA,"PRA Group, Inc.",US,NASDAQ,NASDAQ Global Select,,N,0,,Finance,Finance: Consumer Services,19.44,8180000.0,775548800.0,5,-13.8,2026-08-19,active
PRAX,"Praxis Precision Medicines, Inc.",US,NASDAQ,NASDAQ Global Select,,N,0,,Health Care,Biotechnology: Pharmaceutical Preparations,386.19,151000000.0,10226212864.0,5,-1.6,2026-08-19,active
PRCH,"Porch Group, Inc.",US,NASDAQ,NASDAQ Capital Market,,N,0,,Technology,Computer Software: Prepackaged Software,17.04,28900000.0,1972974720.0,5,-12.3,2026-08-19,active
PRCT,PROCEPT BioRobotics Corporation,US,NASDAQ,NASDAQ Global,,N,0,,Health Care,Medical/Dental Instruments,21.91,33900000.0,1249368704.0,1,-48.4,2026-08-19,active
PRDO,Perdoceo Education Corporation,US,NASDAQ,NASDAQ Global Select,SP600,N,0,,Real Estate,Other Consumer Services,32.66,23100000.0,2003091456.0,6,-14.8,2026-08-19,active
PRE,Prenetics Global Limited,US,NASDAQ,NASDAQ Global,,N,0,,Finance,Blank Checks,18.76,2550000.0,310427168.0,6,-20.6,2026-08-19,active
PRFX,PRF Technologies Ltd.,US,NASDAQ,NASDAQ Capital Market,,N,0,,Health Care,Biotechnology: Pharmaceutical Preparations,1.01,503000.0,3650196.0,8,-94.4,2026-08-19,active
PRGS,Progress Software Corporation,US,NASDAQ,NASDAQ Global Select,SP600,N,0,,Technology,Computer Software: Prepackaged Software,43.83,20600000.0,1732796928.0,5,-7.47,2026-08-19,active
PRIM,Primoris Services Corporation,US,NYSE,NYSE,SP600,N,0,,Industrials,Water Sewer Pipeline Comm & Power Line Construction,79.93,105000000.0,4519436288.0,8,-61.1,2026-08-19,active
PRME,"Prime Medicine, Inc.",US,NASDAQ,NASDAQ Global,,N,0,,Health Care,Biotechnology: Biological Products (No Diagnostic Substances),3.54,8050000.0,560454464.0,2,-49.0,2026-08-19,active
PRTA,Prothena Corporation plc,US,NASDAQ,NASDAQ Global Select,,N,0,,Health Care,Biotechnology: Pharmaceutical Preparations,9.29,4220000.0,455872352.0,1,-21.3,2026-08-19,active
PRU,"Prudential Financial, Inc.",US,NYSE,NYSE,SP500,N,0,,Finance,Life Insurance,122.22,232000000.0,43169849344.0,4,-4.31,2026-08-19,active
PRVA,"Privia Health Group, Inc.",US,NASDAQ,NASDAQ Global Select,SP600,N,0,,Health Care,Medical/Nursing Services,21.49,28900000.0,2751395072.0,7,-25.4,2026-08-19,active
PRZO,ParaZero Technologies Ltd.,US,NASDAQ,NASDAQ Capital Market,,N,0,,Industrials,Military/Government/Technical,0.6024,673000.0,15463801.0,1,-68.3,2026-08-19,active
PSA,Public Storage,US,NYSE,NYSE,SP500,N,0,,Real Estate,Real Estate Investment Trusts,325.13,330000000.0,61327302656.0,5,-3.11,2026-08-19,active
PSEC,Prospect Capital Corporation,US,NASDAQ,NASDAQ Global Select,,N,0,,Finance,Finance: Consumer Services,2.25,8900000.0,1107226880.0,1,-20.8,2026-08-19,active
PSIG,PS International Group Ltd.,US,NASDAQ,NASDAQ Capital Market,,N,0,,Industrials,Integrated Freight & Logistics,2.04,615000.0,17226520.0,8,-83.0,2026-08-19,active
PSIX,"Power Solutions International, Inc.",US,NASDAQ,NASDAQ Capital Market,,N,0,,Industrials,Industrial Machinery/Components,37.29,19600000.0,935073344.0,8,-68.8,2026-08-19,active
PSKY,Paramount Skydance Corporation,US,NASDAQ,NASDAQ Global Select,SP500,N,0,,Industrials,Broadcasting,10.6,112000000.0,11185799168.0,1,-48.5,2026-08-19,active
PSMT,"PriceSmart, Inc.",US,NASDAQ,NASDAQ Global Select,SP600,N,0,,Consumer Discretionary,Department/Specialty Retail Stores,175.61,45400000.0,5561683456.0,6,-12.1,2026-08-19,active
PSNL,"Personalis, Inc.",US,NASDAQ,NASDAQ Global,,N,0,,Health Care,Medical Specialities,15.81,37700000.0,1485586176.0,5,-3.54,2026-08-19,active
PSNY,Polestar Automotive Holding UK PLC,US,NASDAQ,NASDAQ Global,,N,0,,Industrials,Auto Manufacturing,13.65,1940000.0,2013440256.0,8,-68.0,2026-08-19,active
PSX,Phillips 66,US,NYSE,NYSE,SP500,N,0,,Energy,Integrated oil Companies,242.29,589000000.0,93261496320.0,5,-0.998,2026-08-19,active
PTC,PTC Inc.,US,NASDAQ,NASDAQ Global Select,SP500,N,0,,Technology,Computer Software: Prepackaged Software,152.44,208000000.0,16248812544.0,2,-30.0,2026-08-19,active
PTCT,"PTC Therapeutics, Inc.",US,NASDAQ,NASDAQ Global Select,SP600,N,0,,Health Care,Biotechnology: Pharmaceutical Preparations,73.67,89000000.0,5984139264.0,6,-18.9,2026-08-19,active
PTEN,"Patterson-UTI Energy, Inc.",US,NASDAQ,NASDAQ Global Select,SP600,N,0,,Energy,Oil & Gas Production,12.06,89900000.0,4624291328.0,5,-6.97,2026-08-19,active
PTGX,"Protagonist Therapeutics, Inc.",US,NASDAQ,NASDAQ Global,SP600,N,0,,Health Care,Biotechnology: Pharmaceutical Preparations,154.94,70800000.0,10264028160.0,5,-3.65,2026-08-19,active
PTLO,Portillo's Inc.,US,NASDAQ,NASDAQ Global Select,,N,0,,Consumer Discretionary,Restaurants,4.91,6400000.0,364406368.0,1,-35.6,2026-08-19,active
PTON,"Peloton Interactive, Inc.",US,NASDAQ,NASDAQ Global Select,SP600,N,0,,Consumer Discretionary,Recreational Games/Products/Toys,5.47,54300000.0,2440127232.0,7,-40.5,2026-08-19,active
PTRN,Pattern Group Inc.,US,NASDAQ,NASDAQ Global Select,,N,0,,Consumer Discretionary,Catalog/Specialty Distribution,20.72,40800000.0,4471821824.0,6,-30.5,2026-08-19,active
PUBM,"PubMatic, Inc.",US,NASDAQ,NASDAQ Global,,N,0,,Technology,Computer Software: Programming Data Processing,16.78,12600000.0,801225536.0,5,-9.0,2026-08-19,active
PURR,Hyperliquid Strategies Inc.,US,NASDAQ,NASDAQ Capital Market,,N,0,,Finance,Finance: Consumer Services,9.39,71300000.0,1365838720.0,3,-19.2,2026-08-19,active
PUSA,Aureus Greenway Holdings Inc.,US,NASDAQ,NASDAQ Capital Market,,N,0,,Consumer Discretionary,Hotels/Resorts,3.37,2110000.0,92955360.0,8,-59.2,2026-08-19,active
PVLA,"Palvella Therapeutics, Inc.",US,NASDAQ,NASDAQ Global,,N,0,,Health Care,Biotechnology: Pharmaceutical Preparations,149.96,25200000.0,2249584640.0,3,-7.08,2026-08-19,active
PWP,Perella Weinberg Partners,US,NASDAQ,NASDAQ Global Select,,N,0,,Finance,Finance: Consumer Services,16.63,21200000.0,1799853696.0,8,-35.4,2026-08-19,active
PWR,"Quanta Services, Inc.",US,NYSE,NYSE,SP500,Y,1,PWR03,Industrials,Engineering & Construction,677.41,792000000.0,88289386496.0,4,-14.1,2026-08-19,active
PYPL,"PayPal Holdings, Inc.",US,NASDAQ,NASDAQ Global Select,SP500+NDX,Y,1,PYPL06,Industrials,Diversified Commercial Services,61.25,666000000.0,51729719296.0,5,-22.0,2026-08-19,active
PZZA,"Papa John's International, Inc.",US,NASDAQ,NASDAQ Global Select,SP600,N,0,,Consumer Discretionary,Restaurants,23.27,49000000.0,766087680.0,8,-56.6,2026-08-19,active
Q,"Qnity Electronics, Inc.",US,NYSE,NYSE,SP500,N,0,,Technology,Semiconductors,126.04,248000000.0,29770377216.0,7,-28.9,2026-08-19,active
QBTS,D-Wave Quantum Inc.,US,NASDAQ,NASDAQ Global Select,,Y,1,QBTS03,Technology,EDP Services,19.32,349000000.0,6037251072.0,8,-58.7,2026-08-19,active
QCOM,QUALCOMM Incorporated,US,NASDAQ,NASDAQ Global Select,SP500+NDX,Y,2,QCOM06 QCOM23,Technology,Radio And Television Broadcasting And Communications Equipment,161.91,1830000000.0,170043375616.0,7,-37.5,2026-08-19,active
QCRH,"QCR Holdings, Inc.",US,NASDAQ,NASDAQ Global,,N,0,,Finance,Major Banks,101.14,12800000.0,1744985344.0,3,-6.45,2026-08-19,active
QDEL,QuidelOrtho Corporation,US,NASDAQ,NASDAQ Global Select,SP600,N,0,,Health Care,Biotechnology: In Vitro & In Vivo Diagnostic Substances,13.8,23200000.0,1034803136.0,8,-61.2,2026-08-19,active
QFIN,"Qfin Holdings, Inc.",US,NASDAQ,NASDAQ Global Select,,N,0,,Finance,Finance: Consumer Services,11.79,14900000.0,1520681088.0,8,-61.8,2026-08-19,active
QH,Quhuo Limited,US,NASDAQ,NASDAQ Capital Market,,N,0,,Technology,,4.305,170000.0,11746313.0,8,-66.4,2026-08-19,active
QLYS,"Qualys, Inc.",US,NASDAQ,NASDAQ Global Select,SP400,N,0,,Technology,Computer Software: Prepackaged Software,186.68,133000000.0,6436399616.0,5,-7.37,2026-08-19,active
QMCO,Quantum Corporation,US,NASDAQ,NASDAQ Global,,N,0,,Technology,Electronic Components,21.79,46200000.0,926923200.0,5,-21.6,2026-08-19,active
QNST,"QuinStreet, Inc.",US,NASDAQ,NASDAQ Global Select,SP600,N,0,,Consumer Discretionary,Business Services,21.06,19900000.0,1158960256.0,5,-5.52,2026-08-19,active
QQQX,Nuveen Nasdaq 100 Dynamic Overwrite Fund,US,NASDAQ,NASDAQ Global Select,,N,0,,Finance,Finance Companies,30.5,2590000.0,1496052608.0,4,-2.71,2026-08-19,active
QRVO,"Qorvo, Inc.",US,NASDAQ,NASDAQ Global Select,SP600,N,0,,Technology,Semiconductors,96.81,121000000.0,8472805376.0,5,-11.6,2026-08-19,active
QS,QuantumScape Corporation,US,NASDAQ,NASDAQ Global Select,,N,0,,Miscellaneous,Industrial Machinery/Components,5.88,126000000.0,3789293568.0,8,-69.2,2026-08-19,active
QSI,Quantum-Si incorporated,US,NASDAQ,NASDAQ Global,,N,0,,Industrials,Industrial Machinery/Components,0.7701,2180000.0,159347472.0,8,-75.2,2026-08-19,active
QTEX,QTREX Quantum Ltd.,US,NASDAQ,NASDAQ Capital Market,,N,0,,Health Care,Medical/Dental Instruments,1.12,3010000.0,49998620.0,6,-70.9,2026-08-19,active
QTRX,Quanterix Corporation,US,NASDAQ,NASDAQ Global,,N,0,,Industrials,Biotechnology: Laboratory Analytical Instruments,2.96,2530000.0,135258160.0,8,-66.2,2026-08-19,active
QTTB,Q32 Bio Inc.,US,NASDAQ,NASDAQ Capital Market,,N,0,,Health Care,Biotechnology: Pharmaceutical Preparations,15.84,6880000.0,489898336.0,5,-32.8,2026-08-19,active
QUBT,Quantum Computing Inc.,US,NASDAQ,NASDAQ Capital Market,,N,0,,Technology,Computer Software: Prepackaged Software,8.42,71700000.0,2039385344.0,8,-67.4,2026-08-19,active
QUCY,Quantum Cyber N.V.,US,NASDAQ,NASDAQ Capital Market,,N,0,,Health Care,Biotechnology: Pharmaceutical Preparations,1.44,1020000.0,32329500.0,3,-70.8,2026-08-19,active
QUIK,QuickLogic Corporation,US,NASDAQ,NASDAQ Capital Market,,N,0,,Technology,Semiconductors,11.62,3820000.0,212852144.0,7,-52.2,2026-08-19,active
QURE,uniQure N.V.,US,NASDAQ,NASDAQ Global Select,,N,0,,Health Care,Biotechnology: Pharmaceutical Preparations,48.76,59800000.0,3372594944.0,5,-31.8,2026-08-19,active
QXO,"QXO, Inc.",US,NYSE,NYSE,,N,0,,Consumer Discretionary,RETAIL: Building Materials,14.11,273000000.0,15659344896.0,8,-48.9,2026-08-19,active
RAAQ,Real Asset Acquisition Corp.,US,,,,N,0,,Finance,Blank Checks,13.42,9220000.0,308660000.0,5,-0.593,2026-07-01,ไม่พบใน SymDir · ข้อมูลค้าง
RACE,Ferrari N.V.,US,NYSE,NYSE,,Y,1,FERRARI80,Consumer Discretionary,Motor Vehicles,425.41,239000000.0,93495007057.0,,-15.7,2026-08-19,active
RAL,Ralliant Corporation,US,NYSE,NYSE,SP600,N,0,,Industrials,Industrial Machinery/Components,66.51,117000000.0,7904122368.0,6,-11.8,2026-08-19,active
RAPP,"Rapport Therapeutics, Inc.",US,NASDAQ,NASDAQ Global,,N,0,,Health Care,Biotechnology: Pharmaceutical Preparations,49.07,12400000.0,2275130368.0,5,-1.66,2026-08-19,active
RARE,Ultragenyx Pharmaceutical Inc.,US,NASDAQ,NASDAQ Global Select,,N,0,,Health Care,Biotechnology: Pharmaceutical Preparations,26.24,51000000.0,2576127232.0,8,-34.2,2026-08-19,active
RBB,RBB Bancorp,US,NASDAQ,NASDAQ Global Select,,N,0,,Finance,Major Banks,26.4,3840000.0,466711456.0,3,-6.52,2026-08-19,active
RBBN,Ribbon Communications Inc.,US,NASDAQ,NASDAQ Global Select,,N,0,,Technology,EDP Services,2.03,1570000.0,377317280.0,8,-52.1,2026-08-19,active
RBC,RBC Bearings Incorporated,US,NYSE,NYSE,SP400,N,0,,Industrials,Metal Fabrications,520.54,130000000.0,17274867712.0,7,-22.0,2026-08-19,active
RBCAA,"Republic Bancorp, Inc.",US,NASDAQ,NASDAQ Global Select,,N,0,,Finance,Major Banks,93.4,10300000.0,1923557888.0,3,-8.63,2026-08-19,active
RBLX,Roblox Corporation,US,NYSE,NYSE,,Y,1,RBLX06,Technology,Computer Software: Prepackaged Software,38.69,610000000.0,26910539776.0,8,-72.8,2026-08-19,active
RBRK,"Rubrik, Inc.",US,NYSE,NYSE,,N,0,,Technology,Computer Software: Prepackaged Software,99.78,264000000.0,20696061952.0,5,-6.31,2026-08-19,active
RCAT,"Red Cat Holdings, Inc.",US,NASDAQ,NASDAQ Capital Market,,N,0,,Technology,Computer Software: Prepackaged Software,9.89,88700000.0,1510345088.0,1,-47.3,2026-08-19,active
RCKT,"Rocket Pharmaceuticals, Inc.",US,NASDAQ,NASDAQ Global,,N,0,,Health Care,Biotechnology: Pharmaceutical Preparations,3.65,5110000.0,380917856.0,1,-33.0,2026-08-19,active
RCKY,"Rocky Brands, Inc.",US,NASDAQ,NASDAQ Global Select,,N,0,,Consumer Discretionary,Shoe Manufacturing,47.05,3510000.0,349722400.0,4,-11.2,2026-08-19,active
RCL,Royal Caribbean Cruises Ltd.,US,NYSE,NYSE,SP500,N,0,,Consumer Discretionary,Marine Transportation,300.56,651000000.0,80385392640.0,6,-16.6,2026-08-19,active
RCT,RedCloud Holdings plc,US,NASDAQ,NASDAQ Capital Market,,N,0,,Technology,Computer Software: Programming Data Processing,0.2011,144000.0,14975355.0,8,-91.6,2026-08-19,active
RDCM,RADCOM Ltd.,US,NASDAQ,NASDAQ Capital Market,,N,0,,Technology,Computer peripheral equipment,10.19,2330000.0,172740048.0,8,-39.1,2026-08-19,active
RDDT,"Reddit, Inc.",US,NYSE,NYSE,SP500,N,0,,Technology,EDP Services,151.71,1440000000.0,34263894016.0,8,-46.4,2026-08-19,active
RDGT,"Ridgetech, Inc.",US,NASDAQ,NASDAQ Capital Market,,N,0,,Consumer Staples,Retail-Drug Stores and Proprietary Stores,0.8113,3870000.0,3011066.0,8,-99.9,2026-08-19,active
RDNT,"RadNet, Inc.",US,NASDAQ,NASDAQ Global,SP600,N,0,,Health Care,Medical Specialities,75.54,54400000.0,6008535552.0,5,-12.0,2026-08-19,active
RDVT,"Red Violet, Inc.",US,NASDAQ,NASDAQ Capital Market,,N,0,,Technology,Computer Software: Prepackaged Software,69.76,20300000.0,1094243328.0,5,-5.98,2026-08-19,active
RDWR,Radware Ltd.,US,NASDAQ,NASDAQ Global Select,,N,0,,Consumer Discretionary,Business Services,27.05,6530000.0,1234700160.0,6,-17.5,2026-08-19,active
REAL,"The RealReal, Inc.",US,NASDAQ,NASDAQ Global Select,,N,0,,Consumer Discretionary,Other Specialty Stores,11.78,40400000.0,1387050624.0,4,-32.3,2026-08-19,active
REAX,The Real Brokerage Inc.,US,NASDAQ,NASDAQ Capital Market,,N,0,,Finance,Real Estate,2.79,11200000.0,523065952.0,2,-48.4,2026-08-19,active
REG,Regency Centers Corporation,US,NASDAQ,NASDAQ Global Select,SP500,N,0,,Real Estate,Real Estate Investment Trusts,76.4,111000000.0,14278039552.0,6,-8.68,2026-08-19,active
REGN,"Regeneron Pharmaceuticals, Inc.",US,NASDAQ,NASDAQ Global Select,SP500+NDX,N,0,,Health Care,Biotechnology: Pharmaceutical Preparations,840.84,632000000.0,82722275328.0,5,-0.481,2026-08-19,active
RELL,"Richardson Electronics, Ltd.",US,NASDAQ,NASDAQ Global Select,,N,0,,Technology,Electronic Components,18.04,7610000.0,265052592.0,6,-22.1,2026-08-19,active
RELY,"Remitly Global, Inc.",US,NASDAQ,NASDAQ Global Select,SP600,N,0,,Consumer Discretionary,Business Services,25.06,75400000.0,5385242112.0,5,-7.7,2026-08-19,active
REPL,"Replimune Group, Inc.",US,NASDAQ,NASDAQ Global Select,,N,0,,Health Care,Biotechnology: Biological Products (No Diagnostic Substances),14.81,85600000.0,1395392768.0,5,-5.7,2026-08-19,active
REYN,Reynolds Consumer Products Inc.,US,NASDAQ,NASDAQ Global Select,SP600,N,0,,Consumer Discretionary,Containers/Packaging,26.08,32700000.0,5429975552.0,5,-4.54,2026-08-19,active
RF,Regions Financial Corporation,US,NYSE,NYSE,SP500,N,0,,Finance,Major Banks,30.59,244000000.0,27006167040.0,3,-5.79,2026-08-19,active
RFIL,"RF Industries, Ltd.",US,NASDAQ,NASDAQ Global,,N,0,,Technology,Electrical Products,11.71,2900000.0,147638016.0,7,-47.5,2026-08-19,active
RGC,Regencell Bioscience Holdings Limited,US,NASDAQ,NASDAQ Capital Market,,N,0,,Health Care,Medicinal Chemicals and Botanical Products,5.81,1090000.0,2694964480.0,8,-91.6,2026-08-19,active
RGEN,Repligen Corporation,US,NASDAQ,NASDAQ Global Select,SP400,N,0,,Health Care,Biotechnology: Biological Products (No Diagnostic Substances),176.36,183000000.0,9415154688.0,5,-1.95,2026-08-19,active
RGLD,"Royal Gold, Inc.",US,NASDAQ,NASDAQ Global Select,SP400,N,0,,Industrials,Precious Metals,248.14,162000000.0,19784800256.0,2,-18.8,2026-08-19,active
RGNX,REGENXBIO Inc.,US,NASDAQ,NASDAQ Global Select,,N,0,,Health Care,Biotechnology: Biological Products (No Diagnostic Substances),12.02,11500000.0,793478592.0,5,-25.8,2026-08-19,active
RGTI,"Rigetti Computing, Inc.",US,NASDAQ,NASDAQ Capital Market,,Y,2,RGTI03 RGTI23,Technology,EDP Services,17.0,325000000.0,6281527296.0,8,-70.8,2026-08-19,active
RHP,"Ryman Hospitality Properties, Inc. (REIT)",US,NYSE,NYSE,SP600,N,0,,Real Estate,Real Estate Investment Trusts,128.34,123000000.0,8853443584.0,4,-6.63,2026-08-19,active
RIGL,"Rigel Pharmaceuticals, Inc.",US,NASDAQ,NASDAQ Global Select,,N,0,,Health Care,Biotechnology: Pharmaceutical Preparations,46.96,12600000.0,782125888.0,5,-10.1,2026-08-19,active
RILY,"BRC Group Holdings, Inc.",US,NASDAQ,NASDAQ Global,,N,0,,Finance,Investment Managers,7.23,4270000.0,303106144.0,7,-35.7,2026-08-19,active
RIOT,"Riot Platforms, Inc.",US,NASDAQ,NASDAQ Capital Market,,N,0,,Finance,Finance: Consumer Services,19.38,473000000.0,7208723968.0,6,-36.1,2026-08-19,active
RIVN,"Rivian Automotive, Inc.",US,NASDAQ,NASDAQ Global Select,,N,0,,Industrials,Auto Manufacturing,15.73,371000000.0,21399379968.0,7,-30.7,2026-08-19,active
RJET,Republic Airways Holdings Inc.,US,NASDAQ,NASDAQ Global Select,,N,0,,Consumer Discretionary,Air Freight/Delivery Services,19.13,2250000.0,951840448.0,7,-28.4,2026-08-19,active
RJF,"Raymond James Financial, Inc.",US,NYSE,NYSE,SP500,N,0,,Finance,Investment Bankers/Brokers/Service,177.93,178000000.0,34733600768.0,4,-2.63,2026-08-19,active
RKLB,Rocket Lab Corporation,US,NASDAQ,NASDAQ Global Select,NDX,Y,4,RKLB01 RKLB03 RKLB23 RKLB80,Industrials,Military/Government/Technical,75.84,1400000000.0,51312734208.0,7,-49.8,2026-08-19,active
RKT,"Rocket Companies, Inc.",US,NYSE,NYSE,,N,0,,Finance,Finance: Consumer Services,14.63,389000000.0,39923253248.0,1,-39.9,2026-08-19,active
RKTO,Rocket One Inc.,US,NASDAQ,NASDAQ Capital Market,,N,0,,Health Care,Biotechnology: Pharmaceutical Preparations,0.7644,479000.0,19748760.0,8,-68.8,2026-08-19,active
RL,Ralph Lauren Corporation,US,NYSE,NYSE,SP500,N,0,,Industrials,Garments and Clothing,377.96,230000000.0,23081564160.0,6,-10.4,2026-08-19,active
RLAY,"Relay Therapeutics, Inc.",US,NASDAQ,NASDAQ Global,,N,0,,Health Care,Biotechnology: Biological Products (No Diagnostic Substances),20.74,40500000.0,4352153088.0,5,-2.49,2026-08-19,active
RLMD,"Relmada Therapeutics, Inc.",US,NASDAQ,NASDAQ Capital Market,,N,0,,Health Care,Biotechnology: Pharmaceutical Preparations,4.83,6430000.0,512015296.0,7,-39.6,2026-08-19,active
RMBS,"Rambus, Inc.",US,NASDAQ,NASDAQ Global Select,SP400,N,0,,Technology,Semiconductors,90.85,244000000.0,11011020800.0,7,-47.8,2026-08-19,active
RMD,ResMed Inc.,US,NYSE,NYSE,SP500,N,0,,Health Care,Medical/Dental Instruments,230.65,312000000.0,31919656960.0,2,-20.9,2026-08-19,active
RMR,The RMR Group Inc.,US,NASDAQ,NASDAQ Capital Market,,N,0,,Consumer Discretionary,Professional Services,19.97,3020000.0,339042496.0,5,-4.82,2026-08-19,active
RMSG,Real Messenger Corporation,US,NASDAQ,NASDAQ Capital Market,,N,0,,Technology,Computer Software: Programming Data Processing,0.3838,259000.0,5708309.0,8,-93.0,2026-08-19,active
RNA,"Atrium Therapeutics, Inc.",US,NASDAQ,NASDAQ Global Select,,N,0,,Health Care,Biotechnology: Pharmaceutical Preparations,13.71,1630000.0,219636464.0,2,-18.2,2026-08-19,active
RNW,ReNew Energy Global Plc,US,NASDAQ,NASDAQ Global Select,,N,0,,Utilities,Electric Utilities: Central,6.8,20100000.0,2486307072.0,5,-17.5,2026-08-19,active
ROAD,"Construction Partners, Inc.",US,NASDAQ,NASDAQ Global Select,SP600,N,0,,Industrials,Military/Government/Technical,115.61,89100000.0,6561509888.0,2,-23.4,2026-08-19,active
ROCK,"Gibraltar Industries, Inc.",US,NASDAQ,NASDAQ Global Select,SP600,N,0,,Industrials,Steel/Iron Ore,47.85,16700000.0,1451357696.0,2,-36.3,2026-08-19,active
ROIV,Roivant Sciences Ltd.,US,NASDAQ,NASDAQ Global Select,SP400,N,0,,Health Care,Biotechnology: Pharmaceutical Preparations,37.4,200000000.0,26148093952.0,5,-1.45,2026-08-19,active
ROK,"Rockwell Automation, Inc.",US,NYSE,NYSE,SP500,N,0,,Industrials,Industrial Machinery/Components,433.27,400000000.0,50227949568.0,6,-12.9,2026-08-19,active
ROKU,"Roku, Inc.",US,NASDAQ,NASDAQ Global Select,SP400,N,0,,Telecommunications,Cable & Other Pay Television Services,156.8,398000000.0,23402702848.0,5,-1.81,2026-08-19,active
ROL,"Rollins, Inc.",US,NYSE,NYSE,SP500,N,0,,Consumer Discretionary,Diversified Commercial Services,36.26,239000000.0,17417463808.0,8,-44.8,2026-08-19,active
ROOT,"Root, Inc.",US,NASDAQ,NASDAQ Global Select,,N,0,,Finance,Property-Casualty Insurers,56.46,16100000.0,874748992.0,1,-46.0,2026-08-19,active
ROP,"Roper Technologies, Inc.",US,NASDAQ,NASDAQ Global Select,SP500+NDX,N,0,,Technology,Computer Software: Programming Data Processing,407.32,331000000.0,39495073792.0,2,-24.8,2026-08-19,active
ROST,"Ross Stores, Inc.",US,NASDAQ,NASDAQ Global Select,SP500+NDX,N,0,,Consumer Discretionary,Clothing/Shoe/Accessory Stores,234.69,563000000.0,78706851840.0,6,-8.68,2026-08-19,active
RPAY,Repay Holdings Corporation,US,NASDAQ,NASDAQ Capital Market,,N,0,,Consumer Discretionary,Business Services,3.69,2000000.0,309184768.0,8,-39.1,2026-08-19,active
RPD,"Rapid7, Inc.",US,NASDAQ,NASDAQ Global,,N,0,,Technology,Computer Software: Prepackaged Software,12.205,27000000.0,894193664.0,2,-43.9,2026-08-19,active
RPRX,Royalty Pharma plc,US,NASDAQ,NASDAQ Global Select,,N,0,,Health Care,Biotechnology: Pharmaceutical Preparations,61.73,162000000.0,35669782528.0,5,-0.113,2026-08-19,active
RR,Richtech Robotics Inc.,US,NASDAQ,NASDAQ Capital Market,,N,0,,Industrials,Industrial Machinery/Components,1.63,8510000.0,389056992.0,8,-78.1,2026-08-19,active
RRBI,"Red River Bancshares, Inc.",US,NASDAQ,NASDAQ Global Select,,N,0,,Consumer Discretionary,Hotels/Resorts,99.91,6790000.0,674146624.0,3,-4.25,2026-08-19,active
RRR,"Red Rock Resorts, Inc.",US,NASDAQ,NASDAQ Global Select,SP600,N,0,,Consumer Discretionary,Hotels/Resorts,61.25,47600000.0,6492538880.0,6,-10.1,2026-08-19,active
RSG,"Republic Services, Inc.",US,NYSE,NYSE,SP500,N,0,,Utilities,Environmental Services,221.04,300000000.0,67685318656.0,2,-6.57,2026-08-19,active
RSI,"Rush Street Interactive, Inc.",US,NYSE,NYSE,SP600,N,0,,Consumer Discretionary,Services-Misc. Amusement & Recreation,25.72,76100000.0,6247838720.0,6,-25.5,2026-08-19,active
RTX,RTX Corporation,US,NYSE,NYSE,SP500,N,0,,Industrials,Aerospace,220.35,1180000000.0,296978513920.0,4,-2.66,2026-08-19,active
RUBI,Rubico Inc.,US,NASDAQ,NASDAQ Capital Market,,N,0,,Consumer Discretionary,Marine Transportation,1.76,1430000.0,1131372.0,8,-100.0,2026-08-19,active
RUM,Rumble Inc.,US,NASDAQ,NASDAQ Global,,N,0,,Technology,Computer Software: Programming Data Processing,8.32,23200000.0,1908148096.0,2,-21.1,2026-08-19,active
RUN,Sunrun Inc.,US,NASDAQ,NASDAQ Global Select,SP600,N,0,,Miscellaneous,Industrial Machinery/Components,9.8,99100000.0,2392649216.0,8,-56.3,2026-08-19,active
RUSHA,"Rush Enterprises, Inc.",US,NASDAQ,NASDAQ Global Select,SP600,N,0,,Consumer Discretionary,Retail-Auto Dealers and Gas Stations,78.33,40500000.0,9598742528.0,4,-6.32,2026-08-19,active
RUSHB,"Rush Enterprises, Inc.",US,NASDAQ,NASDAQ Global Select,,N,0,,Consumer Discretionary,Retail-Auto Dealers and Gas Stations,78.56,6900000.0,9365281792.0,5,-3.63,2026-08-19,active
RVMD,"Revolution Medicines, Inc.",US,NASDAQ,NASDAQ Global Select,,N,0,,Health Care,Biotechnology: Biological Products (No Diagnostic Substances),214.66,334000000.0,43295956992.0,5,-2.56,2026-08-19,active
RVTY,"Revvity, Inc.",US,NYSE,NYSE,SP500,N,0,,Industrials,Biotechnology: Laboratory Analytical Instruments,119.45,170000000.0,12962992128.0,5,-2.18,2026-08-19,active
RWAY,Runway Growth Finance Corp.,US,NASDAQ,NASDAQ Global Select,,N,0,,Finance,Finance: Consumer Services,6.65,4000000.0,278700864.0,1,-30.8,2026-08-19,active
RXRX,"Recursion Pharmaceuticals, Inc.",US,NASDAQ,NASDAQ Global Select,,N,0,,Health Care,Biotechnology: Biological Products (No Diagnostic Substances),3.5,50000000.0,1876948736.0,1,-51.3,2026-08-19,active
RXST,"RxSight, Inc.",US,NASDAQ,NASDAQ Global,,N,0,,Health Care,Ophthalmic Goods,6.16,5480000.0,293648384.0,1,-53.4,2026-08-19,active
RXT,"Rackspace Technology, Inc.",US,NASDAQ,NASDAQ Global Select,,N,0,,Technology,Computer Software: Programming Data Processing,3.42,31600000.0,1006747776.0,6,-60.2,2026-08-19,active
RYAAY,Ryanair Holdings plc,US,NASDAQ,NASDAQ Global Select,,N,0,,Consumer Discretionary,Air Freight/Delivery Services,54.79,66300000.0,30517264384.0,8,-25.7,2026-08-19,active
RYAN,"Ryan Specialty Holdings, Inc.",US,NYSE,NYSE,SP400,N,0,,Finance,Specialty Insurers,42.21,95900000.0,16083851264.0,1,-29.4,2026-08-19,active
RYTM,"Rhythm Pharmaceuticals, Inc.",US,NASDAQ,NASDAQ Global,,N,0,,Health Care,Biotechnology: Pharmaceutical Preparations,115.73,78400000.0,7948284416.0,5,-5.29,2026-08-19,active
RZLT,"Rezolute, Inc.",US,NASDAQ,NASDAQ Capital Market,,N,0,,Health Care,Biotechnology: Pharmaceutical Preparations,4.72,5580000.0,450648064.0,3,-58.8,2026-08-19,active
RZLV,Rezolve AI PLC,US,NASDAQ,NASDAQ Global,,N,0,,Technology,Computer Software: Programming Data Processing,2.5,22000000.0,997068928.0,8,-70.4,2026-08-19,active
S,"SentinelOne, Inc.",US,NYSE,NYSE,,N,0,,Technology,Computer Software: Prepackaged Software,21.32,139000000.0,7922193920.0,4,-11.0,2026-08-19,active
SABR,Sabre Corporation,US,NASDAQ,NASDAQ Global Select,SP600,N,0,,Technology,Computer Software: Programming Data Processing,2.11,8320000.0,831381376.0,5,-8.06,2026-08-19,active
SABS,"SAB Biotherapeutics, Inc.",US,NASDAQ,NASDAQ Capital Market,,N,0,,Health Care,Biotechnology: Biological Products (No Diagnostic Substances),3.78,1700000.0,343018592.0,5,-26.6,2026-08-19,active
SAFT,"Safety Insurance Group, Inc.",US,NASDAQ,NASDAQ Global Select,SP600,N,0,,Finance,Property-Casualty Insurers,103.56,41400000.0,1520310656.0,5,-0.183,2026-08-19,active
SAGT,Sagtec Global Limited,US,NASDAQ,NASDAQ Capital Market,,N,0,,Technology,Computer Software: Prepackaged Software,0.679,1110000.0,13315950.0,8,-80.0,2026-08-19,active
SAIA,"Saia, Inc.",US,NASDAQ,NASDAQ Global Select,SP400,N,0,,Industrials,Trucking Freight/Courier Services,359.19,207000000.0,9840812032.0,7,-27.4,2026-08-19,active
SAIC,Science Applications International Corporation,US,NASDAQ,NASDAQ Global Select,SP400,N,0,,Technology,EDP Services,128.71,48800000.0,5324765184.0,5,-0.759,2026-08-19,active
SAIL,"SailPoint, Inc.",US,NASDAQ,NASDAQ Global Select,,N,0,,Technology,Computer Software: Prepackaged Software,19.19,54200000.0,10623336448.0,5,-20.0,2026-08-19,active
SANA,"Sana Biotechnology, Inc.",US,NASDAQ,NASDAQ Global Select,,N,0,,Health Care,Biotechnology: Biological Products (No Diagnostic Substances),4.1,9190000.0,1062730240.0,2,-37.4,2026-08-19,active
SANM,Sanmina Corporation,US,NASDAQ,NASDAQ Global Select,SP400,N,0,,Technology,Electrical Products,194.53,162000000.0,11071070208.0,6,-32.6,2026-08-19,active
SARO,"StandardAero, Inc.",US,NYSE,NYSE,SP400,N,0,,Industrials,Aerospace,26.4,101000000.0,8974534656.0,7,-23.4,2026-08-19,active
SATA,"Strive, Inc.",US,NASDAQ,NASDAQ Global,,N,0,,Finance,,99.94,12800000.0,,5,0.0,2026-08-19,active
SATL,Satellogic Inc.,US,NASDAQ,NASDAQ Capital Market,,N,0,,Technology,Radio And Television Broadcasting And Communications Equipment,5.53,28800000.0,905528000.0,3,-53.9,2026-08-19,active
SATS,EchoStar Corporation,US,,,,N,0,,Telecommunications,,92.03,1520000000.0,30115971072.0,7,-37.5,2026-07-17,ไม่พบใน SymDir · ข้อมูลค้าง
SBAC,SBA Communications Corporation,US,NASDAQ,NASDAQ Global Select,SP500,N,0,,Real Estate,Real Estate Investment Trusts,182.43,206000000.0,19752546304.0,8,-18.2,2026-08-19,active
SBCF,Seacoast Banking Corporation of Florida,US,NASDAQ,NASDAQ Global Select,SP600,N,0,,Finance,Major Banks,35.11,34500000.0,3443986944.0,4,-3.2,2026-08-19,active
SBET,"Sharplink, Inc.",US,NASDAQ,NASDAQ Capital Market,,N,0,,Technology,Computer Software: Prepackaged Software,7.08,48000000.0,1364825088.0,1,-66.3,2026-08-19,active
SBGI,"Sinclair, Inc.",US,NASDAQ,NASDAQ Global Select,,N,0,,Industrials,Broadcasting,14.58,7500000.0,1030524544.0,5,-14.2,2026-08-19,active
SBLK,Star Bulk Carriers Corp.,US,NASDAQ,NASDAQ Global Select,,N,0,,Consumer Discretionary,Marine Transportation,30.17,42100000.0,3188669184.0,5,-2.36,2026-08-19,active
SBRA,"Sabra Health Care REIT, Inc.",US,NASDAQ,NASDAQ Global Select,SP400,N,0,,Real Estate,Real Estate Investment Trusts,20.54,51900000.0,5374936576.0,4,-9.79,2026-08-19,active
SBUX,Starbucks Corporation,US,NASDAQ,NASDAQ Global Select,SP500+NDX,Y,1,SBUX80,Consumer Discretionary,Restaurants,104.98,805000000.0,123678597120.0,3,-4.46,2026-08-19,active
SCHL,Scholastic Corporation,US,NASDAQ,NASDAQ Global Select,SP600,N,0,,Consumer Discretionary,Books,40.68,16500000.0,782419648.0,6,-15.4,2026-08-19,active
SCHW,Charles Schwab Corporation (The),US,NYSE,NYSE,SP500,N,0,,Finance,Investment Bankers/Brokers/Service,110.88,735000000.0,192111886336.0,5,-1.18,2026-08-19,active
SCI,Service Corporation International,US,NYSE,NYSE,SP400,N,0,,Consumer Discretionary,Other Consumer Services,83.21,94900000.0,11340822528.0,4,-8.55,2026-08-19,active
SCSC,"ScanSource, Inc.",US,NASDAQ,NASDAQ Global Select,SP600,N,0,,Technology,Retail: Computer Software & Peripheral Equipment,51.42,13100000.0,1050981312.0,6,-13.7,2026-08-19,active
SCVL,Shoe Station Group Inc.,US,,,,N,0,,Consumer Discretionary,,14.49,10300000.0,473247296.0,8,-44.1,2026-07-17,ไม่พบใน SymDir · ข้อมูลค้าง
SCZM,Santacruz Silver Mining Ltd.,US,NASDAQ,NASDAQ Capital Market,,N,0,,Basic Materials,,9.54,3990000.0,808698880.0,2,-45.9,2026-08-19,active
SDGR,"Schrödinger, Inc.",US,NASDAQ,NASDAQ Global Select,SP600,N,0,,Health Care,Biotechnology: Pharmaceutical Preparations,19.85,19600000.0,1321815552.0,5,-13.8,2026-08-19,active
SDOT,Sadot Group Inc.,US,NASDAQ,NASDAQ Capital Market,,N,0,,Consumer Discretionary,Restaurants,8.72,2830000.0,11085985.0,8,-96.7,2026-08-19,active
SEDG,"SolarEdge Technologies, Inc.",US,NASDAQ,NASDAQ Global Select,SP600,N,0,,Technology,Semiconductors,32.6,139000000.0,2049422720.0,7,-59.9,2026-08-19,active
SEIC,SEI Investments Company,US,NASDAQ,NASDAQ Global Select,SP400,N,0,,Finance,Investment Bankers/Brokers/Service,107.36,66600000.0,12767640576.0,5,-0.625,2026-08-19,active
SENEA,Seneca Foods Corporation,US,NASDAQ,NASDAQ Global Select,,N,0,,Consumer Staples,Packaged Foods,192.22,17900000.0,1312791552.0,5,-3.61,2026-08-19,active
SENS,"Senseonics Holdings, Inc.",US,NASDAQ,NASDAQ Global Select,,N,0,,Health Care,Medical/Dental Instruments,9.11,5180000.0,412946336.0,2,-21.3,2026-08-19,active
SEPN,"Septerna, Inc.",US,NASDAQ,NASDAQ Global,,N,0,,Health Care,Biotechnology: Pharmaceutical Preparations,43.93,18000000.0,2152807424.0,5,-14.0,2026-08-19,active
SERV,Serve Robotics Inc.,US,NASDAQ,NASDAQ Capital Market,,N,0,,Consumer Discretionary,Industrial Specialties,4.78,24500000.0,418797248.0,8,-74.4,2026-08-19,active
SEZL,Sezzle Inc.,US,NASDAQ,NASDAQ Capital Market,SP600,N,0,,Finance,Finance: Consumer Services,118.97,117000000.0,4006316800.0,6,-39.2,2026-08-19,active
SFD,"Smithfield Foods, Inc.",US,NASDAQ,NASDAQ Global Select,,N,0,,Consumer Staples,Meat/Poultry/Fish,22.55,35800000.0,8955542528.0,7,-23.4,2026-08-19,active
SFIX,"Stitch Fix, Inc.",US,NASDAQ,NASDAQ Global Select,,N,0,,Consumer Discretionary,Catalog/Specialty Distribution,3.36,5720000.0,478998816.0,8,-43.4,2026-08-19,active
SFM,"Sprouts Farmers Market, Inc.",US,NASDAQ,NASDAQ Global Select,SP400,N,0,,Consumer Staples,Food Chains,79.33,157000000.0,7397334016.0,8,-47.9,2026-08-19,active
SFNC,Simmons First National Corporation,US,NASDAQ,NASDAQ Global Select,SP600,N,0,,Finance,Major Banks,23.05,29800000.0,3445208832.0,3,-5.22,2026-08-19,active
SFST,"Southern First Bancshares, Inc.",US,NASDAQ,NASDAQ Global,,N,0,,Finance,Major Banks,62.51,6590000.0,607139456.0,3,-3.96,2026-08-19,active
SGI,Somnigroup International Inc.,US,NYSE,NYSE,SP400,N,0,,Consumer Discretionary,Home Furnishings,66.02,199000000.0,13896743936.0,8,-32.7,2026-08-19,active
SGML,Sigma Lithium Corporation,US,NASDAQ,NASDAQ Capital Market,,N,0,,Basic Materials,Metal Mining,10.94,19400000.0,1280898944.0,8,-55.3,2026-08-19,active
SGMT,Sagimet Biosciences Inc.,US,NASDAQ,NASDAQ Global,,N,0,,Health Care,Biotechnology: Pharmaceutical Preparations,10.58,11400000.0,576832256.0,5,-5.11,2026-08-19,active
SGRY,"Surgery Partners, Inc.",US,NASDAQ,NASDAQ Global Select,,N,0,,Health Care,Hospital/Nursing Management,13.6,31700000.0,1967701376.0,8,-43.6,2026-08-19,active
SHAZ,SharonAI Holdings Inc.,US,NASDAQ,NASDAQ Capital Market,,N,0,,Technology,EDP Services,65.45,137000000.0,2451107840.0,4,-32.9,2026-08-19,active
SHBI,"Shore Bancshares, Inc.",US,NASDAQ,NASDAQ Global Select,,N,0,,Finance,Major Banks,23.04,5390000.0,798932288.0,3,-7.43,2026-08-19,active
SHC,Sotera Health Company,US,NASDAQ,NASDAQ Global Select,SP400,N,0,,Health Care,Misc Health and Biotechnology Services,19.0,60100000.0,5390729728.0,5,-4.28,2026-08-19,active
SHEN,Shenandoah Telecommunications Company,US,NASDAQ,NASDAQ Global Select,SP600,N,0,,Telecommunications,Telecommunications Equipment,12.15,6390000.0,734689344.0,8,-30.0,2026-08-19,active
SHIP,Seanergy Maritime Holdings Corp,US,NASDAQ,NASDAQ Capital Market,,N,0,,Consumer Discretionary,Marine Transportation,16.89,5250000.0,363375680.0,5,-8.6,2026-08-19,active
SHLS,"Shoals Technologies Group, Inc.",US,NASDAQ,NASDAQ Global,,N,0,,Technology,Semiconductors,7.95,45500000.0,1385108480.0,7,-39.7,2026-08-19,active
SHMD,SCHMID Group N.V.,US,NASDAQ,NASDAQ Global,,N,0,,Technology,Industrial Machinery/Components,4.79,1940000.0,357932704.0,8,-55.0,2026-08-19,active
SHOO,"Steven Madden, Ltd.",US,NASDAQ,NASDAQ Global Select,SP600,N,0,,Consumer Discretionary,Shoe Manufacturing,47.34,51700000.0,3421029120.0,5,-4.75,2026-08-19,active
SHOP,Shopify Inc.,US,NASDAQ,NASDAQ Global Select,NDX,Y,2,SHOP03 SHOP06,Technology,Computer Software: Prepackaged Software,146.58,1590000000.0,190210228224.0,4,-19.5,2026-08-19,active
SHW,Sherwin-Williams Company (The),US,NYSE,NYSE,SP500+DOW30,N,0,,Consumer Discretionary,RETAIL: Building Materials,353.59,701000000.0,87174447104.0,4,-6.2,2026-08-19,active
SIBN,"SI-BONE, Inc.",US,NASDAQ,NASDAQ Global,,N,0,,Health Care,Medical/Dental Instruments,19.91,9000000.0,849312064.0,5,-9.05,2026-08-19,active
SIDU,"Sidus Space, Inc.",US,NASDAQ,NASDAQ Capital Market,,N,0,,Telecommunications,Telecommunications Equipment,2.45,13200000.0,263185840.0,8,-63.9,2026-08-19,active
SIGA,"SIGA Technologies, Inc.",US,NASDAQ,NASDAQ Global,,N,0,,Health Care,Biotechnology: Pharmaceutical Preparations,3.11,2680000.0,215549136.0,8,-62.8,2026-08-19,active
SIGI,"Selective Insurance Group, Inc.",US,NASDAQ,NASDAQ Global Select,SP400,N,0,,Finance,Property-Casualty Insurers,89.83,51100000.0,5589965824.0,6,-10.5,2026-08-19,active
SILC,Silicom Ltd.,US,NASDAQ,NASDAQ Global Select,,N,0,,Telecommunications,Computer Communications Equipment,43.09,9200000.0,258010256.0,3,-18.6,2026-08-19,active
SIMO,Silicon Motion Technology Corporation,US,NASDAQ,NASDAQ Global Select,,N,0,,Technology,Semiconductors,242.8,352000000.0,9117794304.0,6,-31.6,2026-08-19,active
SION,"Sionna Therapeutics, Inc.",US,NASDAQ,NASDAQ Global,,N,0,,Health Care,Biotechnology: Pharmaceutical Preparations,6.25,36900000.0,282189536.0,8,-88.6,2026-08-19,active
SIRI,SiriusXM Holdings Inc.,US,NASDAQ,NASDAQ Global Select,SP400,N,0,,Consumer Discretionary,Broadcasting,28.67,134000000.0,9663707136.0,6,-12.2,2026-08-19,active
SITM,SiTime Corporation,US,NASDAQ,NASDAQ Global,SP400,N,0,,Technology,Semiconductors,618.71,315000000.0,22449864704.0,6,-31.4,2026-08-19,active
SJM,The J.M. Smucker Company,US,NYSE,NYSE,SP500,N,0,,Consumer Staples,Packaged Foods,122.84,142000000.0,12696356864.0,5,-3.77,2026-08-19,active
SKWD,"Skyward Specialty Insurance Group, Inc.",US,NASDAQ,NASDAQ Global Select,,N,0,,Finance,Property-Casualty Insurers,56.4,29800000.0,2581376768.0,6,-14.1,2026-08-19,active
SKYQ,Sky Quarry Inc.,US,NASDAQ,NASDAQ Capital Market,,N,0,,Industrials,Environmental Services,2.54,23600000.0,13377062.0,8,-86.9,2026-08-19,active
SKYT,"SkyWater Technology, Inc.",US,,,,N,0,,Technology,Semiconductors,32.46,20700000.0,1597181312.0,6,-18.7,2026-08-07,ไม่พบใน SymDir · ข้อมูลค้าง
SKYW,"SkyWest, Inc.",US,NASDAQ,NASDAQ Global Select,SP600,N,0,,Consumer Discretionary,Air Freight/Delivery Services,102.42,43100000.0,4177151232.0,3,-17.4,2026-08-19,active
SLAB,"Silicon Laboratories, Inc.",US,NASDAQ,NASDAQ Global Select,SP400,N,0,,Technology,Semiconductors,218.92,54200000.0,7229945856.0,5,-0.896,2026-08-19,active
SLB,SLB Limited,US,NYSE,NYSE,SP500,N,0,,Energy,Oilfield Services/Equipment,53.55,586000000.0,79802384384.0,5,-8.48,2026-08-19,active
SLDB,Solid Biosciences Inc.,US,NASDAQ,NASDAQ Global Select,,N,0,,Health Care,Biotechnology: Biological Products (No Diagnostic Substances),9.74,7830000.0,973605184.0,5,-14.9,2026-08-19,active
SLDE,"Slide Insurance Holdings, Inc.",US,NASDAQ,NASDAQ Global Select,,N,0,,Finance,Property-Casualty Insurers,22.48,19900000.0,2600228864.0,5,-2.26,2026-08-19,active
SLDP,"Solid Power, Inc.",US,NASDAQ,NASDAQ Global Select,,N,0,,Miscellaneous,Industrial Machinery/Components,2.32,8320000.0,515689536.0,8,-73.8,2026-08-19,active
SLGL,Sol-Gel Technologies Ltd.,US,NASDAQ,NASDAQ Capital Market,,N,0,,Health Care,Biotechnology: Pharmaceutical Preparations,78.59,4870000.0,276850848.0,6,-19.8,2026-08-19,active
SLM,SLM Corporation,US,NASDAQ,NASDAQ Global Select,SP400,N,0,,Finance,Finance: Consumer Services,26.59,69400000.0,5269640192.0,3,-15.5,2026-08-19,active
SLNH,"Soluna Holdings, Inc.",US,NASDAQ,NASDAQ Capital Market,,N,0,,Technology,EDP Services,1.2,12500000.0,205071568.0,8,-76.7,2026-08-19,active
SLP,"Simulations Plus, Inc.",US,NASDAQ,NASDAQ Global Select,,N,0,,Technology,EDP Services,18.37,4370000.0,371125792.0,5,-12.6,2026-08-19,active
SLRC,SLR Investment Corp.,US,NASDAQ,NASDAQ Global Select,,N,0,,Finance,Finance/Investors Services,12.73,5400000.0,699935936.0,8,-20.3,2026-08-19,active
SLS,"SELLAS Life Sciences Group, Inc.",US,NASDAQ,NASDAQ Capital Market,,N,0,,Health Care,Biotechnology: Pharmaceutical Preparations,13.85,69900000.0,2645488896.0,5,-12.8,2026-08-19,active
SMBC,"Southern Missouri Bancorp, Inc.",US,NASDAQ,NASDAQ Global,,N,0,,Finance,Banks,74.01,7620000.0,850498048.0,6,-7.33,2026-08-19,active
SMCI,"Super Micro Computer, Inc.",US,NASDAQ,NASDAQ Global Select,SP500,Y,1,SMCI03,Technology,Computer Manufacturing,36.58,1920000000.0,24199520256.0,2,-37.8,2026-08-19,active
SMFG,"Sumitomo Mitsui Financial Group, Inc.",US,NYSE,NYSE,,Y,1,SMFG19,Finance,Major Banks,24.7,46500000.0,158553262402.5,,-7.39,2026-08-19,active
SMMT,Summit Therapeutics Inc.,US,NASDAQ,NASDAQ Global,,N,0,,Health Care,Biotechnology: Pharmaceutical Preparations,13.11,64900000.0,10649958400.0,8,-56.4,2026-08-19,active
SMPL,The Simply Good Foods Company,US,NASDAQ,NASDAQ Capital Market,SP600,N,0,,Consumer Staples,Packaged Foods,11.45,23700000.0,1000270080.0,8,-62.3,2026-08-19,active
SMR,NuScale Power Corporation,US,NYSE,NYSE,,Y,2,SMR03 SMR23,Industrials,Electrical Products,8.95,304000000.0,3845851418.3,,-84.4,2026-08-19,active
SMTC,Semtech Corporation,US,NASDAQ,NASDAQ Global Select,SP400,N,0,,Technology,Semiconductors,125.36,297000000.0,13073767424.0,6,-29.3,2026-08-19,active
SMTK,"SmartKem, Inc.",US,NASDAQ,NASDAQ Capital Market,,N,0,,Technology,Semiconductors,0.0872,649000.0,2239526.0,8,-97.7,2026-08-19,active
SNA,Snap-On Incorporated,US,NYSE,NYSE,SP500,N,0,,Consumer Discretionary,Industrial Machinery/Components,393.93,144000000.0,20753956864.0,6,-6.88,2026-08-19,active
SNAP,Snap Inc.,US,NYSE,NYSE,,N,0,,Technology,Computer Software: Programming Data Processing,5.24,213000000.0,8794227712.0,1,-43.5,2026-08-19,active
SNBR,Sleep Number Corporation,US,,,,N,0,,Consumer Discretionary,,0.0265,21500000.0,2881125.0,8,-99.8,2026-07-17,ไม่พบใน SymDir · ข้อมูลค้าง
SNDK,Sandisk Corporation,US,NASDAQ,NASDAQ Global Select,SP500+NDX,Y,3,SNDK03 SNDK23 SNDK80,Technology,Electronic Components,1568.87,24000000000.0,239602057216.0,3,-33.4,2026-08-19,active
SNDL,SNDL Inc.,US,NASDAQ,NASDAQ Capital Market,,N,0,,Health Care,Medicinal Chemicals and Botanical Products,1.31,2440000.0,314963008.0,1,-54.7,2026-08-19,active
SNDX,"Syndax Pharmaceuticals, Inc.",US,NASDAQ,NASDAQ Global Select,,N,0,,Health Care,Biotechnology: Pharmaceutical Preparations,20.77,27200000.0,1778351616.0,3,-18.8,2026-08-19,active
SNEX,StoneX Group Inc.,US,NASDAQ,NASDAQ Global Select,SP600,N,0,,Finance,Investment Bankers/Brokers/Service,66.15,71500000.0,8008951296.0,8,-53.4,2026-08-19,active
SNGX,"Soligenix, Inc.",US,NASDAQ,NASDAQ Capital Market,,N,0,,Health Care,Biotechnology: Pharmaceutical Preparations,0.3811,78500.0,5781427.0,8,-91.1,2026-08-19,active
SNOW,Snowflake Inc.,US,NYSE,NYSE,,Y,2,SNOW06 SNOW23,Technology,Computer Software: Prepackaged Software,325.01,1520000000.0,116935909376.0,5,-4.95,2026-08-19,active
SNPS,"Synopsys, Inc.",US,NASDAQ,NASDAQ Global Select,SP500+NDX,Y,2,SYNP03 SYNP23,Technology,Computer Software: Prepackaged Software,401.24,650000000.0,80708534272.0,8,-35.8,2026-08-19,active
SNY,Sanofi,US,NASDAQ,NASDAQ Global Select,,Y,1,SANOFI80,Health Care,Biotechnology: Pharmaceutical Preparations,45.83,139000000.0,109814988800.0,2,-8.18,2026-08-19,active
SO,Southern Company (The),US,NYSE,NYSE,SP500,N,0,,Utilities,Electric Utilities: Central,92.19,503000000.0,108755320832.0,7,-7.12,2026-08-19,active
SOBR,"SOBR Safe, Inc.",US,NASDAQ,NASDAQ Capital Market,,N,0,,Consumer Discretionary,Newspapers/Magazines,0.5393,258000.0,1534070.0,8,-86.4,2026-08-19,active
SOFI,"SoFi Technologies, Inc.",US,NASDAQ,NASDAQ Global Select,,Y,1,SOFI23,Finance,Finance: Consumer Services,18.42,1120000000.0,23403255808.0,1,-43.7,2026-08-19,active
SOLS,Solstice Advanced Materials Inc.,US,NASDAQ,NASDAQ Global Select,SP400,N,0,,Industrials,Aerospace,57.34,167000000.0,9951788032.0,8,-36.8,2026-08-19,active
SOLV,Solventum Corporation,US,NYSE,NYSE,SP500,N,0,,Health Care,Medical/Dental Instruments,87.81,112000000.0,14947345408.0,5,-2.43,2026-08-19,active
SONO,"Sonos, Inc.",US,NASDAQ,NASDAQ Global Select,SP600,N,0,,Consumer Staples,Consumer Electronics/Appliances,16.28,30200000.0,1925826048.0,5,-17.9,2026-08-19,active
SONY,Sony Group Corporation,US,NYSE,NYSE,,Y,1,SONY80,Technology,Computer Processing Hardware,23.52,142000000.0,138194455325.2,,-22.5,2026-08-19,active
SOUN,"SoundHound AI, Inc.",US,NASDAQ,NASDAQ Global,,N,0,,Technology,Computer Software: Prepackaged Software,7.16,245000000.0,3321941760.0,1,-67.7,2026-08-19,active
SPFI,"South Plains Financial, Inc.",US,NASDAQ,NASDAQ Global Select,,N,0,,Finance,Major Banks,44.21,5390000.0,857744384.0,3,-5.82,2026-08-19,active
SPG,"Simon Property Group, Inc.",US,NYSE,NYSE,SP500,N,0,,Real Estate,Real Estate Investment Trusts,223.18,298000000.0,84075216896.0,3,-6.42,2026-08-19,active
SPGI,S&P Global Inc.,US,NYSE,NYSE,SP500,N,0,,Finance,Finance: Consumer Services,426.66,888000000.0,125779369984.0,1,-23.1,2026-08-19,active
SPHL,Springview Holdings Ltd,US,NASDAQ,NASDAQ Capital Market,,N,0,,Consumer Discretionary,Homebuilding,2.57,73200.0,6152588.0,8,-89.8,2026-08-19,active
SPOT,Spotify Technology S.A.,US,NYSE,NYSE,,Y,1,SPOT06,Technology,Internet Software/Services,533.26,1110000000.0,109789844756.6,,-28.4,2026-08-19,active
SPPL,Simpple Ltd.,US,NASDAQ,NASDAQ Capital Market,,N,0,,Consumer Discretionary,Diversified Commercial Services,2.2,243000.0,21529608.0,8,-68.6,2026-08-19,active
SPRB,"Spruce Biosciences, Inc.",US,NASDAQ,NASDAQ Capital Market,,N,0,,Health Care,Biotechnology: Pharmaceutical Preparations,52.96,2310000.0,127155248.0,1,-77.9,2026-08-19,active
SPRC,SciSparc Ltd.,US,NASDAQ,NASDAQ Capital Market,,N,0,,Health Care,Biotechnology: Pharmaceutical Preparations,6.86,4440000.0,3777671.0,1,-91.4,2026-08-19,active
SPRY,"ARS Pharmaceuticals, Inc.",US,NASDAQ,NASDAQ Global,,N,0,,Health Care,Biotechnology: Pharmaceutical Preparations,6.38,13400000.0,561877504.0,8,-57.7,2026-08-19,active
SPSC,"SPS Commerce, Inc.",US,NASDAQ,NASDAQ Global Select,SP600,N,0,,Technology,Computer Software: Prepackaged Software,80.76,46400000.0,2858414080.0,2,-31.2,2026-08-19,active
SPT,"Sprout Social, Inc.",US,NASDAQ,NASDAQ Capital Market,,N,0,,Technology,Computer Software: Prepackaged Software,10.03,11800000.0,599257024.0,2,-37.4,2026-08-19,active
SPWR,SunPower Inc.,US,NASDAQ,NASDAQ Global,,N,0,,Technology,Semiconductors,0.2502,2080000.0,44349828.0,8,-89.0,2026-08-19,active
SPXC,"SPX Technologies, Inc.",US,NYSE,NYSE,SP400,N,0,,Industrials,Industrial Machinery/Components,207.86,103000000.0,10651258880.0,7,-17.2,2026-08-19,active
SRAD,Sportradar Group AG,US,NASDAQ,NASDAQ Global Select,,N,0,,Technology,Computer Software: Programming Data Processing,13.05,38600000.0,4090051584.0,8,-59.5,2026-08-19,active
SRCE,1st Source Corporation,US,NASDAQ,NASDAQ Global Select,,N,0,,Finance,Major Banks,85.71,12500000.0,2134372224.0,3,-6.06,2026-08-19,active
SRE,DBA Sempra,US,NYSE,NYSE,SP500,N,0,,Utilities,Natural Gas Distribution,85.59,323000000.0,56549306368.0,8,-15.3,2026-08-19,active
SRPT,"Sarepta Therapeutics, Inc.",US,NASDAQ,NASDAQ Global Select,SP600,N,0,,Health Care,Biotechnology: Pharmaceutical Preparations,19.73,49700000.0,1903399040.0,1,-22.1,2026-08-19,active
SRRK,Scholar Rock Holding Corporation,US,NASDAQ,NASDAQ Global Select,,N,0,,Health Care,Biotechnology: Biological Products (No Diagnostic Substances),56.51,52500000.0,6396163072.0,5,-3.39,2026-08-19,active
SRTA,"Strata Critical Medical, Inc.",US,NASDAQ,NASDAQ Capital Market,,N,0,,Consumer Discretionary,Transportation Services,5.89,6210000.0,504260800.0,5,-9.38,2026-08-19,active
SRZN,"Surrozen, Inc.",US,NASDAQ,NASDAQ Capital Market,,N,0,,Health Care,Biotechnology: Biological Products (No Diagnostic Substances),24.01,6180000.0,294896768.0,3,-31.4,2026-08-19,active
SSNC,"SS&C Technologies Holdings, Inc.",US,NASDAQ,NASDAQ Global Select,,N,0,,Technology,Computer Software: Prepackaged Software,82.28,149000000.0,18725468160.0,2,-8.4,2026-08-19,active
SSP,The E.W. Scripps Company,US,NASDAQ,NASDAQ Global Select,,N,0,,Industrials,Broadcasting,3.46,2120000.0,306734368.0,2,-35.8,2026-08-19,active
SSRM,SSR Mining Inc.,US,NASDAQ,NASDAQ Global Select,,N,0,,Industrials,Precious Metals,35.38,88800000.0,7214311424.0,5,-3.12,2026-08-19,active
SSSS,SuRo Capital Corp.,US,,,,N,0,,Finance,Finance: Consumer Services,10.2,3460000.0,326920416.0,7,-31.9,2026-07-17,ไม่พบใน SymDir · ข้อมูลค้าง
SSYS,Stratasys Ltd.,US,NASDAQ,NASDAQ Global Select,,N,0,,Technology,Computer peripheral equipment,8.6,5130000.0,767435776.0,1,-32.9,2026-08-19,active
STAA,STAAR Surgical Company,US,NASDAQ,NASDAQ Global,SP600,N,0,,Health Care,Ophthalmic Goods,24.66,24900000.0,1241725056.0,7,-31.3,2026-08-19,active
STAG,"Stag Industrial, Inc.",US,NYSE,NYSE,SP400,N,0,,Real Estate,Real Estate Investment Trusts,36.43,62200000.0,7232681984.0,7,-14.5,2026-08-19,active
STAK,STAK Inc.,US,NASDAQ,NASDAQ Capital Market,,N,0,,Consumer Discretionary,Oil and Gas Field Machinery,1.39,37800000.0,30352350.0,7,-88.4,2026-08-19,active
STBA,"S&T Bancorp, Inc.",US,NASDAQ,NASDAQ Global Select,SP600,N,0,,Finance,Major Banks,50.11,13700000.0,1767153792.0,3,-6.34,2026-08-19,active
STE,STERIS plc (Ireland),US,NYSE,NYSE,SP500,N,0,,Health Care,Industrial Specialties,236.91,174000000.0,22744825856.0,2,-11.6,2026-08-19,active
STEP,StepStone Group Inc.,US,NASDAQ,NASDAQ Global Select,SP600,N,0,,Finance,Investment Managers,49.88,67200000.0,6208936960.0,1,-34.3,2026-08-19,active
STFS,Star Fashion Culture Holdings Limited,US,NASDAQ,NASDAQ Capital Market,,N,0,,Consumer Discretionary,Advertising,4.11,6980000.0,4906419.0,8,-95.4,2026-08-19,active
STGW,Stagwell Inc.,US,NASDAQ,NASDAQ Global Select,,N,0,,Consumer Discretionary,Advertising,8.71,14300000.0,2163607808.0,4,-8.8,2026-08-19,active
STI,"Solidion Technology, Inc.",US,NASDAQ,NASDAQ Capital Market,,N,0,,Miscellaneous,Industrial Machinery/Components,7.44,926000.0,62739120.0,8,-83.8,2026-08-19,active
STIM,"Neuronetics, Inc.",US,NASDAQ,NASDAQ Global,,N,0,,Health Care,Medical/Dental Instruments,3.14,8870000.0,239259296.0,5,-17.4,2026-08-19,active
STLD,"Steel Dynamics, Inc.",US,NASDAQ,NASDAQ Global Select,SP500,N,0,,Industrials,Steel/Iron Ore,231.01,284000000.0,38497927168.0,6,-20.0,2026-08-19,active
STM,STMicroelectronics N.V.,US,NYSE,NYSE,,Y,1,STM03,Technology,Semiconductors,50.7,611000000.0,45803901048.9,,-37.7,2026-08-19,active
STNE,StoneCo Ltd.,US,NASDAQ,NASDAQ Global Select,,N,0,,Technology,EDP Services,9.47,44600000.0,2731452928.0,8,-42.5,2026-08-19,active
STOK,"Stoke Therapeutics, Inc.",US,NASDAQ,NASDAQ Global Select,,N,0,,Health Care,Biotechnology: Pharmaceutical Preparations,33.03,26600000.0,2127430272.0,5,-17.9,2026-08-19,active
STRA,"Strategic Education, Inc.",US,NASDAQ,NASDAQ Global Select,SP600,N,0,,Real Estate,Other Consumer Services,82.77,25900000.0,1855841408.0,5,-7.76,2026-08-19,active
STRC,Strategy Inc,US,NASDAQ,NASDAQ Global Select,,N,0,,Technology,Computer Software: Prepackaged Software,95.31,123000000.0,,2,-3.28,2026-08-19,active
STRD,Strategy Inc,US,NASDAQ,NASDAQ Global Select,,N,0,,Technology,Computer Software: Prepackaged Software,69.25,7560000.0,,2,-9.92,2026-08-19,active
STRF,Strategy Inc,US,NASDAQ,NASDAQ Global Select,,N,0,,Technology,Computer Software: Prepackaged Software,96.9,6940000.0,,2,-10.8,2026-08-19,active
STRK,Strategy Inc,US,NASDAQ,NASDAQ Global Select,,N,0,,Technology,Computer Software: Prepackaged Software,68.23,5610000.0,,1,-26.4,2026-08-19,active
STRL,"Sterling Infrastructure, Inc.",US,NASDAQ,NASDAQ Global Select,SP400,N,0,,Industrials,Military/Government/Technical,534.4,479000000.0,17633669120.0,7,-46.9,2026-08-19,active
STRO,"Sutro Biopharma, Inc.",US,NASDAQ,NASDAQ Global,,N,0,,Health Care,Biotechnology: Biological Products (No Diagnostic Substances),21.91,6840000.0,352950336.0,7,-50.0,2026-08-19,active
STRT,Strattec Security Corporation,US,NASDAQ,NASDAQ Global,,N,0,,Consumer Discretionary,Auto Parts:O.E.M.,80.555,7430000.0,341303424.0,6,-12.9,2026-08-19,active
STRZ,Starz Entertainment Corp.,US,NASDAQ,NASDAQ Global Select,,N,0,,Consumer Discretionary,Movies/Entertainment,27.15,5100000.0,415774912.0,4,-16.7,2026-08-19,active
STT,State Street Corporation,US,NYSE,NYSE,SP500,N,0,,Finance,Major Banks,185.81,288000000.0,51429662720.0,3,-4.8,2026-08-19,active
STTK,"Shattuck Labs, Inc.",US,NASDAQ,NASDAQ Global Select,,N,0,,Health Care,Biotechnology: Pharmaceutical Preparations,7.66,6630000.0,747706240.0,5,-8.04,2026-08-19,active
STX,Seagate Technology Holdings PLC,US,NASDAQ,NASDAQ Global Select,SP500+NDX,Y,1,SEAGATE23,Technology,Electronic Components,832.56,4620000000.0,204814106624.0,6,-27.2,2026-08-19,active
STZ,"Constellation Brands, Inc.",US,NYSE,NYSE,SP500,N,0,,Consumer Staples,Beverages (Production/Distribution),133.52,235000000.0,22300215296.0,8,-20.3,2026-08-19,active
SUI,"Sun Communities, Inc.",US,NYSE,NYSE,,N,0,,Real Estate,Real Estate Investment Trusts,122.06,230000000.0,15183803392.0,1,-10.7,2026-08-19,active
SUNE,SUNation Energy Inc.,US,NASDAQ,NASDAQ Capital Market,,N,0,,Utilities,Telecommunications Equipment,2.22,368000.0,10431623.0,8,-76.5,2026-08-19,active
SUPN,"Supernus Pharmaceuticals, Inc.",US,NASDAQ,NASDAQ Global,SP600,N,0,,Health Care,Biotechnology: Pharmaceutical Preparations,48.54,47500000.0,2784502016.0,5,-18.7,2026-08-19,active
SVC,Service Properties Trust,US,NASDAQ,NASDAQ Global Select,,N,0,,Real Estate,Real Estate Investment Trusts,8.0,13100000.0,1036075904.0,4,-10.8,2026-08-19,active
SVCO,"Silvaco Group, Inc.",US,NASDAQ,NASDAQ Global Select,,N,0,,Technology,Computer Software: Prepackaged Software,6.67,3330000.0,230423168.0,7,-53.6,2026-08-19,active
SVRA,Savara Inc.,US,NASDAQ,NASDAQ Global Select,,N,0,,Health Care,Biotechnology: Pharmaceutical Preparations,5.58,8430000.0,1082774272.0,3,-20.3,2026-08-19,active
SW,Smurfit WestRock plc,US,NYSE,NYSE,SP500,N,0,,Consumer Discretionary,Containers/Packaging,48.71,247000000.0,26236637184.0,5,-6.31,2026-08-19,active
SWBI,"Smith & Wesson Brands, Inc.",US,NASDAQ,NASDAQ Global Select,,N,0,,Industrials,Ordnance And Accessories,14.12,5760000.0,633136256.0,6,-19.6,2026-08-19,active
SWIM,"Latham Group, Inc.",US,NASDAQ,NASDAQ Global Select,,N,0,,Industrials,Plastic Products,7.19,6520000.0,889404416.0,5,-19.8,2026-08-19,active
SWK,"Stanley Black & Decker, Inc.",US,NYSE,NYSE,SP500,N,0,,Consumer Discretionary,Industrial Machinery/Components,99.8,214000000.0,15414267904.0,4,-4.66,2026-08-19,active
SWKS,"Skyworks Solutions, Inc.",US,NASDAQ,NASDAQ Global Select,SP500,N,0,,Technology,Semiconductors,68.48,378000000.0,10496982016.0,5,-22.2,2026-08-19,active
SWMR,"Swarmer, Inc",US,NASDAQ,NASDAQ Capital Market,,N,0,,Technology,Computer Software: Prepackaged Software,45.2,11200000.0,538908288.0,3,-45.7,2026-08-19,active
SYBT,"Stock Yards Bancorp, Inc.",US,NASDAQ,NASDAQ Global Select,,N,0,,Finance,Major Banks,81.94,15100000.0,2641401344.0,3,-8.16,2026-08-19,active
SYF,Synchrony Financial,US,NYSE,NYSE,SP500,N,0,,Finance,Finance: Consumer Services,79.62,239000000.0,26273695744.0,5,-9.58,2026-08-19,active
SYK,Stryker Corporation,US,NYSE,NYSE,SP500,N,0,,Health Care,Medical/Dental Instruments,339.98,807000000.0,132643397632.0,2,-13.7,2026-08-19,active
SYM,Symbotic Inc.,US,NASDAQ,NASDAQ Global,,Y,2,SYM23 SYM03,Industrials,Industrial Machinery/Components,42.02,75600000.0,24493060096.0,8,-52.2,2026-08-19,active
SYNA,Synaptics Incorporated,US,NASDAQ,NASDAQ Global Select,SP400,N,0,,Technology,Semiconductors,100.98,67800000.0,4303332352.0,6,-32.3,2026-08-19,active
SYRE,"Spyre Therapeutics, Inc.",US,NASDAQ,NASDAQ Global Select,,N,0,,Health Care,Biotechnology: Pharmaceutical Preparations,108.92,84900000.0,9178006528.0,5,-1.14,2026-08-19,active
SYY,Sysco Corporation,US,NYSE,NYSE,SP500,N,0,,Consumer Discretionary,Food Distributors,82.46,298000000.0,40135454720.0,3,-9.55,2026-08-19,active
T,AT&T Inc.,US,NYSE,NYSE,SP500,N,0,,Telecommunications,Telecommunications Equipment,25.12,1230000000.0,157330767872.0,2,-12.6,2026-08-19,active
TALK,"Talkspace, Inc.",US,,,,N,0,,Health Care,Medical/Nursing Services,5.25,8080000.0,870574976.0,5,0.0,2026-08-18,ไม่พบใน SymDir · ข้อมูลค้าง
TAP,Molson Coors Beverage Company,US,NYSE,NYSE,SP500,N,0,,Consumer Staples,Beverages (Production/Distribution),42.49,122000000.0,7853439488.0,1,-20.8,2026-08-19,active
TARA,"Protara Therapeutics, Inc.",US,NASDAQ,NASDAQ Global,,N,0,,Health Care,Biotechnology: Biological Products (No Diagnostic Substances),3.96,1540000.0,234609088.0,8,-49.4,2026-08-19,active
TARS,"Tarsus Pharmaceuticals, Inc.",US,NASDAQ,NASDAQ Global Select,,N,0,,Health Care,Biotechnology: Biological Products (No Diagnostic Substances),73.44,47800000.0,3072467968.0,5,-13.9,2026-08-19,active
TASK,"TaskUs, Inc.",US,NASDAQ,NASDAQ Global Select,,N,0,,Technology,EDP Services,8.08,6820000.0,634474240.0,2,-32.6,2026-08-19,active
TATT,TAT Technologies Ltd.,US,NASDAQ,NASDAQ Global,,N,0,,Industrials,Aerospace,38.5,8170000.0,508097184.0,8,-40.3,2026-08-19,active
TBBK,"The Bancorp, Inc.",US,NASDAQ,NASDAQ Global Select,SP600,N,0,,Finance,Major Banks,67.91,28900000.0,2842024704.0,3,-16.8,2026-08-19,active
TBCH,Turtle Beach Corporation,US,NASDAQ,NASDAQ Global,,N,0,,Telecommunications,Telecommunications Equipment,12.34,4360000.0,228348832.0,8,-29.0,2026-08-19,active
TBLA,Taboola.com Ltd.,US,NASDAQ,NASDAQ Global Select,,N,0,,Technology,Computer Software: Programming Data Processing,3.86,13600000.0,1064412288.0,7,-32.4,2026-08-19,active
TBPH,"Theravance Biopharma, Inc.",US,NASDAQ,NASDAQ Global,,N,0,,Health Care,Biotechnology: Pharmaceutical Preparations,16.99,9440000.0,882099584.0,5,-19.2,2026-08-19,active
TBRG,"TruBridge, Inc.",US,,,,N,0,,Technology,EDP Services,26.24,6760000.0,393577312.0,5,-1.02,2026-07-13,ไม่พบใน SymDir · ข้อมูลค้าง
TCBI,"Texas Capital Bancshares, Inc.",US,NASDAQ,NASDAQ Global Select,SP400,N,0,,Finance,Major Banks,98.2,44000000.0,4362652672.0,6,-9.66,2026-08-19,active
TCBK,TriCo Bancshares,US,NASDAQ,NASDAQ Global Select,,N,0,,Finance,Major Banks,55.79,16000000.0,1855662848.0,6,-9.59,2026-08-19,active
TCMD,"Tactile Systems Technology, Inc.",US,NASDAQ,NASDAQ Global,,N,0,,Health Care,Medical/Dental Instruments,23.6,9350000.0,557019712.0,7,-37.5,2026-08-19,active
TCOM,Trip.com Group Limited,US,NASDAQ,NASDAQ Global Select,,Y,2,TRIPCOM23 TRIPCOM80,Consumer Discretionary,Business Services,46.51,131000000.0,28701964288.0,1,-41.1,2026-08-19,active
TCPC,BlackRock TCP Capital Corp.,US,NASDAQ,NASDAQ Global Select,,N,0,,Finance,Finance/Investors Services,4.09,3190000.0,343162368.0,1,-32.6,2026-08-19,active
TDG,Transdigm Group Inc.,US,NYSE,NYSE,SP500,N,0,,Industrials,Military/Government/Technical,1222.91,531000000.0,67598217216.0,8,-16.4,2026-08-19,active
TDIC,Dreamland Limited,US,NASDAQ,NASDAQ Capital Market,,N,0,,Consumer Discretionary,Other Consumer Services,2.64,608000.0,4189344.0,8,-93.3,2026-08-19,active
TDUP,ThredUp Inc.,US,NASDAQ,NASDAQ Global Select,,N,0,,Consumer Discretionary,Catalog/Specialty Distribution,2.95,12800000.0,375614208.0,8,-76.0,2026-08-19,active
TDY,Teledyne Technologies Incorporated,US,NYSE,NYSE,SP500,N,0,,Industrials,Industrial Machinery/Components,648.63,219000000.0,31227961344.0,6,-7.03,2026-08-19,active
TEAM,Atlassian Corporation,US,NASDAQ,NASDAQ Global Select,,N,0,,Technology,Computer Software: Prepackaged Software,174.23,746000000.0,42120388608.0,2,-5.31,2026-08-19,active
TECH,Bio-Techne Corp,US,NASDAQ,NASDAQ Global Select,SP500,N,0,,Health Care,Biotechnology: Biological Products (No Diagnostic Substances),72.48,252000000.0,11279133696.0,5,-0.193,2026-08-19,active
TECX,"Tectonic Therapeutic, Inc.",US,NASDAQ,NASDAQ Global,,N,0,,Health Care,Biotechnology: Biological Products (No Diagnostic Substances),37.04,6510000.0,715702272.0,5,-6.3,2026-08-19,active
TEL,TE Connectivity plc,US,NYSE,NYSE,SP500,Y,2,TEL23 TEL80,Technology,Electronic Components,203.57,468000000.0,62934384640.0,8,-19.1,2026-08-19,active
TEM,"Tempus AI, Inc.",US,NASDAQ,NASDAQ Global Select,,N,0,,Technology,Computer Software: Programming Data Processing,61.25,279000000.0,9853542400.0,2,-41.3,2026-08-19,active
TENB,"Tenable Holdings, Inc.",US,NASDAQ,NASDAQ Global Select,,N,0,,Technology,Computer Software: Prepackaged Software,35.28,108000000.0,3885738496.0,3,-19.2,2026-08-19,active
TENX,"Tenax Therapeutics, Inc.",US,NASDAQ,NASDAQ Capital Market,,N,0,,Health Care,Biotechnology: Pharmaceutical Preparations,1.9,27700000.0,64369136.0,8,-90.2,2026-08-19,active
TER,"Teradyne, Inc.",US,NASDAQ,NASDAQ Global Select,SP500+NDX,Y,3,TER01 TER23 TER80,Industrials,Electrical Products,379.65,1340000000.0,59354767360.0,3,-22.2,2026-08-19,active
TFC,Truist Financial Corporation,US,NYSE,NYSE,SP500,N,0,,Finance,Major Banks,50.97,335000000.0,64868352000.0,6,-7.42,2026-08-19,active
TFSL,TFS Financial Corporation,US,NASDAQ,NASDAQ Global Select,,N,0,,Finance,Savings Institutions,17.31,18300000.0,4893726208.0,6,-11.2,2026-08-19,active
TGHL,The Growhub Limited,US,NASDAQ,NASDAQ Capital Market,,N,0,,Technology,EDP Services,0.6856,1350000.0,25231504.0,8,-83.9,2026-08-19,active
TGT,Target Corporation,US,NYSE,NYSE,SP500,N,0,,Consumer Discretionary,Department/Specialty Retail Stores,159.0,611000000.0,70163439616.0,5,-1.84,2026-08-19,active
TGTX,"TG Therapeutics, Inc.",US,NASDAQ,NASDAQ Capital Market,SP600,N,0,,Health Care,Biotechnology: Pharmaceutical Preparations,51.69,113000000.0,7461294080.0,4,-12.8,2026-08-19,active
TH,Target Hospitality Corp.,US,NASDAQ,NASDAQ Capital Market,,N,0,,Consumer Discretionary,Hotels/Resorts,17.04,18700000.0,1620873216.0,3,-18.3,2026-08-19,active
THC,Tenet Healthcare Corporation,US,NYSE,NYSE,SP400,N,0,,Health Care,Hospital/Nursing Management,268.52,298000000.0,21302106112.0,5,-3.32,2026-08-19,active
THFF,First Financial Corporation,US,NASDAQ,NASDAQ Global Select,,N,0,,Finance,Major Banks,78.82,7510000.0,970497664.0,3,-6.36,2026-08-19,active
THRM,Gentherm Incorporated,US,NASDAQ,NASDAQ Global Select,SP600,N,0,,Consumer Discretionary,Auto Parts:O.E.M.,41.61,23700000.0,1293917440.0,4,-13.9,2026-08-19,active
THRY,"Thryv Holdings, Inc.",US,NASDAQ,NASDAQ Capital Market,,N,0,,Consumer Discretionary,Advertising,2.09,2710000.0,88211640.0,8,-85.0,2026-08-19,active
TIGO,Millicom International Cellular S.A.,US,NASDAQ,NASDAQ Global Select,,N,0,,Telecommunications,Telecommunications Equipment,88.75,139000000.0,15746291712.0,6,-17.2,2026-08-19,active
TIGR,UP Fintech Holding Limited,US,NASDAQ,NASDAQ Global Select,,N,0,,Finance,Investment Bankers/Brokers/Service,4.84,9340000.0,854189184.0,8,-64.3,2026-08-19,active
TILE,"Interface, Inc.",US,NASDAQ,NASDAQ Global Select,SP600,N,0,,Consumer Discretionary,Home Furnishings,39.32,16100000.0,2226473728.0,5,-2.91,2026-08-19,active
TIPT,Tiptree Inc.,US,NASDAQ,NASDAQ Capital Market,,N,0,,Finance,Property-Casualty Insurers,18.29,3990000.0,672176384.0,2,-32.6,2026-08-19,active
TITN,Titan Machinery Inc.,US,NASDAQ,NASDAQ Global Select,,N,0,,Consumer Discretionary,Other Specialty Stores,17.78,3520000.0,430624288.0,7,-28.9,2026-08-19,active
TJX,"TJX Companies, Inc. (The)",US,NYSE,NYSE,SP500,N,0,,Consumer Discretionary,Clothing/Shoe/Accessory Stores,144.5,844000000.0,168588935168.0,7,-15.0,2026-08-19,active
TKO,"TKO Group Holdings, Inc.",US,NYSE,NYSE,SP500,N,0,,Consumer Discretionary,Services-Misc. Amusement & Recreation,201.69,207000000.0,37793374208.0,5,-10.4,2026-08-19,active
TLN,Talen Energy Corporation,US,NASDAQ,NASDAQ Global Select,SP400,N,0,,Utilities,Electric Utilities: Central,322.35,294000000.0,17492060160.0,7,-28.6,2026-08-19,active
TLRY,"Tilray Brands, Inc.",US,NASDAQ,NASDAQ Global Select,,N,0,,Health Care,Medicinal Chemicals and Botanical Products,4.83,21900000.0,616362496.0,1,-79.2,2026-08-19,active
TLS,Telos Corporation,US,NASDAQ,NASDAQ Global,,N,0,,Technology,EDP Services,4.43,2030000.0,328094496.0,8,-47.0,2026-08-19,active
TM,Toyota Motor Corporation,US,NYSE,NYSE,,Y,1,TOYOTA80,Consumer Discretionary,Motor Vehicles,190.55,90700000.0,220175242955.2,,-23.4,2026-08-19,active
TMC,TMC the metals company Inc.,US,NASDAQ,NASDAQ Global Select,,N,0,,Basic Materials,Metal Mining,3.97,20900000.0,2269006336.0,8,-65.0,2026-08-19,active
TMDX,"TransMedics Group, Inc.",US,NASDAQ,NASDAQ Global,SP600,N,0,,Health Care,Biotechnology: Electromedical & Electrotherapeutic Apparatus,93.97,80600000.0,3071524352.0,1,-39.8,2026-08-19,active
TME,Tencent Music Entertainment Group,US,NYSE,NYSE,,Y,1,TME23,Technology,Internet Software/Services,8.66,84000000.0,12517310537.5,,-67.5,2026-08-19,active
TMO,Thermo Fisher Scientific Inc,US,NYSE,NYSE,SP500,N,0,,Industrials,Industrial Machinery/Components,613.54,1210000000.0,219629895680.0,5,-4.54,2026-08-19,active
TMUS,"T-Mobile US, Inc.",US,NASDAQ,NASDAQ Global Select,SP500+NDX,N,0,,Telecommunications,Telecommunications Equipment,182.36,888000000.0,190002331648.0,8,-29.0,2026-08-19,active
TNDM,"Tandem Diabetes Care, Inc.",US,NASDAQ,NASDAQ Global,SP600,N,0,,Health Care,Medical/Dental Instruments,23.46,46500000.0,1609355392.0,5,-20.9,2026-08-19,active
TNGX,"Tango Therapeutics, Inc.",US,NASDAQ,NASDAQ Global,,N,0,,Health Care,Biotechnology: Pharmaceutical Preparations,25.2,60600000.0,4316425728.0,6,-26.7,2026-08-19,active
TNXP,Tonix Pharmaceuticals Holding Corp.,US,NASDAQ,NASDAQ Global Select,,N,0,,Health Care,Biotechnology: Pharmaceutical Preparations,12.73,5390000.0,196709488.0,1,-67.7,2026-08-19,active
TOI,"The Oncology Institute, Inc.",US,,,,N,0,,Health Care,Medical/Nursing Services,6.2,10200000.0,512912480.0,5,-12.1,2026-08-11,ไม่พบใน SymDir · ข้อมูลค้าง
TOST,"Toast, Inc.",US,NYSE,NYSE,SP400,N,0,,Technology,EDP Services,35.16,342000000.0,19686680576.0,5,-23.0,2026-08-19,active
TOWN,TowneBank,US,NASDAQ,NASDAQ Global Select,,N,0,,Finance,Major Banks,37.28,23200000.0,3495977472.0,3,-4.48,2026-08-19,active
TOYO,"TOYO Co., Ltd.",US,NASDAQ,NASDAQ Capital Market,,N,0,,Consumer Discretionary,Miscellaneous manufacturing industries,4.335,4620000.0,241789232.0,8,-75.1,2026-08-19,active
TPG,TPG Inc.,US,NASDAQ,NASDAQ Global Select,,N,0,,Finance,Investment Managers,53.18,163000000.0,20380084224.0,2,-22.4,2026-08-19,active
TPL,Texas Pacific Land Corporation,US,NYSE,NYSE,SP500,N,0,,Energy,Oil & Gas Production,373.18,136000000.0,23936972800.0,8,-31.6,2026-08-19,active
TPR,"Tapestry, Inc.",US,NYSE,NYSE,SP500,N,0,,Consumer Discretionary,Apparel,131.72,421000000.0,26059726848.0,7,-20.1,2026-08-19,active
TRDA,"Entrada Therapeutics, Inc.",US,NASDAQ,NASDAQ Global,,N,0,,Health Care,Biotechnology: Pharmaceutical Preparations,7.78,2740000.0,302927296.0,1,-52.7,2026-08-19,active
TREE,"LendingTree, Inc.",US,NASDAQ,NASDAQ Global Select,,N,0,,Finance,Finance: Consumer Services,31.22,16300000.0,444211712.0,8,-59.6,2026-08-19,active
TRGP,"Targa Resources, Inc.",US,NYSE,NYSE,SP500,N,0,,Utilities,Natural Gas Distribution,297.09,331000000.0,57227354112.0,5,-2.62,2026-08-19,active
TRI,Thomson Reuters Corp,US,NASDAQ,NASDAQ Global Select,NDX,N,0,,Consumer Discretionary,Publishing,104.95,244000000.0,45211316224.0,1,-39.6,2026-08-19,active
TRIN,Trinity Capital Inc.,US,NYSE,NYSE,,N,0,,Finance,Finance: Consumer Services,18.13,19400000.0,1629662976.0,5,-1.43,2026-08-19,active
TRIP,"Tripadvisor, Inc.",US,NASDAQ,NASDAQ Global Select,SP600,N,0,,Technology,Computer Software: Programming Data Processing,10.4,44600000.0,1249718912.0,8,-48.4,2026-08-19,active
TRMB,Trimble Inc.,US,NASDAQ,NASDAQ Global Select,SP500,N,0,,Industrials,Industrial Machinery/Components,59.25,162000000.0,13135834112.0,1,-29.8,2026-08-19,active
TRMD,TORM plc,US,NASDAQ,NASDAQ Global Select,,N,0,,Consumer Discretionary,Marine Transportation,30.97,13300000.0,3170309632.0,5,-10.3,2026-08-19,active
TRMK,Trustmark Corporation,US,NASDAQ,NASDAQ Global Select,SP600,N,0,,Finance,Major Banks,46.51,19400000.0,2708076544.0,6,-5.08,2026-08-19,active
TRNO,Terreno Realty Corporation,US,NYSE,NYSE,SP600,N,0,,Finance,Real Estate,68.59,46500000.0,7433954816.0,6,-13.1,2026-08-19,active
TRNS,"Transcat, Inc.",US,NASDAQ,NASDAQ Global,,N,0,,Industrials,Electrical Products,91.77,13400000.0,878324800.0,4,-8.23,2026-08-19,active
TROW,"T. Rowe Price Group, Inc.",US,NASDAQ,NASDAQ Global Select,SP500,N,0,,Finance,Investment Bankers/Brokers/Service,112.23,217000000.0,23533004800.0,3,-8.01,2026-08-19,active
TRS,TriMas Corporation,US,NASDAQ,NASDAQ Global Select,,N,0,,Industrials,Industrial Specialties,38.53,18100000.0,1396928512.0,6,-15.2,2026-08-19,active
TRST,TrustCo Bank Corp NY,US,NASDAQ,NASDAQ Global Select,SP600,N,0,,Finance,Major Banks,56.5,6880000.0,938072512.0,4,-4.2,2026-08-19,active
TRU,TransUnion,US,NYSE,NYSE,SP400,N,0,,Finance,Finance: Consumer Services,83.54,176000000.0,15419968512.0,5,-12.1,2026-08-19,active
TRUP,"Trupanion, Inc.",US,NASDAQ,NASDAQ Global,SP600,N,0,,Health Care,Medical Specialities,31.1,16500000.0,1334786432.0,2,-36.2,2026-08-19,active
TRV,"The Travelers Companies, Inc.",US,NYSE,NYSE,SP500+DOW30,Y,1,TRVUS06,Finance,Property-Casualty Insurers,362.22,730000000.0,77206134784.0,3,-9.15,2026-08-19,active
TRVI,"Trevi Therapeutics, Inc.",US,NASDAQ,NASDAQ Global,,N,0,,Health Care,Biotechnology: Pharmaceutical Preparations,18.81,29900000.0,2632953344.0,5,-6.97,2026-08-19,active
TSAT,Telesat Corporation,US,NASDAQ,NASDAQ Global Select,,N,0,,Industrials,Metal Fabrications,46.09,14100000.0,2597185280.0,6,-25.1,2026-08-19,active
TSCO,Tractor Supply Company,US,NASDAQ,NASDAQ Global Select,SP500,N,0,,Consumer Discretionary,RETAIL: Building Materials,35.44,425000000.0,18668869632.0,1,-42.7,2026-08-19,active
TSEM,Tower Semiconductor Ltd.,US,NASDAQ,NASDAQ Global Select,,Y,2,TSEMI03 TSEMI23,Technology,Semiconductors,226.46,486000000.0,30007535616.0,6,-29.2,2026-08-19,active
TSHA,"Taysha Gene Therapies, Inc.",US,NASDAQ,NASDAQ Global Select,,N,0,,Health Care,Biotechnology: Biological Products (No Diagnostic Substances),6.43,15900000.0,1919571584.0,5,-11.9,2026-08-19,active
TSLA,"Tesla, Inc.",US,NASDAQ,NASDAQ Global Select,SP500+NDX,Y,4,TSLA01 TSLA03 TSLA23 TSLA80,Industrials,Auto Manufacturing,351.12,12700000000.0,1351811596288.0,8,-29.6,2026-08-19,active
TSN,"Tyson Foods, Inc.",US,NYSE,NYSE,SP500,N,0,,Consumer Staples,Meat/Poultry/Fish,58.55,192000000.0,19838087168.0,8,-15.0,2026-08-19,active
TSSI,"TSS, Inc.",US,NASDAQ,NASDAQ Capital Market,,N,0,,Consumer Discretionary,Professional Services,9.14,9700000.0,325377152.0,8,-58.0,2026-08-19,active
TT,Trane Technologies plc,US,NYSE,NYSE,SP500,N,0,,Industrials,Auto Parts:O.E.M.,455.48,540000000.0,105102876672.0,6,-9.96,2026-08-19,active
TTAN,"ServiceTitan, Inc.",US,NASDAQ,NASDAQ Global Select,,N,0,,Technology,Computer Software: Prepackaged Software,95.02,108000000.0,8691673088.0,2,-20.8,2026-08-19,active
TTD,"The Trade Desk, Inc.",US,NASDAQ,NASDAQ Global,SP500,N,0,,Technology,Computer Software: Programming Data Processing,13.54,489000000.0,6291696128.0,8,-76.0,2026-08-19,active
TTEK,"Tetra Tech, Inc.",US,NASDAQ,NASDAQ Global Select,SP400,N,0,,Consumer Discretionary,Military/Government/Technical,36.6,106000000.0,9371226112.0,5,-14.8,2026-08-19,active
TTMI,"TTM Technologies, Inc.",US,NASDAQ,NASDAQ Global Select,SP400,N,0,,Technology,Electrical Products,116.38,419000000.0,14748840960.0,7,-48.0,2026-08-19,active
TTWO,"Take-Two Interactive Software, Inc.",US,NASDAQ,NASDAQ Global Select,SP500+NDX,N,0,,Consumer Discretionary,Services-Misc. Amusement & Recreation,237.04,539000000.0,45324058624.0,6,-10.9,2026-08-19,active
TVTX,"Travere Therapeutics, Inc.",US,NASDAQ,NASDAQ Global,,N,0,,Health Care,Biotechnology: Pharmaceutical Preparations,65.96,104000000.0,5857383424.0,5,-0.423,2026-08-19,active
TW,Tradeweb Markets Inc.,US,NASDAQ,NASDAQ Global Select,,N,0,,Finance,Investment Bankers/Brokers/Service,103.3,166000000.0,22961643520.0,1,-20.8,2026-08-19,active
TWFG,"TWFG, Inc.",US,NASDAQ,NASDAQ Global Select,,N,0,,Finance,Specialty Insurers,27.46,4270000.0,1455074304.0,5,-8.44,2026-08-19,active
TWST,Twist Bioscience Corporation,US,NASDAQ,NASDAQ Global Select,,N,0,,Health Care,Biotechnology: Biological Products (No Diagnostic Substances),142.39,186000000.0,8928910336.0,5,-0.315,2026-08-19,active
TXG,"10x Genomics, Inc.",US,NASDAQ,NASDAQ Global Select,,N,0,,Industrials,Biotechnology: Laboratory Analytical Instruments,62.19,161000000.0,7248097792.0,5,-0.273,2026-08-19,active
TXN,Texas Instruments Incorporated,US,NASDAQ,NASDAQ Global Select,SP500+NDX,N,0,,Technology,Semiconductors,267.45,2060000000.0,258366898176.0,6,-19.9,2026-08-19,active
TXRH,"Texas Roadhouse, Inc.",US,NASDAQ,NASDAQ Global Select,SP400,N,0,,Consumer Discretionary,Restaurants,202.93,175000000.0,13417005056.0,3,-6.18,2026-08-19,active
TXT,Textron Inc.,US,NYSE,NYSE,SP500,N,0,,Industrials,Aerospace,86.29,157000000.0,15141728256.0,7,-15.0,2026-08-19,active
TYGO,"Tigo Energy, Inc.",US,NASDAQ,NASDAQ Capital Market,,N,0,,Technology,Semiconductors,1.14,2560000.0,93663928.0,8,-78.6,2026-08-19,active
TYL,"Tyler Technologies, Inc.",US,NYSE,NYSE,SP500,N,0,,Technology,Computer Software: Prepackaged Software,346.88,277000000.0,12224915456.0,1,-39.8,2026-08-19,active
TYRA,"Tyra Biosciences, Inc.",US,NASDAQ,NASDAQ Global Select,,N,0,,Health Care,Biotechnology: Pharmaceutical Preparations,26.81,18400000.0,1553987584.0,7,-34.0,2026-08-19,active
U,Unity Software Inc.,US,NYSE,NYSE,,N,0,,Technology,Computer Software: Prepackaged Software,47.11,497000000.0,20002041856.0,5,-9.66,2026-08-19,active
UAL,"United Airlines Holdings, Inc.",US,NASDAQ,NASDAQ Global Select,SP500,N,0,,Consumer Discretionary,Air Freight/Delivery Services,115.78,413000000.0,39681896448.0,6,-16.6,2026-08-19,active
UBER,"Uber Technologies, Inc.",US,NYSE,NYSE,SP500,Y,1,UBER06,Consumer Discretionary,Business Services,78.04,1530000000.0,155132428288.0,2,-23.5,2026-08-19,active
UBSI,"United Bankshares, Inc.",US,NASDAQ,NASDAQ Global Select,SP400,N,0,,Finance,Major Banks,47.69,41600000.0,6495977472.0,3,-3.89,2026-08-19,active
UCTT,"Ultra Clean Holdings, Inc.",US,NASDAQ,NASDAQ Global Select,SP600,N,0,,Technology,Semiconductors,75.01,116000000.0,3724941056.0,6,-48.0,2026-08-19,active
UDR,"UDR, Inc.",US,NYSE,NYSE,SP500,N,0,,Real Estate,Real Estate Investment Trusts,37.51,134000000.0,13625539584.0,6,-10.7,2026-08-19,active
UFCS,"United Fire Group, Inc.",US,NASDAQ,NASDAQ Global Select,SP600,N,0,,Finance,Property-Casualty Insurers,52.79,7140000.0,1356990208.0,3,-5.43,2026-08-19,active
UFPI,"UFP Industries, Inc.",US,NASDAQ,NASDAQ Global Select,SP400,N,0,,Basic Materials,Forest Products,90.42,41300000.0,5014179840.0,1,-22.8,2026-08-19,active
UFPT,"UFP Technologies, Inc.",US,NASDAQ,NASDAQ Capital Market,SP600,N,0,,Health Care,Medical/Dental Instruments,312.84,57100000.0,2488799744.0,5,-7.64,2026-08-19,active
UHS,"Universal Health Services, Inc.",US,NYSE,NYSE,SP500,N,0,,Health Care,Hospital/Nursing Management,172.33,158000000.0,10050444288.0,1,-29.8,2026-08-19,active
ULCC,"Frontier Group Holdings, Inc.",US,NASDAQ,NASDAQ Global Select,,N,0,,Consumer Discretionary,Air Freight/Delivery Services,5.99,24900000.0,1461870208.0,6,-28.7,2026-08-19,active
ULS,UL Solutions Inc.,US,NYSE,NYSE,SP400,N,0,,Health Care,Precision Instruments,76.04,84200000.0,15568368640.0,7,-29.2,2026-08-19,active
ULTA,"Ulta Beauty, Inc.",US,NASDAQ,NASDAQ Global Select,SP500,N,0,,Consumer Discretionary,Other Specialty Stores,527.85,298000000.0,21956790272.0,2,-26.2,2026-08-19,active
UMBF,UMB Financial Corporation,US,NASDAQ,NASDAQ Global Select,SP400,N,0,,Finance,Major Banks,146.1,90600000.0,11540606976.0,3,-4.71,2026-08-19,active
UNCY,"Unicycive Therapeutics, Inc.",US,NASDAQ,NASDAQ Capital Market,,N,0,,Health Care,Biotechnology: Pharmaceutical Preparations,5.58,4070000.0,150935584.0,8,-36.2,2026-08-19,active
UNH,UnitedHealth Group Incorporated,US,NYSE,NYSE,SP500+DOW30,Y,1,UNH19,Health Care,Medical Specialities,388.61,1770000000.0,360590770176.0,6,-15.8,2026-08-19,active
UNIT,Uniti Group Inc.,US,NASDAQ,NASDAQ Global Select,SP600,N,0,,Real Estate,Real Estate Investment Trusts,10.33,23800000.0,2405405952.0,6,-20.2,2026-08-19,active
UNP,Union Pacific Corporation,US,NYSE,NYSE,SP500,N,0,,Industrials,Railroads,301.8,868000000.0,174497808384.0,5,-4.49,2026-08-19,active
UNTY,"Unity Bancorp, Inc.",US,NASDAQ,NASDAQ Global,,N,0,,Finance,Major Banks,59.11,3390000.0,618622784.0,3,-5.42,2026-08-19,active
UPB,"Upstream Bio, Inc.",US,NASDAQ,NASDAQ Global Select,,N,0,,Health Care,Biotechnology: Pharmaceutical Preparations,7.515,4320000.0,391065216.0,1,-77.7,2026-08-19,active
UPBD,"Upbound Group, Inc.",US,NASDAQ,NASDAQ Global Select,SP600,N,0,,Consumer Discretionary,Diversified Commercial Services,19.5,21900000.0,1110020736.0,7,-26.1,2026-08-19,active
UPS,"United Parcel Service, Inc.",US,NYSE,NYSE,SP500,N,0,,Industrials,Trucking Freight/Courier Services,102.86,583000000.0,89791488000.0,7,-13.4,2026-08-19,active
UPST,"Upstart Holdings, Inc.",US,NASDAQ,NASDAQ Global Select,,N,0,,Finance,Finance: Consumer Services,30.6,138000000.0,2977779200.0,1,-60.2,2026-08-19,active
UPWK,Upwork Inc.,US,NASDAQ,NASDAQ Global Select,SP600,N,0,,Technology,EDP Services,8.69,38700000.0,1059805056.0,8,-62.0,2026-08-19,active
URBN,"Urban Outfitters, Inc.",US,NASDAQ,NASDAQ Global Select,SP600,N,0,,Consumer Discretionary,Clothing/Shoe/Accessory Stores,74.38,68600000.0,6563072512.0,3,-11.8,2026-08-19,active
URGN,UroGen Pharma Ltd.,US,NASDAQ,NASDAQ Global,,N,0,,Health Care,Biotechnology: Pharmaceutical Preparations,50.29,43700000.0,2383465472.0,5,-1.02,2026-08-19,active
URI,"United Rentals, Inc.",US,NYSE,NYSE,SP500,N,0,,Consumer Discretionary,Diversified Commercial Services,1117.04,544000000.0,71817248768.0,3,-5.15,2026-08-19,active
UROY,Uranium Royalty Corp.,US,NASDAQ,NASDAQ Capital Market,,N,0,,Finance,Investment Bankers/Brokers/Service,4.19,11900000.0,1539511936.0,2,-24.1,2026-08-19,active
USAR,"USA Rare Earth, Inc.",US,NASDAQ,NASDAQ Global,,Y,1,USAR03,Basic Materials,Metal Mining,18.09,205000000.0,4505296896.0,8,-58.9,2026-08-19,active
USAU,U.S. Gold Corp.,US,NASDAQ,NASDAQ Capital Market,,N,0,,Basic Materials,Metal Mining,15.66,3490000.0,258408208.0,2,-34.1,2026-08-19,active
USB,U.S. Bancorp,US,NYSE,NYSE,SP500,N,0,,Finance,Major Banks,62.82,418000000.0,101070798848.0,3,-4.93,2026-08-19,active
USLM,"United States Lime & Minerals, Inc.",US,NASDAQ,NASDAQ Global Select,SP600,N,0,,Industrials,Mining & Quarrying of Nonmetallic Minerals (No Fuels),119.44,19500000.0,3422521856.0,2,-15.5,2026-08-19,active
UTHR,United Therapeutics Corporation,US,NASDAQ,NASDAQ Global Select,SP400,N,0,,Health Care,Biotechnology: Pharmaceutical Preparations,529.14,272000000.0,21433765888.0,6,-13.2,2026-08-19,active
UVSP,Univest Financial Corporation,US,NASDAQ,NASDAQ Global Select,,N,0,,Finance,Major Banks,41.67,11800000.0,1184042368.0,6,-8.34,2026-08-19,active
UZX,Linkage Global Inc,US,NASDAQ,NASDAQ Capital Market,,N,0,,Consumer Discretionary,Catalog/Specialty Distribution,0.118,1050000.0,9920728.0,8,-96.2,2026-08-19,active
V,Visa Inc.,US,NYSE,NYSE,SP500+DOW30,Y,2,VISA06 VISA80,Consumer Discretionary,Business Services,365.54,2570000000.0,679885275136.0,5,-2.25,2026-08-19,active
VC,Visteon Corporation,US,NASDAQ,NASDAQ Global Select,SP400,N,0,,Consumer Discretionary,Auto Parts:O.E.M.,105.86,48300000.0,2817969408.0,6,-17.2,2026-08-19,active
VCEL,Vericel Corporation,US,NASDAQ,NASDAQ Global,SP600,N,0,,Health Care,Biotechnology: Biological Products (No Diagnostic Substances),43.57,21500000.0,2266404864.0,3,-11.7,2026-08-19,active
VCIG,VCI Global Limited,US,NASDAQ,NASDAQ Capital Market,,N,0,,Consumer Discretionary,Diversified Commercial Services,0.2461,451000.0,2626702.0,8,-100.0,2026-08-19,active
VCTR,"Victory Capital Holdings, Inc.",US,NASDAQ,NASDAQ Global Select,SP600,N,0,,Finance,Investment Managers,115.81,61600000.0,7123423232.0,5,-3.14,2026-08-19,active
VCYT,"Veracyte, Inc.",US,NASDAQ,NASDAQ Global,SP600,N,0,,Health Care,Medical Specialities,42.19,65600000.0,3591857664.0,7,-30.7,2026-08-19,active
VECO,Veeco Instruments Inc.,US,NASDAQ,NASDAQ Global Select,SP600,N,0,,Technology,Industrial Machinery/Components,47.42,44400000.0,3320221696.0,6,-45.3,2026-08-19,active
VEEV,Veeva Systems Inc.,US,NYSE,NYSE,SP500,N,0,,Technology,Computer Software: Prepackaged Software,251.0,386000000.0,41039675392.0,5,-19.2,2026-08-19,active
VELO,"Velo3D, Inc.",US,NASDAQ,NASDAQ Capital Market,,N,0,,Technology,Industrial Machinery/Components,13.89,23600000.0,494453440.0,8,-56.3,2026-08-19,active
VEON,VEON Ltd.,US,NASDAQ,NASDAQ Global Select,,N,0,,Telecommunications,Telecommunications Equipment,56.38,4650000.0,3927842560.0,5,-11.9,2026-08-19,active
VERA,"Vera Therapeutics, Inc.",US,NASDAQ,NASDAQ Global,,N,0,,Health Care,Biotechnology: Pharmaceutical Preparations,32.275,68900000.0,2325844224.0,8,-42.4,2026-08-19,active
VERI,"Veritone, Inc.",US,NASDAQ,NASDAQ Global,,N,0,,Technology,EDP Services,0.966,4550000.0,138502064.0,8,-89.7,2026-08-19,active
VERU,Veru Inc.,US,NASDAQ,NASDAQ Capital Market,,N,0,,Health Care,Biotechnology: Pharmaceutical Preparations,2.64,708000.0,46717876.0,1,-64.0,2026-08-19,active
VERX,"Vertex, Inc.",US,NASDAQ,NASDAQ Global,,N,0,,Technology,Computer Software: Prepackaged Software,13.52,35300000.0,1968515328.0,1,-49.1,2026-08-19,active
VIAV,Viavi Solutions Inc.,US,NASDAQ,NASDAQ Global Select,SP400,N,0,,Technology,Semiconductors,38.74,210000000.0,10634618880.0,6,-35.9,2026-08-19,active
VICI,VICI Properties Inc.,US,NYSE,NYSE,SP500,N,0,,Real Estate,Real Estate Investment Trusts,26.37,264000000.0,28705089536.0,8,-18.6,2026-08-19,active
VICR,Vicor Corporation,US,NASDAQ,NASDAQ Global Select,SP400,Y,1,VICR80,Technology,Industrial Machinery/Components,217.35,191000000.0,9722987520.0,6,-43.2,2026-08-19,active
VIR,"Vir Biotechnology, Inc.",US,NASDAQ,NASDAQ Global Select,SP600,N,0,,Health Care,Biotechnology: Biological Products (No Diagnostic Substances),9.77,13600000.0,1563555328.0,3,-16.2,2026-08-19,active
VISN,"Vistance Networks, Inc.",US,NASDAQ,NASDAQ Global Select,,N,0,,Technology,Radio And Television Broadcasting And Communications Equipment,11.2,93500000.0,2698329088.0,6,-15.3,2026-08-19,active
VITL,"Vital Farms, Inc.",US,NASDAQ,NASDAQ Global,,N,0,,Consumer Staples,Packaged Foods,10.87,18200000.0,467953536.0,8,-79.5,2026-08-19,active
VIVO,VivoPower PLC,US,NASDAQ,NASDAQ Capital Market,,N,0,,Utilities,Power Generation,4.36,2620000.0,141023552.0,3,-36.4,2026-08-19,active
VKTX,"Viking Therapeutics, Inc.",US,NASDAQ,NASDAQ Capital Market,,N,0,,Health Care,Biotechnology: Pharmaceutical Preparations,35.98,67400000.0,3842547456.0,3,-16.6,2026-08-19,active
VLGEA,"Village Super Market, Inc.",US,NASDAQ,NASDAQ Global Select,,N,0,,Consumer Staples,Food Chains,42.96,1970000.0,633846208.0,3,-10.9,2026-08-19,active
VLO,Valero Energy Corporation,US,NYSE,NYSE,SP500,N,0,,Energy,Integrated oil Companies,346.26,810000000.0,98376179712.0,5,-1.35,2026-08-19,active
VLTO,Veralto Corp,US,NYSE,NYSE,SP500,N,0,,Industrials,Electrical Products,100.1,149000000.0,23884433408.0,2,-8.74,2026-08-19,active
VLY,Valley National Bancorp,US,NASDAQ,NASDAQ Global Select,SP400,N,0,,Finance,Major Banks,14.44,95700000.0,8161979904.0,3,-5.0,2026-08-19,active
VMC,Vulcan Materials Company (Holding Company),US,NYSE,NYSE,SP500,N,0,,Industrials,Mining & Quarrying of Nonmetallic Minerals (No Fuels),276.3,290000000.0,37291466752.0,8,-16.2,2026-08-19,active
VMD,"Viemed Healthcare, Inc.",US,NASDAQ,NASDAQ Capital Market,,N,0,,Health Care,Misc Health and Biotechnology Services,8.94,4540000.0,340508736.0,7,-29.1,2026-08-19,active
VMET,Versamet Royalties Corporation,US,NASDAQ,NASDAQ Capital Market,,N,0,,Basic Materials,,10.51,2090000.0,1143798144.0,1,-29.9,2026-08-19,active
VMI,"Valmont Industries, Inc.",US,NYSE,NYSE,SP400,N,0,,Industrials,Metal Fabrications,484.33,98000000.0,9502622720.0,6,-17.2,2026-08-19,active
VNDA,Vanda Pharmaceuticals Inc.,US,NASDAQ,NASDAQ Global,,N,0,,Health Care,Biotechnology: Pharmaceutical Preparations,5.57,5350000.0,320522528.0,8,-44.0,2026-08-19,active
VNET,"VNET Group, Inc.",US,NASDAQ,NASDAQ Global Select,,N,0,,Technology,Computer Software: Programming Data Processing,6.8,34800000.0,2254757888.0,8,-53.0,2026-08-19,active
VNOM,"Viper Energy, Inc.",US,NASDAQ,NASDAQ Global Select,SP400,N,0,,Energy,Oil & Gas Production,43.88,70700000.0,21624850432.0,3,-13.0,2026-08-19,active
VOD,Vodafone Group Plc,US,NASDAQ,NASDAQ Global Select,,N,0,,Telecommunications,Telecommunications Equipment,16.17,68900000.0,37946662912.0,5,-1.64,2026-08-19,active
VOR,Vor Biopharma Inc.,US,NASDAQ,NASDAQ Global Select,,N,0,,Health Care,Biotechnology: Biological Products (No Diagnostic Substances),23.58,17700000.0,1148198784.0,5,-53.0,2026-08-19,active
VOXR,Vox Royalty Corp.,US,NASDAQ,NASDAQ Capital Market,,N,0,,Basic Materials,Precious Metals,5.4,2190000.0,368624320.0,5,-19.1,2026-08-19,active
VRAX,Virax Biolabs Group Limited,US,NASDAQ,NASDAQ Capital Market,,N,0,,Health Care,Biotechnology: In Vitro & In Vivo Diagnostic Substances,3.18,3100000.0,2295325.0,4,-75.9,2026-08-19,active
VRDN,"Viridian Therapeutics, Inc.",US,NASDAQ,NASDAQ Capital Market,,N,0,,Health Care,Medical Specialities,24.8,40800000.0,2501493248.0,2,-27.7,2026-08-19,active
VREX,Varex Imaging Corporation,US,NASDAQ,NASDAQ Global Select,,N,0,,Technology,Industrial Machinery/Components,18.46,24200000.0,779321216.0,5,-0.913,2026-08-19,active
VRNS,"Varonis Systems, Inc.",US,NASDAQ,NASDAQ Global Select,,N,0,,Technology,Computer Software: Prepackaged Software,42.28,76000000.0,4836775424.0,3,-33.8,2026-08-19,active
VRRM,Verra Mobility Corporation,US,NASDAQ,NASDAQ Capital Market,SP600,N,0,,Consumer Discretionary,Transportation Services,4.65,28700000.0,720037504.0,8,-81.8,2026-08-19,active
VRSK,"Verisk Analytics, Inc.",US,NASDAQ,NASDAQ Global Select,SP500,N,0,,Industrials,Diversified Commercial Services,186.45,321000000.0,24267589632.0,8,-31.9,2026-08-19,active
VRSN,"VeriSign, Inc.",US,NASDAQ,NASDAQ Global Select,SP500,N,0,,Technology,EDP Services,273.03,247000000.0,25695295488.0,6,-12.6,2026-08-19,active
VRT,"Vertiv Holdings, LLC",US,NYSE,NYSE,SP500,Y,3,VRT01 VRT23 VRT80,Technology,Industrial Machinery/Components,261.0,1660000000.0,113124917248.0,6,-31.3,2026-08-19,active
VRTX,Vertex Pharmaceuticals Incorporated,US,NASDAQ,NASDAQ Global Select,SP500+NDX,N,0,,Health Care,Biotechnology: Pharmaceutical Preparations,552.06,681000000.0,134245588992.0,5,-0.294,2026-08-19,active
VSA,VisionSys AI Inc.,US,NASDAQ,NASDAQ Capital Market,,N,0,,Real Estate,Other Consumer Services,3.39,836000.0,9384265.0,8,-99.8,2026-08-19,active
VSAT,"ViaSat, Inc.",US,NASDAQ,NASDAQ Global Select,SP600,N,0,,Technology,Radio And Television Broadcasting And Communications Equipment,76.67,166000000.0,11072811008.0,3,-17.6,2026-08-19,active
VSEC,VSE Corporation,US,NASDAQ,NASDAQ Global Select,SP600,N,0,,Consumer Discretionary,Military/Government/Technical,230.42,88700000.0,6053330432.0,4,-7.03,2026-08-19,active
VSECU,VSE Corporation,US,NASDAQ,NASDAQ Global Select,,N,0,,Industrials,,58.15,2760000.0,,5,-14.6,2026-08-19,active
VSME,VS MEDIA Holdings Limited,US,NASDAQ,NASDAQ Capital Market,,N,0,,Consumer Discretionary,Publishing,1.16,125000.0,3363020.0,8,-98.2,2026-08-19,active
VSNT,"Versant Media Group, Inc.",US,NASDAQ,NASDAQ Global Select,SP600,N,0,,Industrials,Broadcasting,39.26,67900000.0,5115891712.0,2,-32.8,2026-08-19,active
VST,Vistra Corp.,US,NYSE,NYSE,SP500,Y,1,VST03,Utilities,Electric Utilities: Central,142.7,679000000.0,49039659008.0,8,-34.9,2026-08-19,active
VSTM,"Verastem, Inc.",US,NASDAQ,NASDAQ Capital Market,,N,0,,Health Care,Biotechnology: Pharmaceutical Preparations,7.295,13400000.0,595907456.0,2,-35.2,2026-08-19,active
VTR,"Ventas, Inc.",US,NYSE,NYSE,SP500,N,0,,Real Estate,Real Estate Investment Trusts,91.85,318000000.0,46944849920.0,3,-9.6,2026-08-19,active
VTRS,Viatris Inc.,US,NASDAQ,NASDAQ Global Select,SP500,N,0,,Health Care,Biotechnology: Pharmaceutical Preparations,16.245,182000000.0,18423398400.0,6,-11.7,2026-08-19,active
VUZI,Vuzix Corporation,US,NASDAQ,NASDAQ Capital Market,,N,0,,Technology,Radio And Television Broadcasting And Communications Equipment,3.01,3070000.0,219537808.0,2,-46.4,2026-08-19,active
VWAV,"VisionWave Holdings, Inc.",US,NASDAQ,NASDAQ Global,,N,0,,Technology,Computer Software: Prepackaged Software,1.23,3840000.0,38614896.0,8,-92.2,2026-08-19,active
VYGR,"Voyager Therapeutics, Inc.",US,NASDAQ,NASDAQ Global Select,,N,0,,Health Care,Biotechnology: Biological Products (No Diagnostic Substances),3.41,1630000.0,198409792.0,1,-38.6,2026-08-19,active
VZ,Verizon Communications Inc.,US,NYSE,NYSE,SP500+DOW30,N,0,,Telecommunications,Telecommunications Equipment,49.36,1110000000.0,205079707648.0,5,-3.05,2026-08-19,active
W,Wayfair Inc.,US,NYSE,NYSE,,N,0,,Consumer Discretionary,Catalog/Specialty Distribution,107.8,400000000.0,14135103488.0,5,-10.2,2026-08-19,active
WAB,Westinghouse Air Brake Technologies Corporation,US,NYSE,NYSE,SP500,N,0,,Industrials,Railroads,292.23,308000000.0,50342191104.0,4,-4.7,2026-08-19,active
WABC,Westamerica Bancorporation,US,NASDAQ,NASDAQ Global Select,SP600,N,0,,Finance,Major Banks,58.1,7940000.0,1376269056.0,6,-8.66,2026-08-19,active
WAFD,"WaFd, Inc.",US,NASDAQ,NASDAQ Global Select,SP600,N,0,,Finance,Major Banks,36.72,20100000.0,2771861504.0,6,-7.01,2026-08-19,active
WASH,"Washington Trust Bancorp, Inc.",US,NASDAQ,NASDAQ Global Select,,N,0,,Finance,Major Banks,39.19,5170000.0,766596864.0,4,-3.23,2026-08-19,active
WAT,Waters Corporation,US,NYSE,NYSE,SP500,N,0,,Industrials,Biotechnology: Laboratory Analytical Instruments,415.84,352000000.0,40469266432.0,5,-1.05,2026-08-19,active
WATT,Energous Corporation,US,NASDAQ,NASDAQ Capital Market,,N,0,,Technology,Radio And Television Broadcasting And Communications Equipment,12.76,3280000.0,78650216.0,7,-65.5,2026-08-19,active
WAY,Waystar Holding Corp.,US,NASDAQ,NASDAQ Global Select,SP600,N,0,,Technology,EDP Services,24.84,68800000.0,4751525888.0,1,-40.1,2026-08-19,active
WB,Weibo Corporation,US,NASDAQ,NASDAQ Global Select,,N,0,,Technology,Computer Software: Programming Data Processing,7.49,6220000.0,1884308736.0,8,-38.1,2026-08-19,active
WBD,"Warner Bros. Discovery, Inc. - Series A",US,NASDAQ,NASDAQ Global Select,SP500+NDX,N,0,,Consumer Discretionary,Services-Misc. Amusement & Recreation,28.53,587000000.0,67868192768.0,5,-4.9,2026-08-19,active
WBTN,WEBTOON Entertainment Inc.,US,NASDAQ,NASDAQ Global Select,,N,0,,Consumer Discretionary,Publishing,8.54,3430000.0,1124366208.0,8,-62.0,2026-08-19,active
WCT,Wellchange Holdings Company Limited,US,NASDAQ,NASDAQ Capital Market,,N,0,,Technology,Computer Software: Prepackaged Software,0.91,1810000.0,4122637.0,8,-96.4,2026-08-19,active
WDAY,"Workday, Inc.",US,NASDAQ,NASDAQ Global Select,SP500+NDX,N,0,,Technology,EDP Services,198.42,929000000.0,47216386048.0,2,-20.6,2026-08-19,active
WDC,Western Digital Corporation,US,NASDAQ,NASDAQ Global Select,SP500+NDX,Y,1,WDC03,Technology,Electronic Components,462.09,4210000000.0,184753078272.0,6,-42.2,2026-08-19,active
WDFC,WD-40 Company,US,NASDAQ,NASDAQ Global Select,SP600,N,0,,Industrials,Major Chemicals,223.23,25100000.0,3120404736.0,6,-25.0,2026-08-19,active
WEC,"WEC Energy Group, Inc.",US,NYSE,NYSE,SP500,N,0,,Utilities,Power Generation,109.34,271000000.0,35934666752.0,7,-8.81,2026-08-19,active
WELL,Welltower Inc.,US,NYSE,NYSE,SP500,N,0,,Real Estate,Real Estate Investment Trusts,235.73,740000000.0,165926125568.0,4,-7.63,2026-08-19,active
WEN,The Wendy's Company,US,NASDAQ,NASDAQ Global Select,SP600,N,0,,Consumer Discretionary,Restaurants,8.93,80900000.0,1650933760.0,2,-11.9,2026-08-19,active
WERN,"Werner Enterprises, Inc.",US,NASDAQ,NASDAQ Global Select,SP600,N,0,,Industrials,Trucking Freight/Courier Services,37.96,51800000.0,2331911936.0,6,-20.1,2026-08-19,active
WEST,Westrock Coffee Company,US,NASDAQ,NASDAQ Global,,N,0,,Consumer Staples,Beverages (Production/Distribution),8.55,3380000.0,804449600.0,5,-16.1,2026-08-19,active
WFC,Wells Fargo & Company,US,NYSE,NYSE,SP500,N,0,,Finance,Major Banks,85.94,1070000000.0,259882500096.0,3,-11.2,2026-08-19,active
WFRD,Weatherford International plc,US,NASDAQ,NASDAQ Global Select,SP400,N,0,,Consumer Discretionary,Oil and Gas Field Machinery,92.26,81900000.0,6769255936.0,3,-18.5,2026-08-19,active
WGRX,"Wellgistics Health, Inc.",US,,,,N,0,,Health Care,Other Pharmaceuticals,3.03,179000.0,8847256.0,8,-96.9,2026-07-29,ไม่พบใน SymDir · ข้อมูลค้าง
WGS,GeneDx Holdings Corp.,US,NASDAQ,NASDAQ Global Select,,N,0,,Technology,Retail: Computer Software & Peripheral Equipment,79.65,58600000.0,2307966464.0,2,-53.4,2026-08-19,active
WINA,Winmark Corporation,US,NASDAQ,NASDAQ Global,SP600,N,0,,Consumer Discretionary,Other Specialty Stores,354.41,16400000.0,1241417728.0,8,-30.7,2026-08-19,active
WING,Wingstop Inc.,US,NASDAQ,NASDAQ Global Select,SP400,N,0,,Consumer Discretionary,Restaurants,120.53,174000000.0,3102926080.0,8,-64.6,2026-08-19,active
WIX,Wix.com Ltd.,US,NASDAQ,NASDAQ Global Select,,N,0,,Technology,Computer Software: Programming Data Processing,77.89,126000000.0,2791780864.0,1,-59.2,2026-08-19,active
WLDN,"Willdan Group, Inc.",US,NASDAQ,NASDAQ Global,,N,0,,Consumer Discretionary,Military/Government/Technical,84.845,21100000.0,1316052736.0,1,-38.1,2026-08-19,active
WLFC,Willis Lease Finance Corporation,US,NASDAQ,NASDAQ Global,,N,0,,Consumer Discretionary,Industrial Specialties,55.09,16400000.0,1203734272.0,8,-77.5,2026-08-19,active
WLTH,Wealthfront Corporation,US,NASDAQ,NASDAQ Global Select,,N,0,,Finance,Finance: Consumer Services,9.08,8680000.0,1365161600.0,8,-38.4,2026-08-19,active
WM,"Waste Management, Inc.",US,NYSE,NYSE,SP500,N,0,,Utilities,Environmental Services,225.08,457000000.0,89756049408.0,6,-8.93,2026-08-19,active
WMB,"Williams Companies, Inc. (The)",US,NYSE,NYSE,SP500,N,0,,Utilities,Natural Gas Distribution,73.24,456000000.0,91982192640.0,3,-7.87,2026-08-19,active
WMG,Warner Music Group Corp.,US,NASDAQ,NASDAQ Global Select,SP400,N,0,,Consumer Discretionary,Services-Misc. Amusement & Recreation,27.21,66300000.0,13417764864.0,8,-22.8,2026-08-19,active
WMS,"Advanced Drainage Systems, Inc.",US,NYSE,NYSE,SP400,N,0,,Consumer Discretionary,Containers/Packaging,146.41,104000000.0,11379421184.0,5,-18.1,2026-08-19,active
WMT,Walmart Inc.,US,NASDAQ,NASDAQ Global Select,SP500+NDX+DOW30,Y,2,WMT06 WMT80,Consumer Discretionary,Department/Specialty Retail Stores,114.3,2470000000.0,909608419328.0,8,-15.4,2026-08-19,active
WNW,Meiwu Technology Company Limited,US,NASDAQ,NASDAQ Capital Market,,N,0,,Consumer Discretionary,Catalog/Specialty Distribution,2.56,255000.0,68722528.0,8,-99.8,2026-08-19,active
WOK,WORK Medical Technology Group LTD,US,NASDAQ,NASDAQ Capital Market,,N,0,,Health Care,Medical/Dental Instruments,2.15,1160000.0,5368637.0,8,-100.0,2026-08-19,active
WOOF,"Petco Health and Wellness Company, Inc.",US,NASDAQ,NASDAQ Global Select,,N,0,,Consumer Discretionary,Other Specialty Stores,2.95,4180000.0,771026176.0,2,-29.6,2026-08-19,active
WRB,W.R. Berkley Corporation,US,NYSE,NYSE,SP500,N,0,,Finance,Property-Casualty Insurers,69.61,117000000.0,26049034240.0,6,-10.3,2026-08-19,active
WRD,WeRide Inc.,US,NASDAQ,NASDAQ Global,,N,0,,Technology,EDP Services,6.07,14600000.0,1957288960.0,8,-51.6,2026-08-19,active
WRLD,World Acceptance Corporation,US,NASDAQ,NASDAQ Global Select,SP600,N,0,,Finance,Finance: Consumer Services,184.55,23900000.0,908154304.0,6,-18.9,2026-08-19,active
WSBC,"WesBanco, Inc.",US,NASDAQ,NASDAQ Global Select,SP600,N,0,,Finance,Major Banks,41.16,35400000.0,4048187392.0,3,-4.32,2026-08-19,active
WSC,WillScot Holdings Corporation,US,NASDAQ,NASDAQ Capital Market,SP600,N,0,,Industrials,Misc Corporate Leasing Services,22.61,70800000.0,4305097216.0,7,-24.1,2026-08-19,active
WSFS,WSFS Financial Corporation,US,NASDAQ,NASDAQ Global Select,SP600,N,0,,Finance,Major Banks,79.81,31200000.0,4196344320.0,3,-3.54,2026-08-19,active
WSHP,WeShop Holdings Limited,US,NASDAQ,NASDAQ Capital Market,,N,0,,Consumer Discretionary,Other Specialty Stores,4.83,332000.0,58276152.0,8,-98.1,2026-08-19,active
WSM,"Williams-Sonoma, Inc.",US,NYSE,NYSE,SP500,N,0,,Consumer Discretionary,Home Furnishings,242.31,207000000.0,28531179520.0,4,-4.94,2026-08-19,active
WST,"West Pharmaceutical Services, Inc.",US,NYSE,NYSE,SP500,N,0,,Health Care,Medical/Dental Instruments,352.79,247000000.0,24391534592.0,5,-8.54,2026-08-19,active
WTFC,Wintrust Financial Corporation,US,NASDAQ,NASDAQ Global Select,SP400,N,0,,Finance,Major Banks,153.41,95700000.0,10968251392.0,6,-8.26,2026-08-19,active
WTS,"Watts Water Technologies, Inc.",US,NYSE,NYSE,SP400,N,0,,Industrials,Metal Fabrications,374.72,71800000.0,12858482688.0,4,-5.02,2026-08-19,active
WTW,Willis Towers Watson Public Limited Company,US,NASDAQ,NASDAQ Global Select,SP500,N,0,,Finance,Specialty Insurers,335.46,197000000.0,31603392512.0,5,-4.33,2026-08-19,active
WULF,TeraWulf Inc.,US,NASDAQ,NASDAQ Capital Market,,N,0,,Technology,EDP Services,15.5,568000000.0,7793890816.0,7,-48.1,2026-08-19,active
WVE,Wave Life Sciences Ltd.,US,NASDAQ,NASDAQ Global,,N,0,,Health Care,Biotechnology: Pharmaceutical Preparations,5.415,17800000.0,1024650496.0,8,-75.1,2026-08-19,active
WW,"WW International, Inc.",US,NASDAQ,NASDAQ Global,,N,0,,Consumer Discretionary,Other Consumer Services,14.36,3340000.0,140582576.0,8,-62.6,2026-08-19,active
WWD,"Woodward, Inc.",US,NASDAQ,NASDAQ Global Select,SP400,N,0,,Energy,Industrial Machinery/Components,359.95,250000000.0,21415919616.0,6,-20.2,2026-08-19,active
WY,Weyerhaeuser Company,US,NYSE,NYSE,SP500,N,0,,Real Estate,Real Estate Investment Trusts,24.62,136000000.0,17888667648.0,4,-9.74,2026-08-19,active
WYFI,"WhiteFiber, Inc.",US,NASDAQ,NASDAQ Capital Market,,N,0,,Finance,Finance: Consumer Services,21.38,62700000.0,830572800.0,7,-54.4,2026-08-19,active
WYNN,"Wynn Resorts, Limited",US,NASDAQ,NASDAQ Global Select,SP500,N,0,,Consumer Discretionary,Hotels/Resorts,100.1,163000000.0,10307686400.0,8,-25.3,2026-08-19,active
XEL,Xcel Energy Inc.,US,NASDAQ,NASDAQ Global Select,SP500+NDX,N,0,,Utilities,Power Generation,79.41,371000000.0,49477283840.0,3,-4.58,2026-08-19,active
XENE,Xenon Pharmaceuticals Inc.,US,NASDAQ,NASDAQ Global,,N,0,,Health Care,Biotechnology: Pharmaceutical Preparations,62.32,39800000.0,6028063744.0,3,-14.2,2026-08-19,active
XERS,"Xeris Biopharma Holdings, Inc.",US,NASDAQ,NASDAQ Global Select,,N,0,,Health Care,Biotechnology: Pharmaceutical Preparations,8.78,13800000.0,1600772224.0,5,-12.9,2026-08-19,active
XMAX,XMax Inc.,US,NASDAQ,NASDAQ Capital Market,,N,0,,Consumer Discretionary,Home Furnishings,8.89,5240000.0,573613248.0,4,-5.43,2026-08-19,active
XMTR,"Xometry, Inc.",US,NASDAQ,NASDAQ Global Select,,N,0,,Consumer Discretionary,Business Services,84.59,61900000.0,4926960640.0,6,-20.3,2026-08-19,active
XNCR,"Xencor, Inc.",US,NASDAQ,NASDAQ Global,SP600,N,0,,Health Care,Biotechnology: Pharmaceutical Preparations,27.52,24700000.0,1735408384.0,5,-0.254,2026-08-19,active
XOM,Exxon Mobil Corporation,US,NYSE,NYSE,SP500,N,0,,Energy,Integrated oil Companies,164.77,2240000000.0,658317115392.0,5,-5.96,2026-08-19,active
XOMA,XOMA Royalty Corporation,US,,,,N,0,,Health Care,Biotechnology: Pharmaceutical Preparations,40.17,19900000.0,710155008.0,6,-11.2,2026-07-21,ไม่พบใน SymDir · ข้อมูลค้าง
XOS,"Xos, Inc.",US,NASDAQ,NASDAQ Capital Market,,N,0,,Consumer Discretionary,Auto Parts:O.E.M.,2.9,29200000.0,41231772.0,5,-64.9,2026-08-19,active
XP,XP Inc.,US,NASDAQ,NASDAQ Global Select,,N,0,,Finance,Investment Bankers/Brokers/Service,16.53,66000000.0,8193778176.0,1,-27.6,2026-08-19,active
XPEL,"XPEL, Inc.",US,NASDAQ,NASDAQ Capital Market,SP600,N,0,,Industrials,Industrial Specialties,51.07,11900000.0,1352069504.0,5,-8.66,2026-08-19,active
XPEV,XPeng Inc.,US,NYSE,NYSE,,Y,1,XPENG03,Consumer Discretionary,Motor Vehicles,11.88,83000000.0,11201656753.5,,-57.9,2026-08-19,active
XPO,"XPO, Inc.",US,NYSE,NYSE,SP400,N,0,,Consumer Discretionary,Transportation Services,197.43,204000000.0,22989928448.0,6,-14.9,2026-08-19,active
XRAY,DENTSPLY SIRONA Inc.,US,NASDAQ,NASDAQ Global Select,SP400,N,0,,Health Care,Medical/Dental Instruments,11.03,62000000.0,2308517888.0,8,-25.3,2026-08-19,active
XRX,Xerox Holdings Corporation,US,NASDAQ,NASDAQ Global Select,,N,0,,Technology,Computer peripheral equipment,2.85,13200000.0,412327584.0,7,-30.8,2026-08-19,active
XTIA,"XTI Aerospace, Inc.",US,NASDAQ,NASDAQ Capital Market,,N,0,,Technology,EDP Services,1.34,897000.0,50790684.0,8,-58.0,2026-08-19,active
XYL,Xylem Inc.,US,NYSE,NYSE,SP500,N,0,,Industrials,Fluid Controls,116.21,220000000.0,27943702528.0,8,-23.9,2026-08-19,active
XYZ,"Block, Inc.",US,NYSE,NYSE,SP500,N,0,,Technology,Computer Software: Prepackaged Software,80.93,397000000.0,48622342144.0,5,-6.71,2026-08-19,active
YMAT,"J-Star Holding Co., Ltd.",US,NASDAQ,NASDAQ Capital Market,,N,0,,Consumer Discretionary,Recreational Games/Products/Toys,1.82,149000.0,7819701.0,3,-71.8,2026-08-19,active
YORW,The York Water Company,US,NASDAQ,NASDAQ Global Select,,N,0,,Utilities,Water Supply,33.84,3920000.0,528078048.0,5,-0.16,2026-08-19,active
YOU,"Clear Secure, Inc.",US,NYSE,NYSE,SP600,N,0,,Technology,Computer Software: Prepackaged Software,44.3,88500000.0,5952949248.0,7,-35.9,2026-08-19,active
YUM,"Yum! Brands, Inc.",US,NYSE,NYSE,SP500,N,0,,Consumer Discretionary,Restaurants,145.93,355000000.0,39502434304.0,8,-14.2,2026-08-19,active
YYGH,YY Group Holding Limited,US,NASDAQ,NASDAQ Capital Market,,N,0,,Consumer Discretionary,Professional Services,1.34,1040000.0,4610540.0,8,-99.0,2026-08-19,active
Z,"Zillow Group, Inc.",US,NASDAQ,NASDAQ Global Select,,N,0,,Consumer Discretionary,Business Services,36.58,139000000.0,8225926656.0,1,-61.0,2026-08-19,active
ZBH,"Zimmer Biomet Holdings, Inc.",US,NYSE,NYSE,SP500,N,0,,Health Care,Industrial Specialties,100.74,246000000.0,18730440704.0,5,-6.24,2026-08-19,active
ZBIO,"Zenas BioPharma, Inc.",US,NASDAQ,NASDAQ Global Select,,N,0,,Health Care,Biotechnology: Pharmaceutical Preparations,31.25,22300000.0,1987890048.0,5,-29.9,2026-08-19,active
ZBRA,Zebra Technologies Corporation,US,NASDAQ,NASDAQ Global Select,SP500,N,0,,Industrials,Industrial Machinery/Components,354.65,298000000.0,17900935168.0,4,-8.18,2026-08-19,active
ZD,"Ziff Davis, Inc.",US,NASDAQ,NASDAQ Global Select,SP600,N,0,,Telecommunications,Telecommunications Equipment,55.5,34700000.0,1902940032.0,5,-4.41,2026-08-19,active
ZENA,"ZenaTech, Inc.",US,NASDAQ,NASDAQ Capital Market,,N,0,,Technology,Computer Software: Prepackaged Software,2.0,11400000.0,190212176.0,1,-71.9,2026-08-19,active
ZETA,Zeta Global Holdings Corp.,US,NYSE,NYSE,,N,0,,Technology,Computer Software: Prepackaged Software,28.79,243000000.0,7240933376.0,5,-3.68,2026-08-19,active
ZG,"Zillow Group, Inc.",US,NASDAQ,NASDAQ Global Select,,N,0,,Consumer Discretionary,Business Services,37.44,51000000.0,7906603520.0,1,-58.5,2026-08-19,active
ZION,Zions Bancorporation N.A.,US,NASDAQ,NASDAQ Global Select,SP400,N,0,,Finance,Major Banks,68.29,97700000.0,10352472064.0,6,-6.89,2026-08-19,active
ZLAB,Zai Lab Limited,US,NASDAQ,NASDAQ Global,,N,0,,Health Care,Biotechnology: Pharmaceutical Preparations,26.72,27400000.0,2907695104.0,2,-26.1,2026-08-19,active
ZM,"Zoom Communications, Inc.",US,NASDAQ,NASDAQ Global Select,,N,0,,Technology,Computer Software: Programming Data Processing,107.47,300000000.0,30953592832.0,5,-6.34,2026-08-19,active
ZNTL,"Zentalis Pharmaceuticals, Inc.",US,NASDAQ,NASDAQ Global,,N,0,,Health Care,Biotechnology: Pharmaceutical Preparations,3.82,4860000.0,361646688.0,6,-45.0,2026-08-19,active
ZS,"Zscaler, Inc.",US,NASDAQ,NASDAQ Global Select,,N,0,,Technology,EDP Services,184.6,368000000.0,29689868288.0,2,-45.2,2026-08-19,active
ZTS,Zoetis Inc.,US,NYSE,NYSE,SP500,N,0,,Health Care,Biotechnology: Pharmaceutical Preparations,76.68,522000000.0,31338876928.0,8,-51.6,2026-08-19,active
ZUMZ,Zumiez Inc.,US,NASDAQ,NASDAQ Global Select,,N,0,,Consumer Discretionary,Clothing/Shoe/Accessory Stores,18.285,4740000.0,318884864.0,8,-42.3,2026-08-19,active
ZURA,Zura Bio Limited,US,NASDAQ,NASDAQ Capital Market,,N,0,,Health Care,Biotechnology: Biological Products (No Diagnostic Substances),5.84,4080000.0,553892416.0,5,-21.5,2026-08-19,active
ZVRA,"Zevra Therapeutics, Inc.",US,NASDAQ,NASDAQ Global Select,,N,0,,Health Care,Biotechnology: Pharmaceutical Preparations,12.13,15300000.0,672224384.0,3,-19.3,2026-08-19,active
ZWS,Zurn Elkay Water Solutions Corporation,US,NYSE,NYSE,SP600,N,0,,Industrials,Industrial Machinery/Components,49.59,47600000.0,8454093312.0,6,-9.84,2026-08-19,active
ZYME,Zymeworks Inc.,US,NASDAQ,NASDAQ Global Select,,N,0,,Health Care,Biotechnology: Pharmaceutical Preparations,27.21,11700000.0,1769013888.0,5,-8.54,2026-08-19,active
